Workbook
Name A11000000: #REF!
Name B11000000: #REF!
Name B1200000: #REF!
Name B9034357: #REF!
Name B9934357: #REF!
Name bizforms: "bizforms.co.kr"

Sheet 홀짝 소자배 기본
AN1: 9단위* 5분 | BK1: 10단위 | CH1: 이격수 | CT1: 15 | CW1: 15
A2: =COUNTA(B4:B56559) -> 300 | B2: 6조합 | I2: 1 | J2: 2 | K2: 3 | L2: 4 | M2: 5 | N2: 6 | P2: 홀 | Q2: 짝 | S2: 저 | T2: 고 | V2: 끝저고 | Y2: 소수 | Z2: 자연수 | AA2: 3배수 | AC2: 소 | AH2: 배 | AJ2: 1~14 | AK2: 15~30 | AL2: 31~45 | AN2: 9 | AO2: 18 | AP2: 27 | AQ2: 36 | AR2: 45 | AS2: 1 2 3 4 5 6 | BE2: =SUM(#REF!) -> #REF! | BG2: =SUM(#REF!) -> #REF! | BH2: 13하23상 | BK2: 단-10-20-30-40 | BP2: 1 2 3 4 5 6 | CB2: =SUM(#REF!) -> #REF! | CD2: =SUM(#REF!) -> #REF! | CE2: 13하23상 | CH2: 1 | CI2: 2 | CJ2: 3 | CK2: 4 | CL2: 5 | CN2: 1 | CO2: 2 | CP2: 3 | CQ2: 4 | CR2: 5 | CT2: 홀 | CU2: 짝 | CW2: 끝저고 | CZ2: 소 | DA2: 자 | DB2: 배 | DD2: 1 | DF2: 2 | DH2: 3 | DJ2: 4 | DL2: 5 | DS2: 배
B3: 1 | C3: 2 | D3: 3 | E3: 4 | F3: 5 | G3: 6
B4: 4 | C4: 7 | D4: 17 | E4: 18 | F4: 38 | G4: 44 | I4: =IF(OR(B4="",ISBLANK(B4),B4=0),0,IF(MOD(B4,2)=1,1,2)) -> 2 | J4: =IF(OR(C4="",ISBLANK(C4),C4=0),0,IF(MOD(C4,2)=1,1,2)) -> 1 | K4: =IF(OR(D4="",ISBLANK(D4),D4=0),0,IF(MOD(D4,2)=1,1,2)) -> 1 | L4: =IF(OR(E4="",ISBLANK(E4),E4=0),0,IF(MOD(E4,2)=1,1,2)) -> 2 | M4: =IF(OR(F4="",ISBLANK(F4),F4=0),0,IF(MOD(F4,2)=1,1,2)) -> 2 | N4: =IF(OR(G4="",ISBLANK(G4),G4=0),0,IF(MOD(G4,2)=1,1,2)) -> 2 | P4: {=SUMPRODUCT(--(MOD(B4:G4,2)=1))} -> 2 | Q4: =6-P4 -> 4 | S4: =COUNTIFS(B4:G4,">=1",B4:G4,"<=23") -> 4 | T4: =6-S4 -> 2 | V4: {=SUMPRODUCT(--(MOD(B4:G4,10)>=1), --(MOD(B4:G4,10)<=5))} -> 2 | W4: =6-V4 -> 4 | Y4: {=IFERROR(COUNT(_xlfn._xlws.FILTER(B4:G4, ISNUMBER(MATCH(B4:G4, {2,3,5,7,11,13,17,19,23,29,31,37,41,43}, 0)))), 0)} -> 2 | Z4: {=IFERROR(COUNT(_xlfn._xlws.FILTER(B4:G4, ISNUMBER(MATCH(B4:G4, {1,4,8,10,14,16,20,22,25,26,28,32,34,35,38,40,44}, 0)))), 0)} -> 3 | AA4: {=IFERROR(COUNT(_xlfn._xlws.FILTER(B4:G4, ISNUMBER(MATCH(B4:G4, {6,9,12,15,18,21,24,27,30,33,36,39,42,45}, 0)))), 0)} -> 1 | AJ4: =COUNTIFS(B4:G4,">=1",B4:G4,"<=14") -> 2 | AK4: =COUNTIFS(B4:G4,">=15",B4:G4,"<=31") -> 2 | AL4: =6-AK4-AJ4 -> 2 | AN4: =COUNTIFS($B4:$G4, ">=1",$B4:$G4, "<=9") -> 2 | AO4: =COUNTIFS($B4:$G4, ">=10",$B4:$G4, "<=18") -> 2 | AP4: =COUNTIFS($B4:$G4, ">=19",$B4:$G4, "<=27") -> 0 | AQ4: =COUNTIFS($B4:$G4, ">=28",$B4:$G4, "<=36") -> 0 | AR4: =COUNTIFS($B4:$G4, ">=37",$B4:$G4, "<=45") -> 2 | AS4: =#REF! -> #REF! | AT4: =#REF!*2 -> #REF! | AU4: =#REF! -> #REF! | AV4: =#REF!*2 -> #REF! | AW4: =#REF! -> #REF! | AX4: =#REF!*2 -> #REF! | AY4: =#REF! -> #REF! | AZ4: =#REF!*2 -> #REF! | BA4: =#REF! -> #REF! | BB4: =#REF!*2 -> #REF! | BC4: =#REF! -> #REF! | BD4: =#REF!*2 -> #REF! | BE4: =#REF!-#REF! -> #REF! | BF4: =#REF!-#REF! -> #REF! | BG4: =#REF!-#REF! -> #REF! | BH4: =#REF!-#REF! -> #REF! | BI4: =#REF!-#REF! -> #REF! | BK4: =COUNTIFS(B4:G4, ">=1", B4:G4, "<=9") -> 2 | BL4: =COUNTIFS(B4:G4, ">=10", B4:G4, "<=19") -> 2 | BM4: =COUNTIFS(B4:G4, ">=20", B4:G4, "<=29") -> 0 | BN4: =COUNTIFS(B4:G4, ">=30", B4:G4, "<=39") -> 1 | BO4: =COUNTIFS(B4:G4, ">=40", B4:G4, "<=45") -> 1 | BP4: =#REF! -> #REF! | BQ4: =#REF!*2 -> #REF! | BR4: =#REF! -> #REF! | BS4: =#REF!*2 -> #REF! | BT4: =#REF! -> #REF! | BU4: =#REF!*2 -> #REF! | BV4: =#REF! -> #REF! | BW4: =#REF!*2 -> #REF! | BX4: =#REF! -> #REF! | BY4: =#REF!*2 -> #REF! | BZ4: =#REF! -> #REF! | CA4: =#REF!*2 -> #REF! | CB4: =C4-B4 -> 3 | CC4: =D4-C4 -> 10 | CD4: =E4-D4 -> 1 | CE4: =F4-E4 -> 20 | CF4: =G4-F4 -> 6 | CH4: =C4-B4 -> 3 | CI4: =D4-C4 -> 10 | CJ4: =E4-D4 -> 1 | CK4: =F4-E4 -> 20 | CL4: =G4-F4 -> 6 | CN4: =IF(OR(CH4="",ISBLANK(CH4),CH4=0),0,IF(MOD(CH4,2)=1,1,2)) -> 1 | CO4: =IF(OR(CI4="",ISBLANK(CI4),CI4=0),0,IF(MOD(CI4,2)=1,1,2)) -> 2 | CP4: =IF(OR(CJ4="",ISBLANK(CJ4),CJ4=0),0,IF(MOD(CJ4,2)=1,1,2)) -> 1 | CQ4: =IF(OR(CK4="",ISBLANK(CK4),CK4=0),0,IF(MOD(CK4,2)=1,1,2)) -> 2 | CR4: =IF(OR(CL4="",ISBLANK(CL4),CL4=0),0,IF(MOD(CL4,2)=1,1,2)) -> 2 | CT4: {=SUMPRODUCT(--(MOD(CH4:CL4,2)=1))} -> 2 | CU4: =5-CT4 -> 3 | CW4: {=SUMPRODUCT(--(MOD(CH4:CL4,10)>=1), --(MOD(CH4:CL4,10)<=5))} -> 2 | CX4: =5-CW4 -> 3 | CZ4: {=IFERROR(COUNT(_xlfn._xlws.FILTER(CH4:CL4, ISNUMBER(MATCH(CH4:CL4, {2,3,5,7,11,13,17,19,23,29,31,37,41,43}, 0)))), 0)} -> 1 | DA4: {=IFERROR(COUNT(_xlfn._xlws.FILTER(CH4:CL4, ISNUMBER(MATCH(CH4:CL4, {1,4,8,10,14,16,20,22,25,26,28,32,34,35,38,40,44}, 0)))), 0)} -> 3 | DB4: {=IFERROR(COUNT(_xlfn._xlws.FILTER(CH4:CL4, ISNUMBER(MATCH(CH4:CL4, {6,9,12,15,18,21,24,27,30,33,36,39,42,45}, 0)))), 0)} -> 1 | DD4: =#REF! -> #REF! | DE4: =#REF!*2 -> #REF! | DF4: =#REF! -> #REF! | DG4: =#REF!*2 -> #REF! | DH4: =#REF! -> #REF! | DI4: =#REF!*2 -> #REF! | DJ4: =#REF! -> #REF! | DK4: =#REF!*2 -> #REF! | DL4: =#REF! -> #REF! | DM4: =#REF!*2 -> #REF!
B5: 11 | C5: 16 | D5: 25 | E5: 27 | F5: 35 | G5: 36 | I5: =IF(OR(B5="",ISBLANK(B5),B5=0),0,IF(MOD(B5,2)=1,1,2)) -> 1 | J5: =IF(OR(C5="",ISBLANK(C5),C5=0),0,IF(MOD(C5,2)=1,1,2)) -> 2 | K5: =IF(OR(D5="",ISBLANK(D5),D5=0),0,IF(MOD(D5,2)=1,1,2)) -> 1 | L5: =IF(OR(E5="",ISBLANK(E5),E5=0),0,IF(MOD(E5,2)=1,1,2)) -> 1 | M5: =IF(OR(F5="",ISBLANK(F5),F5=0),0,IF(MOD(F5,2)=1,1,2)) -> 1 | N5: =IF(OR(G5="",ISBLANK(G5),G5=0),0,IF(MOD(G5,2)=1,1,2)) -> 2 | P5: {=SUMPRODUCT(--(MOD(B5:G5,2)=1))} -> 4 | Q5: =6-P5 -> 2 | S5: =COUNTIFS(B5:G5,">=1",B5:G5,"<=23") -> 2 | T5: =6-S5 -> 4 | V5: {=SUMPRODUCT(--(MOD(B5:G5,10)>=1), --(MOD(B5:G5,10)<=5))} -> 3 | W5: =6-V5 -> 3 | Y5: {=IFERROR(COUNT(_xlfn._xlws.FILTER(B5:G5, ISNUMBER(MATCH(B5:G5, {2,3,5,7,11,13,17,19,23,29,31,37,41,43}, 0)))), 0)} -> 1 | Z5: {=IFERROR(COUNT(_xlfn._xlws.FILTER(B5:G5, ISNUMBER(MATCH(B5:G5, {1,4,8,10,14,16,20,22,25,26,28,32,34,35,38,40,44}, 0)))), 0)} -> 3 | AA5: {=IFERROR(COUNT(_xlfn._xlws.FILTER(B5:G5, ISNUMBER(MATCH(B5:G5, {6,9,12,15,18,21,24,27,30,33,36,39,42,45}, 0)))), 0)} -> 2 | AJ5: =COUNTIFS(B5:G5,">=1",B5:G5,"<=14") -> 1 | AK5: =COUNTIFS(B5:G5,">=15",B5:G5,"<=31") -> 3 | AL5: =6-AK5-AJ5 -> 2 | AN5: =COUNTIFS($B5:$G5, ">=1",$B5:$G5, "<=9") -> 0 | AO5: =COUNTIFS($B5:$G5, ">=10",$B5:$G5, "<=18") -> 2 | AP5: =COUNTIFS($B5:$G5, ">=19",$B5:$G5, "<=27") -> 2 | AQ5: =COUNTIFS($B5:$G5, ">=28",$B5:$G5, "<=36") -> 2 | AR5: =COUNTIFS($B5:$G5, ">=37",$B5:$G5, "<=45") -> 0 | AS5: =#REF! -> #REF! | AT5: =#REF!*2 -> #REF! | AU5: =#REF! -> #REF! | AV5: =#REF!*2 -> #REF! | AW5: =#REF! -> #REF! | AX5: =#REF!*2 -> #REF! | AY5: =#REF! -> #REF! | AZ5: =#REF!*2 -> #REF! | BA5: =#REF! -> #REF! | BB5: =#REF!*2 -> #REF! | BC5: =#REF! -> #REF! | BD5: =#REF!*2 -> #REF! | BE5: =#REF!-#REF! -> #REF! | BF5: =#REF!-#REF! -> #REF! | BG5: =#REF!-#REF! -> #REF! | BH5: =#REF!-#REF! -> #REF! | BI5: =#REF!-#REF! -> #REF! | BK5: =COUNTIFS(B5:G5, ">=1", B5:G5, "<=9") -> 0 | BL5: =COUNTIFS(B5:G5, ">=10", B5:G5, "<=19") -> 2 | BM5: =COUNTIFS(B5:G5, ">=20", B5:G5, "<=29") -> 2 | BN5: =COUNTIFS(B5:G5, ">=30", B5:G5, "<=39") -> 2 | BO5: =COUNTIFS(B5:G5, ">=40", B5:G5, "<=45") -> 0 | BP5: =#REF! -> #REF! | BQ5: =#REF!*2 -> #REF! | BR5: =#REF! -> #REF! | BS5: =#REF!*2 -> #REF! | BT5: =#REF! -> #REF! | BU5: =#REF!*2 -> #REF! | BV5: =#REF! -> #REF! | BW5: =#REF!*2 -> #REF! | BX5: =#REF! -> #REF! | BY5: =#REF!*2 -> #REF! | BZ5: =#REF! -> #REF! | CA5: =#REF!*2 -> #REF! | CB5: =C5-B5 -> 5 | CC5: =D5-C5 -> 9 | CD5: =E5-D5 -> 2 | CE5: =F5-E5 -> 8 | CF5: =G5-F5 -> 1 | CH5: =C5-B5 -> 5 | CI5: =D5-C5 -> 9 | CJ5: =E5-D5 -> 2 | CK5: =F5-E5 -> 8 | CL5: =G5-F5 -> 1 | CN5: =IF(OR(CH5="",ISBLANK(CH5),CH5=0),0,IF(MOD(CH5,2)=1,1,2)) -> 1 | CO5: =IF(OR(CI5="",ISBLANK(CI5),CI5=0),0,IF(MOD(CI5,2)=1,1,2)) -> 1 | CP5: =IF(OR(CJ5="",ISBLANK(CJ5),CJ5=0),0,IF(MOD(CJ5,2)=1,1,2)) -> 2 | CQ5: =IF(OR(CK5="",ISBLANK(CK5),CK5=0),0,IF(MOD(CK5,2)=1,1,2)) -> 2 | CR5: =IF(OR(CL5="",ISBLANK(CL5),CL5=0),0,IF(MOD(CL5,2)=1,1,2)) -> 1 | CT5: {=SUMPRODUCT(--(MOD(CH5:CL5,2)=1))} -> 3 | CU5: =5-CT5 -> 2 | CW5: {=SUMPRODUCT(--(MOD(CH5:CL5,10)>=1), --(MOD(CH5:CL5,10)<=5))} -> 3 | CX5: =5-CW5 -> 2 | CZ5: {=IFERROR(COUNT(_xlfn._xlws.FILTER(CH5:CL5, ISNUMBER(MATCH(CH5:CL5, {2,3,5,7,11,13,17,19,23,29,31,37,41,43}, 0)))), 0)} -> 2 | DA5: {=IFERROR(COUNT(_xlfn._xlws.FILTER(CH5:CL5, ISNUMBER(MATCH(CH5:CL5, {1,4,8,10,14,16,20,22,25,26,28,32,34,35,38,40,44}, 0)))), 0)} -> 2 | DB5: {=IFERROR(COUNT(_xlfn._xlws.FILTER(CH5:CL5, ISNUMBER(MATCH(CH5:CL5, {6,9,12,15,18,21,24,27,30,33,36,39,42,45}, 0)))), 0)} -> 1 | DD5: =#REF! -> #REF! | DE5: =#REF!*2 -> #REF! | DF5: =#REF! -> #REF! | DG5: =#REF!*2 -> #REF! | DH5: =#REF! -> #REF! | DI5: =#REF!*2 -> #REF! | DJ5: =#REF! -> #REF! | DK5: =#REF!*2 -> #REF! | DL5: =#REF! -> #REF! | DM5: =#REF!*2 -> #REF!
B6: 13 | C6: 14 | D6: 18 | E6: 21 | F6: 34 | G6: 44 | I6: =IF(OR(B6="",ISBLANK(B6),B6=0),0,IF(MOD(B6,2)=1,1,2)) -> 1 | J6: =IF(OR(C6="",ISBLANK(C6),C6=0),0,IF(MOD(C6,2)=1,1,2)) -> 2 | K6: =IF(OR(D6="",ISBLANK(D6),D6=0),0,IF(MOD(D6,2)=1,1,2)) -> 2 | L6: =IF(OR(E6="",ISBLANK(E6),E6=0),0,IF(MOD(E6,2)=1,1,2)) -> 1 | M6: =IF(OR(F6="",ISBLANK(F6),F6=0),0,IF(MOD(F6,2)=1,1,2)) -> 2 | N6: =IF(OR(G6="",ISBLANK(G6),G6=0),0,IF(MOD(G6,2)=1,1,2)) -> 2 | P6: {=SUMPRODUCT(--(MOD(B6:G6,2)=1))} -> 2 | Q6: =6-P6 -> 4 | S6: =COUNTIFS(B6:G6,">=1",B6:G6,"<=23") -> 4 | T6: =6-S6 -> 2 | V6: {=SUMPRODUCT(--(MOD(B6:G6,10)>=1), --(MOD(B6:G6,10)<=5))} -> 5 | W6: =6-V6 -> 1 | Y6: {=IFERROR(COUNT(_xlfn._xlws.FILTER(B6:G6, ISNUMBER(MATCH(B6:G6, {2,3,5,7,11,13,17,19,23,29,31,37,41,43}, 0)))), 0)} -> 1 | Z6: {=IFERROR(COUNT(_xlfn._xlws.FILTER(B6:G6, ISNUMBER(MATCH(B6:G6, {1,4,8,10,14,16,20,22,25,26,28,32,34,35,38,40,44}, 0)))), 0)} -> 3 | AA6: {=IFERROR(COUNT(_xlfn._xlws.FILTER(B6:G6, ISNUMBER(MATCH(B6:G6, {6,9,12,15,18,21,24,27,30,33,36,39,42,45}, 0)))), 0)} -> 2 | AJ6: =COUNTIFS(B6:G6,">=1",B6:G6,"<=14") -> 2 | AK6: =COUNTIFS(B6:G6,">=15",B6:G6,"<=31") -> 2 | AL6: =6-AK6-AJ6 -> 2 | AN6: =COUNTIFS($B6:$G6, ">=1",$B6:$G6, "<=9") -> 0 | AO6: =COUNTIFS($B6:$G6, ">=10",$B6:$G6, "<=18") -> 3 | AP6: =COUNTIFS($B6:$G6, ">=19",$B6:$G6, "<=27") -> 1 | AQ6: =COUNTIFS($B6:$G6, ">=28",$B6:$G6, "<=36") -> 1 | AR6: =COUNTIFS($B6:$G6, ">=37",$B6:$G6, "<=45") -> 1 | AS6: =#REF! -> #REF! | AT6: =#REF!*2 -> #REF! | AU6: =#REF! -> #REF! | AV6: =#REF!*2 -> #REF! | AW6: =#REF! -> #REF! | AX6: =#REF!*2 -> #REF! | AY6: =#REF! -> #REF! | AZ6: =#REF!*2 -> #REF! | BA6: =#REF! -> #REF! | BB6: =#REF!*2 -> #REF! | BC6: =#REF! -> #REF! | BD6: =#REF!*2 -> #REF! | BE6: =#REF!-#REF! -> #REF! | BF6: =#REF!-#REF! -> #REF! | BG6: =#REF!-#REF! -> #REF! | BH6: =#REF!-#REF! -> #REF! | BI6: =#REF!-#REF! -> #REF! | BK6: =COUNTIFS(B6:G6, ">=1", B6:G6, "<=9") -> 0 | BL6: =COUNTIFS(B6:G6, ">=10", B6:G6, "<=19") -> 3 | BM6: =COUNTIFS(B6:G6, ">=20", B6:G6, "<=29") -> 1 | BN6: =COUNTIFS(B6:G6, ">=30", B6:G6, "<=39") -> 1 | BO6: =COUNTIFS(B6:G6, ">=40", B6:G6, "<=45") -> 1 | BP6: =#REF! -> #REF! | BQ6: =#REF!*2 -> #REF! | BR6: =#REF! -> #REF! | BS6: =#REF!*2 -> #REF! | BT6: =#REF! -> #REF! | BU6: =#REF!*2 -> #REF! | BV6: =#REF! -> #REF! | BW6: =#REF!*2 -> #REF! | BX6: =#REF! -> #REF! | BY6: =#REF!*2 -> #REF! | BZ6: =#REF! -> #REF! | CA6: =#REF!*2 -> #REF! | CB6: =C6-B6 -> 1 | CC6: =D6-C6 -> 4 | CD6: =E6-D6 -> 3 | CE6: =F6-E6 -> 13 | CF6: =G6-F6 -> 10 | CH6: =C6-B6 -> 1 | CI6: =D6-C6 -> 4 | CJ6: =E6-D6 -> 3 | CK6: =F6-E6 -> 13 | CL6: =G6-F6 -> 10 | CN6: =IF(OR(CH6="",ISBLANK(CH6),CH6=0),0,IF(MOD(CH6,2)=1,1,2)) -> 1 | CO6: =IF(OR(CI6="",ISBLANK(CI6),CI6=0),0,IF(MOD(CI6,2)=1,1,2)) -> 2 | CP6: =IF(OR(CJ6="",ISBLANK(CJ6),CJ6=0),0,IF(MOD(CJ6,2)=1,1,2)) -> 1 | CQ6: =IF(OR(CK6="",ISBLANK(CK6),CK6=0),0,IF(MOD(CK6,2)=1,1,2)) -> 1 | CR6: =IF(OR(CL6="",ISBLANK(CL6),CL6=0),0,IF(MOD(CL6,2)=1,1,2)) -> 2 | CT6: {=SUMPRODUCT(--(MOD(CH6:CL6,2)=1))} -> 3 | CU6: =5-CT6 -> 2 | CW6: {=SUMPRODUCT(--(MOD(CH6:CL6,10)>=1), --(MOD(CH6:CL6,10)<=5))} -> 4 | CX6: =5-CW6 -> 1 | CZ6: {=IFERROR(COUNT(_xlfn._xlws.FILTER(CH6:CL6, ISNUMBER(MATCH(CH6:CL6, {2,3,5,7,11,13,17,19,23,29,31,37,41,43}, 0)))), 0)} -> 2 | DA6: {=IFERROR(COUNT(_xlfn._xlws.FILTER(CH6:CL6, ISNUMBER(MATCH(CH6:CL6, {1,4,8,10,14,16,20,22,25,26,28,32,34,35,38,40,44}, 0)))), 0)} -> 3 | DB6: {=IFERROR(COUNT(_xlfn._xlws.FILTER(CH6:CL6, ISNUMBER(MATCH(CH6:CL6, {6,9,12,15,18,21,24,27,30,33,36,39,42,45}, 0)))), 0)} -> 0 | DD6: =#REF! -> #REF! | DE6: =#REF!*2 -> #REF! | DF6: =#REF! -> #REF! | DG6: =#REF!*2 -> #REF! | DH6: =#REF! -> #REF! | DI6: =#REF!*2 -> #REF! | DJ6: =#REF! -> #REF! | DK6: =#REF!*2 -> #REF! | DL6: =#REF! -> #REF! | DM6: =#REF!*2 -> #REF!
B7: 11 | C7: 21 | D7: 22 | E7: 30 | F7: 39 | G7: 44 | I7: =IF(OR(B7="",ISBLANK(B7),B7=0),0,IF(MOD(B7,2)=1,1,2)) -> 1 | J7: =IF(OR(C7="",ISBLANK(C7),C7=0),0,IF(MOD(C7,2)=1,1,2)) -> 1 | K7: =IF(OR(D7="",ISBLANK(D7),D7=0),0,IF(MOD(D7,2)=1,1,2)) -> 2 | L7: =IF(OR(E7="",ISBLANK(E7),E7=0),0,IF(MOD(E7,2)=1,1,2)) -> 2 | M7: =IF(OR(F7="",ISBLANK(F7),F7=0),0,IF(MOD(F7,2)=1,1,2)) -> 1 | N7: =IF(OR(G7="",ISBLANK(G7),G7=0),0,IF(MOD(G7,2)=1,1,2)) -> 2 | P7: {=SUMPRODUCT(--(MOD(B7:G7,2)=1))} -> 3 | Q7: =6-P7 -> 3 | S7: =COUNTIFS(B7:G7,">=1",B7:G7,"<=23") -> 3 | T7: =6-S7 -> 3 | V7: {=SUMPRODUCT(--(MOD(B7:G7,10)>=1), --(MOD(B7:G7,10)<=5))} -> 4 | W7: =6-V7 -> 2 | Y7: {=IFERROR(COUNT(_xlfn._xlws.FILTER(B7:G7, ISNUMBER(MATCH(B7:G7, {2,3,5,7,11,13,17,19,23,29,31,37,41,43}, 0)))), 0)} -> 1 | Z7: {=IFERROR(COUNT(_xlfn._xlws.FILTER(B7:G7, ISNUMBER(MATCH(B7:G7, {1,4,8,10,14,16,20,22,25,26,28,32,34,35,38,40,44}, 0)))), 0)} -> 2 | AA7: {=IFERROR(COUNT(_xlfn._xlws.FILTER(B7:G7, ISNUMBER(MATCH(B7:G7, {6,9,12,15,18,21,24,27,30,33,36,39,42,45}, 0)))), 0)} -> 3 | AJ7: =COUNTIFS(B7:G7,">=1",B7:G7,"<=14") -> 1 | AK7: =COUNTIFS(B7:G7,">=15",B7:G7,"<=31") -> 3 | AL7: =6-AK7-AJ7 -> 2 | AN7: =COUNTIFS($B7:$G7, ">=1",$B7:$G7, "<=9") -> 0 | AO7: =COUNTIFS($B7:$G7, ">=10",$B7:$G7, "<=18") -> 1 | AP7: =COUNTIFS($B7:$G7, ">=19",$B7:$G7, "<=27") -> 2 | AQ7: =COUNTIFS($B7:$G7, ">=28",$B7:$G7, "<=36") -> 1 | AR7: =COUNTIFS($B7:$G7, ">=37",$B7:$G7, "<=45") -> 2 | AS7: =#REF! -> #REF! | AT7: =#REF!*2 -> #REF! | AU7: =#REF! -> #REF! | AV7: =#REF!*2 -> #REF! | AW7: =#REF! -> #REF! | AX7: =#REF!*2 -> #REF! | AY7: =#REF! -> #REF! | AZ7: =#REF!*2 -> #REF! | BA7: =#REF! -> #REF! | BB7: =#REF!*2 -> #REF! | BC7: =#REF! -> #REF! | BD7: =#REF!*2 -> #REF! | BE7: =#REF!-#REF! -> #REF! | BF7: =#REF!-#REF! -> #REF! | BG7: =#REF!-#REF! -> #REF! | BH7: =#REF!-#REF! -> #REF! | BI7: =#REF!-#REF! -> #REF! | BK7: =COUNTIFS(B7:G7, ">=1", B7:G7, "<=9") -> 0 | BL7: =COUNTIFS(B7:G7, ">=10", B7:G7, "<=19") -> 1 | BM7: =COUNTIFS(B7:G7, ">=20", B7:G7, "<=29") -> 2 | BN7: =COUNTIFS(B7:G7, ">=30", B7:G7, "<=39") -> 2 | BO7: =COUNTIFS(B7:G7, ">=40", B7:G7, "<=45") -> 1 | BP7: =#REF! -> #REF! | BQ7: =#REF!*2 -> #REF! | BR7: =#REF! -> #REF! | BS7: =#REF!*2 -> #REF! | BT7: =#REF! -> #REF! | BU7: =#REF!*2 -> #REF! | BV7: =#REF! -> #REF! | BW7: =#REF!*2 -> #REF! | BX7: =#REF! -> #REF! | BY7: =#REF!*2 -> #REF! | BZ7: =#REF! -> #REF! | CA7: =#REF!*2 -> #REF! | CB7: =C7-B7 -> 10 | CC7: =D7-C7 -> 1 | CD7: =E7-D7 -> 8 | CE7: =F7-E7 -> 9 | CF7: =G7-F7 -> 5 | CH7: =C7-B7 -> 10 | CI7: =D7-C7 -> 1 | CJ7: =E7-D7 -> 8 | CK7: =F7-E7 -> 9 | CL7: =G7-F7 -> 5 | CN7: =IF(OR(CH7="",ISBLANK(CH7),CH7=0),0,IF(MOD(CH7,2)=1,1,2)) -> 2 | CO7: =IF(OR(CI7="",ISBLANK(CI7),CI7=0),0,IF(MOD(CI7,2)=1,1,2)) -> 1 | CP7: =IF(OR(CJ7="",ISBLANK(CJ7),CJ7=0),0,IF(MOD(CJ7,2)=1,1,2)) -> 2 | CQ7: =IF(OR(CK7="",ISBLANK(CK7),CK7=0),0,IF(MOD(CK7,2)=1,1,2)) -> 1 | CR7: =IF(OR(CL7="",ISBLANK(CL7),CL7=0),0,IF(MOD(CL7,2)=1,1,2)) -> 1 | CT7: {=SUMPRODUCT(--(MOD(CH7:CL7,2)=1))} -> 3 | CU7: =5-CT7 -> 2 | CW7: {=SUMPRODUCT(--(MOD(CH7:CL7,10)>=1), --(MOD(CH7:CL7,10)<=5))} -> 2 | CX7: =5-CW7 -> 3 | CZ7: {=IFERROR(COUNT(_xlfn._xlws.FILTER(CH7:CL7, ISNUMBER(MATCH(CH7:CL7, {2,3,5,7,11,13,17,19,23,29,31,37,41,43}, 0)))), 0)} -> 1 | DA7: {=IFERROR(COUNT(_xlfn._xlws.FILTER(CH7:CL7, ISNUMBER(MATCH(CH7:CL7, {1,4,8,10,14,16,20,22,25,26,28,32,34,35,38,40,44}, 0)))), 0)} -> 3 | DB7: {=IFERROR(COUNT(_xlfn._xlws.FILTER(CH7:CL7, ISNUMBER(MATCH(CH7:CL7, {6,9,12,15,18,21,24,27,30,33,36,39,42,45}, 0)))), 0)} -> 1 | DD7: =#REF! -> #REF! | DE7: =#REF!*2 -> #REF! | DF7: =#REF! -> #REF! | DG7: =#REF!*2 -> #REF! | DH7: =#REF! -> #REF! | DI7: =#REF!*2 -> #REF! | DJ7: =#REF! -> #REF! | DK7: =#REF!*2 -> #REF! | DL7: =#REF! -> #REF! | DM7: =#REF!*2 -> #REF!
B8: 4 | C8: 18 | D8: 31 | E8: 37 | F8: 42 | G8: 43 | I8: =IF(OR(B8="",ISBLANK(B8),B8=0),0,IF(MOD(B8,2)=1,1,2)) -> 2 | J8: =IF(OR(C8="",ISBLANK(C8),C8=0),0,IF(MOD(C8,2)=1,1,2)) -> 2 | K8: =IF(OR(D8="",ISBLANK(D8),D8=0),0,IF(MOD(D8,2)=1,1,2)) -> 1 | L8: =IF(OR(E8="",ISBLANK(E8),E8=0),0,IF(MOD(E8,2)=1,1,2)) -> 1 | M8: =IF(OR(F8="",ISBLANK(F8),F8=0),0,IF(MOD(F8,2)=1,1,2)) -> 2 | N8: =IF(OR(G8="",ISBLANK(G8),G8=0),0,IF(MOD(G8,2)=1,1,2)) -> 1 | P8: {=SUMPRODUCT(--(MOD(B8:G8,2)=1))} -> 3 | Q8: =6-P8 -> 3 | S8: =COUNTIFS(B8:G8,">=1",B8:G8,"<=23") -> 2 | T8: =6-S8 -> 4 | V8: {=SUMPRODUCT(--(MOD(B8:G8,10)>=1), --(MOD(B8:G8,10)<=5))} -> 4 | W8: =6-V8 -> 2 | Y8: {=IFERROR(COUNT(_xlfn._xlws.FILTER(B8:G8, ISNUMBER(MATCH(B8:G8, {2,3,5,7,11,13,17,19,23,29,31,37,41,43}, 0)))), 0)} -> 3 | Z8: {=IFERROR(COUNT(_xlfn._xlws.FILTER(B8:G8, ISNUMBER(MATCH(B8:G8, {1,4,8,10,14,16,20,22,25,26,28,32,34,35,38,40,44}, 0)))), 0)} -> 1 | AA8: {=IFERROR(COUNT(_xlfn._xlws.FILTER(B8:G8, ISNUMBER(MATCH(B8:G8, {6,9,12,15,18,21,24,27,30,33,36,39,42,45}, 0)))), 0)} -> 2 | AJ8: =COUNTIFS(B8:G8,">=1",B8:G8,"<=14") -> 1 | AK8: =COUNTIFS(B8:G8,">=15",B8:G8,"<=31") -> 2 | AL8: =6-AK8-AJ8 -> 3 | AN8: =COUNTIFS($B8:$G8, ">=1",$B8:$G8, "<=9") -> 1 | AO8: =COUNTIFS($B8:$G8, ">=10",$B8:$G8, "<=18") -> 1 | AP8: =COUNTIFS($B8:$G8, ">=19",$B8:$G8, "<=27") -> 0 | AQ8: =COUNTIFS($B8:$G8, ">=28",$B8:$G8, "<=36") -> 1 | AR8: =COUNTIFS($B8:$G8, ">=37",$B8:$G8, "<=45") -> 3 | AS8: =#REF! -> #REF! | AT8: =#REF!*2 -> #REF! | AU8: =#REF! -> #REF! | AV8: =#REF!*2 -> #REF! | AW8: =#REF! -> #REF! | AX8: =#REF!*2 -> #REF! | AY8: =#REF! -> #REF! | AZ8: =#REF!*2 -> #REF! | BA8: =#REF! -> #REF! | BB8: =#REF!*2 -> #REF! | BC8: =#REF! -> #REF! | BD8: =#REF!*2 -> #REF! | BE8: =#REF!-#REF! -> #REF! | BF8: =#REF!-#REF! -> #REF! | BG8: =#REF!-#REF! -> #REF! | BH8: =#REF!-#REF! -> #REF! | BI8: =#REF!-#REF! -> #REF! | BK8: =COUNTIFS(B8:G8, ">=1", B8:G8, "<=9") -> 1 | BL8: =COUNTIFS(B8:G8, ">=10", B8:G8, "<=19") -> 1 | BM8: =COUNTIFS(B8:G8, ">=20", B8:G8, "<=29") -> 0 | BN8: =COUNTIFS(B8:G8, ">=30", B8:G8, "<=39") -> 2 | BO8: =COUNTIFS(B8:G8, ">=40", B8:G8, "<=45") -> 2 | BP8: =#REF! -> #REF! | BQ8: =#REF!*2 -> #REF! | BR8: =#REF! -> #REF! | BS8: =#REF!*2 -> #REF! | BT8: =#REF! -> #REF! | BU8: =#REF!*2 -> #REF! | BV8: =#REF! -> #REF! | BW8: =#REF!*2 -> #REF! | BX8: =#REF! -> #REF! | BY8: =#REF!*2 -> #REF! | BZ8: =#REF! -> #REF! | CA8: =#REF!*2 -> #REF! | CB8: =C8-B8 -> 14 | CC8: =D8-C8 -> 13 | CD8: =E8-D8 -> 6 | CE8: =F8-E8 -> 5 | CF8: =G8-F8 -> 1 | CH8: =C8-B8 -> 14 | CI8: =D8-C8 -> 13 | CJ8: =E8-D8 -> 6 | CK8: =F8-E8 -> 5 | CL8: =G8-F8 -> 1 | CN8: =IF(OR(CH8="",ISBLANK(CH8),CH8=0),0,IF(MOD(CH8,2)=1,1,2)) -> 2 | CO8: =IF(OR(CI8="",ISBLANK(CI8),CI8=0),0,IF(MOD(CI8,2)=1,1,2)) -> 1 | CP8: =IF(OR(CJ8="",ISBLANK(CJ8),CJ8=0),0,IF(MOD(CJ8,2)=1,1,2)) -> 2 | CQ8: =IF(OR(CK8="",ISBLANK(CK8),CK8=0),0,IF(MOD(CK8,2)=1,1,2)) -> 1 | CR8: =IF(OR(CL8="",ISBLANK(CL8),CL8=0),0,IF(MOD(CL8,2)=1,1,2)) -> 1 | CT8: {=SUMPRODUCT(--(MOD(CH8:CL8,2)=1))} -> 3 | CU8: =5-CT8 -> 2 | CW8: {=SUMPRODUCT(--(MOD(CH8:CL8,10)>=1), --(MOD(CH8:CL8,10)<=5))} -> 4 | CX8: =5-CW8 -> 1 | CZ8: {=IFERROR(COUNT(_xlfn._xlws.FILTER(CH8:CL8, ISNUMBER(MATCH(CH8:CL8, {2,3,5,7,11,13,17,19,23,29,31,37,41,43}, 0)))), 0)} -> 2 | DA8: {=IFERROR(COUNT(_xlfn._xlws.FILTER(CH8:CL8, ISNUMBER(MATCH(CH8:CL8, {1,4,8,10,14,16,20,22,25,26,28,32,34,35,38,40,44}, 0)))), 0)} -> 2 | DB8: {=IFERROR(COUNT(_xlfn._xlws.FILTER(CH8:CL8, ISNUMBER(MATCH(CH8:CL8, {6,9,12,15,18,21,24,27,30,33,36,39,42,45}, 0)))), 0)} -> 1 | DD8: =#REF! -> #REF! | DE8: =#REF!*2 -> #REF! | DF8: =#REF! -> #REF! | DG8: =#REF!*2 -> #REF! | DH8: =#REF! -> #REF! | DI8: =#REF!*2 -> #REF! | DJ8: =#REF! -> #REF! | DK8: =#REF!*2 -> #REF! | DL8: =#REF! -> #REF! | DM8: =#REF!*2 -> #REF!
B9: 12 | C9: 19 | D9: 21 | E9: 29 | F9: 40 | G9: 45 | I9: =IF(OR(B9="",ISBLANK(B9),B9=0),0,IF(MOD(B9,2)=1,1,2)) -> 2 | J9: =IF(OR(C9="",ISBLANK(C9),C9=0),0,IF(MOD(C9,2)=1,1,2)) -> 1 | K9: =IF(OR(D9="",ISBLANK(D9),D9=0),0,IF(MOD(D9,2)=1,1,2)) -> 1 | L9: =IF(OR(E9="",ISBLANK(E9),E9=0),0,IF(MOD(E9,2)=1,1,2)) -> 1 | M9: =IF(OR(F9="",ISBLANK(F9),F9=0),0,IF(MOD(F9,2)=1,1,2)) -> 2 | N9: =IF(OR(G9="",ISBLANK(G9),G9=0),0,IF(MOD(G9,2)=1,1,2)) -> 1 | P9: {=SUMPRODUCT(--(MOD(B9:G9,2)=1))} -> 4 | Q9: =6-P9 -> 2 | S9: =COUNTIFS(B9:G9,">=1",B9:G9,"<=23") -> 3 | T9: =6-S9 -> 3 | V9: {=SUMPRODUCT(--(MOD(B9:G9,10)>=1), --(MOD(B9:G9,10)<=5))} -> 3 | W9: =6-V9 -> 3 | Y9: {=IFERROR(COUNT(_xlfn._xlws.FILTER(B9:G9, ISNUMBER(MATCH(B9:G9, {2,3,5,7,11,13,17,19,23,29,31,37,41,43}, 0)))), 0)} -> 2 | Z9: {=IFERROR(COUNT(_xlfn._xlws.FILTER(B9:G9, ISNUMBER(MATCH(B9:G9, {1,4,8,10,14,16,20,22,25,26,28,32,34,35,38,40,44}, 0)))), 0)} -> 1 | AA9: {=IFERROR(COUNT(_xlfn._xlws.FILTER(B9:G9, ISNUMBER(MATCH(B9:G9, {6,9,12,15,18,21,24,27,30,33,36,39,42,45}, 0)))), 0)} -> 3 | AJ9: =COUNTIFS(B9:G9,">=1",B9:G9,"<=14") -> 1 | AK9: =COUNTIFS(B9:G9,">=15",B9:G9,"<=31") -> 3 | AL9: =6-AK9-AJ9 -> 2 | AN9: =COUNTIFS($B9:$G9, ">=1",$B9:$G9, "<=9") -> 0 | AO9: =COUNTIFS($B9:$G9, ">=10",$B9:$G9, "<=18") -> 1 | AP9: =COUNTIFS($B9:$G9, ">=19",$B9:$G9, "<=27") -> 2 | AQ9: =COUNTIFS($B9:$G9, ">=28",$B9:$G9, "<=36") -> 1 | AR9: =COUNTIFS($B9:$G9, ">=37",$B9:$G9, "<=45") -> 2 | AS9: =#REF! -> #REF! | AT9: =#REF!*2 -> #REF! | AU9: =#REF! -> #REF! | AV9: =#REF!*2 -> #REF! | AW9: =#REF! -> #REF! | AX9: =#REF!*2 -> #REF! | AY9: =#REF! -> #REF! | AZ9: =#REF!*2 -> #REF! | BA9: =#REF! -> #REF! | BB9: =#REF!*2 -> #REF! | BC9: =#REF! -> #REF! | BD9: =#REF!*2 -> #REF! | BE9: =#REF!-#REF! -> #REF! | BF9: =#REF!-#REF! -> #REF! | BG9: =#REF!-#REF! -> #REF! | BH9: =#REF!-#REF! -> #REF! | BI9: =#REF!-#REF! -> #REF! | BK9: =COUNTIFS(B9:G9, ">=1", B9:G9, "<=9") -> 0 | BL9: =COUNTIFS(B9:G9, ">=10", B9:G9, "<=19") -> 2 | BM9: =COUNTIFS(B9:G9, ">=20", B9:G9, "<=29") -> 2 | BN9: =COUNTIFS(B9:G9, ">=30", B9:G9, "<=39") -> 0 | BO9: =COUNTIFS(B9:G9, ">=40", B9:G9, "<=45") -> 2 | BP9: =#REF! -> #REF! | BQ9: =#REF!*2 -> #REF! | BR9: =#REF! -> #REF! | BS9: =#REF!*2 -> #REF! | BT9: =#REF! -> #REF! | BU9: =#REF!*2 -> #REF! | BV9: =#REF! -> #REF! | BW9: =#REF!*2 -> #REF! | BX9: =#REF! -> #REF! | BY9: =#REF!*2 -> #REF! | BZ9: =#REF! -> #REF! | CA9: =#REF!*2 -> #REF! | CB9: =C9-B9 -> 7 | CC9: =D9-C9 -> 2 | CD9: =E9-D9 -> 8 | CE9: =F9-E9 -> 11 | CF9: =G9-F9 -> 5 | CH9: =C9-B9 -> 7 | CI9: =D9-C9 -> 2 | CJ9: =E9-D9 -> 8 | CK9: =F9-E9 -> 11 | CL9: =G9-F9 -> 5 | CN9: =IF(OR(CH9="",ISBLANK(CH9),CH9=0),0,IF(MOD(CH9,2)=1,1,2)) -> 1 | CO9: =IF(OR(CI9="",ISBLANK(CI9),CI9=0),0,IF(MOD(CI9,2)=1,1,2)) -> 2 | CP9: =IF(OR(CJ9="",ISBLANK(CJ9),CJ9=0),0,IF(MOD(CJ9,2)=1,1,2)) -> 2 | CQ9: =IF(OR(CK9="",ISBLANK(CK9),CK9=0),0,IF(MOD(CK9,2)=1,1,2)) -> 1 | CR9: =IF(OR(CL9="",ISBLANK(CL9),CL9=0),0,IF(MOD(CL9,2)=1,1,2)) -> 1 | CT9: {=SUMPRODUCT(--(MOD(CH9:CL9,2)=1))} -> 3 | CU9: =5-CT9 -> 2 | CW9: {=SUMPRODUCT(--(MOD(CH9:CL9,10)>=1), --(MOD(CH9:CL9,10)<=5))} -> 3 | CX9: =5-CW9 -> 2 | CZ9: {=IFERROR(COUNT(_xlfn._xlws.FILTER(CH9:CL9, ISNUMBER(MATCH(CH9:CL9, {2,3,5,7,11,13,17,19,23,29,31,37,41,43}, 0)))), 0)} -> 4 | DA9: {=IFERROR(COUNT(_xlfn._xlws.FILTER(CH9:CL9, ISNUMBER(MATCH(CH9:CL9, {1,4,8,10,14,16,20,22,25,26,28,32,34,35,38,40,44}, 0)))), 0)} -> 1 | DB9: {=IFERROR(COUNT(_xlfn._xlws.FILTER(CH9:CL9, ISNUMBER(MATCH(CH9:CL9, {6,9,12,15,18,21,24,27,30,33,36,39,42,45}, 0)))), 0)} -> 0 | DD9: =#REF! -> #REF! | DE9: =#REF!*2 -> #REF! | DF9: =#REF! -> #REF! | DG9: =#REF!*2 -> #REF! | DH9: =#REF! -> #REF! | DI9: =#REF!*2 -> #REF! | DJ9: =#REF! -> #REF! | DK9: =#REF!*2 -> #REF! | DL9: =#REF! -> #REF! | DM9: =#REF!*2 -> #REF!
B10: 6 | C10: 20 | D10: 23 | E10: 24 | F10: 28 | G10: 30 | I10: =IF(OR(B10="",ISBLANK(B10),B10=0),0,IF(MOD(B10,2)=1,1,2)) -> 2 | J10: =IF(OR(C10="",ISBLANK(C10),C10=0),0,IF(MOD(C10,2)=1,1,2)) -> 2 | K10: =IF(OR(D10="",ISBLANK(D10),D10=0),0,IF(MOD(D10,2)=1,1,2)) -> 1 | L10: =IF(OR(E10="",ISBLANK(E10),E10=0),0,IF(MOD(E10,2)=1,1,2)) -> 2 | M10: =IF(OR(F10="",ISBLANK(F10),F10=0),0,IF(MOD(F10,2)=1,1,2)) -> 2 | N10: =IF(OR(G10="",ISBLANK(G10),G10=0),0,IF(MOD(G10,2)=1,1,2)) -> 2 | P10: {=SUMPRODUCT(--(MOD(B10:G10,2)=1))} -> 1 | Q10: =6-P10 -> 5 | S10: =COUNTIFS(B10:G10,">=1",B10:G10,"<=23") -> 3 | T10: =6-S10 -> 3 | V10: {=SUMPRODUCT(--(MOD(B10:G10,10)>=1), --(MOD(B10:G10,10)<=5))} -> 2 | W10: =6-V10 -> 4 | Y10: {=IFERROR(COUNT(_xlfn._xlws.FILTER(B10:G10, ISNUMBER(MATCH(B10:G10, {2,3,5,7,11,13,17,19,23,29,31,37,41,43}, 0)))), 0)} -> 1 | Z10: {=IFERROR(COUNT(_xlfn._xlws.FILTER(B10:G10, ISNUMBER(MATCH(B10:G10, {1,4,8,10,14,16,20,22,25,26,28,32,34,35,38,40,44}, 0)))), 0)} -> 2 | AA10: {=IFERROR(COUNT(_xlfn._xlws.FILTER(B10:G10, ISNUMBER(MATCH(B10:G10, {6,9,12,15,18,21,24,27,30,33,36,39,42,45}, 0)))), 0)} -> 3 | AJ10: =COUNTIFS(B10:G10,">=1",B10:G10,"<=14") -> 1 | AK10: =COUNTIFS(B10:G10,">=15",B10:G10,"<=31") -> 5 | AL10: =6-AK10-AJ10 -> 0 | AN10: =COUNTIFS($B10:$G10, ">=1",$B10:$G10, "<=9") -> 1 | AO10: =COUNTIFS($B10:$G10, ">=10",$B10:$G10, "<=18") -> 0 | AP10: =COUNTIFS($B10:$G10, ">=19",$B10:$G10, "<=27") -> 3 | AQ10: =COUNTIFS($B10:$G10, ">=28",$B10:$G10, "<=36") -> 2 | AR10: =COUNTIFS($B10:$G10, ">=37",$B10:$G10, "<=45") -> 0 | AS10: =#REF! -> #REF! | AT10: =#REF!*2 -> #REF! | AU10: =#REF! -> #REF! | AV10: =#REF!*2 -> #REF! | AW10: =#REF! -> #REF! | AX10: =#REF!*2 -> #REF! | AY10: =#REF! -> #REF! | AZ10: =#REF!*2 -> #REF! | BA10: =#REF! -> #REF! | BB10: =#REF!*2 -> #REF! | BC10: =#REF! -> #REF! | BD10: =#REF!*2 -> #REF! | BE10: =#REF!-#REF! -> #REF! | BF10: =#REF!-#REF! -> #REF! | BG10: =#REF!-#REF! -> #REF! | BH10: =#REF!-#REF! -> #REF! | BI10: =#REF!-#REF! -> #REF! | BK10: =COUNTIFS(B10:G10, ">=1", B10:G10, "<=9") -> 1 | BL10: =COUNTIFS(B10:G10, ">=10", B10:G10, "<=19") -> 0 | BM10: =COUNTIFS(B10:G10, ">=20", B10:G10, "<=29") -> 4 | BN10: =COUNTIFS(B10:G10, ">=30", B10:G10, "<=39") -> 1 | BO10: =COUNTIFS(B10:G10, ">=40", B10:G10, "<=45") -> 0 | BP10: =#REF! -> #REF! | BQ10: =#REF!*2 -> #REF! | BR10: =#REF! -> #REF! | BS10: =#REF!*2 -> #REF! | BT10: =#REF! -> #REF! | BU10: =#REF!*2 -> #REF! | BV10: =#REF! -> #REF! | BW10: =#REF!*2 -> #REF! | BX10: =#REF! -> #REF! | BY10: =#REF!*2 -> #REF! | BZ10: =#REF! -> #REF! | CA10: =#REF!*2 -> #REF! | CB10: =C10-B10 -> 14 | CC10: =D10-C10 -> 3 | CD10: =E10-D10 -> 1 | CE10: =F10-E10 -> 4 | CF10: =G10-F10 -> 2 | CH10: =C10-B10 -> 14 | CI10: =D10-C10 -> 3 | CJ10: =E10-D10 -> 1 | CK10: =F10-E10 -> 4 | CL10: =G10-F10 -> 2 | CN10: =IF(OR(CH10="",ISBLANK(CH10),CH10=0),0,IF(MOD(CH10,2)=1,1,2)) -> 2 | CO10: =IF(OR(CI10="",ISBLANK(CI10),CI10=0),0,IF(MOD(CI10,2)=1,1,2)) -> 1 | CP10: =IF(OR(CJ10="",ISBLANK(CJ10),CJ10=0),0,IF(MOD(CJ10,2)=1,1,2)) -> 1 | CQ10: =IF(OR(CK10="",ISBLANK(CK10),CK10=0),0,IF(MOD(CK10,2)=1,1,2)) -> 2 | CR10: =IF(OR(CL10="",ISBLANK(CL10),CL10=0),0,IF(MOD(CL10,2)=1,1,2)) -> 2 | CT10: {=SUMPRODUCT(--(MOD(CH10:CL10,2)=1))} -> 2 | CU10: =5-CT10 -> 3 | CW10: {=SUMPRODUCT(--(MOD(CH10:CL10,10)>=1), --(MOD(CH10:CL10,10)<=5))} -> 5 | CX10: =5-CW10 -> 0 | CZ10: {=IFERROR(COUNT(_xlfn._xlws.FILTER(CH10:CL10, ISNUMBER(MATCH(CH10:CL10, {2,3,5,7,11,13,17,19,23,29,31,37,41,43}, 0)))), 0)} -> 2 | DA10: {=IFERROR(COUNT(_xlfn._xlws.FILTER(CH10:CL10, ISNUMBER(MATCH(CH10:CL10, {1,4,8,10,14,16,20,22,25,26,28,32,34,35,38,40,44}, 0)))), 0)} -> 3 | DB10: {=IFERROR(COUNT(_xlfn._xlws.FILTER(CH10:CL10, ISNUMBER(MATCH(CH10:CL10, {6,9,12,15,18,21,24,27,30,33,36,39,42,45}, 0)))), 0)} -> 0 | DD10: =#REF! -> #REF! | DE10: =#REF!*2 -> #REF! | DF10: =#REF! -> #REF! | DG10: =#REF!*2 -> #REF! | DH10: =#REF! -> #REF! | DI10: =#REF!*2 -> #REF! | DJ10: =#REF! -> #REF! | DK10: =#REF!*2 -> #REF! | DL10: =#REF! -> #REF! | DM10: =#REF!*2 -> #REF!
B11: 7 | C11: 18 | D11: 19 | E11: 26 | F11: 33 | G11: 45 | I11: =IF(OR(B11="",ISBLANK(B11),B11=0),0,IF(MOD(B11,2)=1,1,2)) -> 1 | J11: =IF(OR(C11="",ISBLANK(C11),C11=0),0,IF(MOD(C11,2)=1,1,2)) -> 2 | K11: =IF(OR(D11="",ISBLANK(D11),D11=0),0,IF(MOD(D11,2)=1,1,2)) -> 1 | L11: =IF(OR(E11="",ISBLANK(E11),E11=0),0,IF(MOD(E11,2)=1,1,2)) -> 2 | M11: =IF(OR(F11="",ISBLANK(F11),F11=0),0,IF(MOD(F11,2)=1,1,2)) -> 1 | N11: =IF(OR(G11="",ISBLANK(G11),G11=0),0,IF(MOD(G11,2)=1,1,2)) -> 1 | P11: {=SUMPRODUCT(--(MOD(B11:G11,2)=1))} -> 4 | Q11: =6-P11 -> 2 | S11: =COUNTIFS(B11:G11,">=1",B11:G11,"<=23") -> 3 | T11: =6-S11 -> 3 | V11: {=SUMPRODUCT(--(MOD(B11:G11,10)>=1), --(MOD(B11:G11,10)<=5))} -> 2 | W11: =6-V11 -> 4 | Y11: {=IFERROR(COUNT(_xlfn._xlws.FILTER(B11:G11, ISNUMBER(MATCH(B11:G11, {2,3,5,7,11,13,17,19,23,29,31,37,41,43}, 0)))), 0)} -> 2 | Z11: {=IFERROR(COUNT(_xlfn._xlws.FILTER(B11:G11, ISNUMBER(MATCH(B11:G11, {1,4,8,10,14,16,20,22,25,26,28,32,34,35,38,40,44}, 0)))), 0)} -> 1 | AA11: {=IFERROR(COUNT(_xlfn._xlws.FILTER(B11:G11, ISNUMBER(MATCH(B11:G11, {6,9,12,15,18,21,24,27,30,33,36,39,42,45}, 0)))), 0)} -> 3 | AJ11: =COUNTIFS(B11:G11,">=1",B11:G11,"<=14") -> 1 | AK11: =COUNTIFS(B11:G11,">=15",B11:G11,"<=31") -> 3 | AL11: =6-AK11-AJ11 -> 2 | AN11: =COUNTIFS($B11:$G11, ">=1",$B11:$G11, "<=9") -> 1 | AO11: =COUNTIFS($B11:$G11, ">=10",$B11:$G11, "<=18") -> 1 | AP11: =COUNTIFS($B11:$G11, ">=19",$B11:$G11, "<=27") -> 2 | AQ11: =COUNTIFS($B11:$G11, ">=28",$B11:$G11, "<=36") -> 1 | AR11: =COUNTIFS($B11:$G11, ">=37",$B11:$G11, "<=45") -> 1 | AS11: =#REF! -> #REF! | AT11: =#REF!*2 -> #REF! | AU11: =#REF! -> #REF! | AV11: =#REF!*2 -> #REF! | AW11: =#REF! -> #REF! | AX11: =#REF!*2 -> #REF! | AY11: =#REF! -> #REF! | AZ11: =#REF!*2 -> #REF! | BA11: =#REF! -> #REF! | BB11: =#REF!*2 -> #REF! | BC11: =#REF! -> #REF! | BD11: =#REF!*2 -> #REF! | BE11: =#REF!-#REF! -> #REF! | BF11: =#REF!-#REF! -> #REF! | BG11: =#REF!-#REF! -> #REF! | BH11: =#REF!-#REF! -> #REF! | BI11: =#REF!-#REF! -> #REF! | BK11: =COUNTIFS(B11:G11, ">=1", B11:G11, "<=9") -> 1 | BL11: =COUNTIFS(B11:G11, ">=10", B11:G11, "<=19") -> 2 | BM11: =COUNTIFS(B11:G11, ">=20", B11:G11, "<=29") -> 1 | BN11: =COUNTIFS(B11:G11, ">=30", B11:G11, "<=39") -> 1 | BO11: =COUNTIFS(B11:G11, ">=40", B11:G11, "<=45") -> 1 | BP11: =#REF! -> #REF! | BQ11: =#REF!*2 -> #REF! | BR11: =#REF! -> #REF! | BS11: =#REF!*2 -> #REF! | BT11: =#REF! -> #REF! | BU11: =#REF!*2 -> #REF! | BV11: =#REF! -> #REF! | BW11: =#REF!*2 -> #REF! | BX11: =#REF! -> #REF! | BY11: =#REF!*2 -> #REF! | BZ11: =#REF! -> #REF! | CA11: =#REF!*2 -> #REF! | CB11: =C11-B11 -> 11 | CC11: =D11-C11 -> 1 | CD11: =E11-D11 -> 7 | CE11: =F11-E11 -> 7 | CF11: =G11-F11 -> 12 | CH11: =C11-B11 -> 11 | CI11: =D11-C11 -> 1 | CJ11: =E11-D11 -> 7 | CK11: =F11-E11 -> 7 | CL11: =G11-F11 -> 12 | CN11: =IF(OR(CH11="",ISBLANK(CH11),CH11=0),0,IF(MOD(CH11,2)=1,1,2)) -> 1 | CO11: =IF(OR(CI11="",ISBLANK(CI11),CI11=0),0,IF(MOD(CI11,2)=1,1,2)) -> 1 | CP11: =IF(OR(CJ11="",ISBLANK(CJ11),CJ11=0),0,IF(MOD(CJ11,2)=1,1,2)) -> 1 | CQ11: =IF(OR(CK11="",ISBLANK(CK11),CK11=0),0,IF(MOD(CK11,2)=1,1,2)) -> 1 | CR11: =IF(OR(CL11="",ISBLANK(CL11),CL11=0),0,IF(MOD(CL11,2)=1,1,2)) -> 2 | CT11: {=SUMPRODUCT(--(MOD(CH11:CL11,2)=1))} -> 4 | CU11: =5-CT11 -> 1 | CW11: {=SUMPRODUCT(--(MOD(CH11:CL11,10)>=1), --(MOD(CH11:CL11,10)<=5))} -> 3 | CX11: =5-CW11 -> 2 | CZ11: {=IFERROR(COUNT(_xlfn._xlws.FILTER(CH11:CL11, ISNUMBER(MATCH(CH11:CL11, {2,3,5,7,11,13,17,19,23,29,31,37,41,43}, 0)))), 0)} -> 3 | DA11: {=IFERROR(COUNT(_xlfn._xlws.FILTER(CH11:CL11, ISNUMBER(MATCH(CH11:CL11, {1,4,8,10,14,16,20,22,25,26,28,32,34,35,38,40,44}, 0)))), 0)} -> 1 | DB11: {=IFERROR(COUNT(_xlfn._xlws.FILTER(CH11:CL11, ISNUMBER(MATCH(CH11:CL11, {6,9,12,15,18,21,24,27,30,33,36,39,42,45}, 0)))), 0)} -> 1 | DD11: =#REF! -> #REF! | DE11: =#REF!*2 -> #REF! | DF11: =#REF! -> #REF! | DG11: =#REF!*2 -> #REF! | DH11: =#REF! -> #REF! | DI11: =#REF!*2 -> #REF! | DJ11: =#REF! -> #REF! | DK11: =#REF!*2 -> #REF! | DL11: =#REF! -> #REF! | DM11: =#REF!*2 -> #REF!
B12: 10 | C12: 17 | D12: 22 | E12: 30 | F12: 35 | G12: 43 | I12: =IF(OR(B12="",ISBLANK(B12),B12=0),0,IF(MOD(B12,2)=1,1,2)) -> 2 | J12: =IF(OR(C12="",ISBLANK(C12),C12=0),0,IF(MOD(C12,2)=1,1,2)) -> 1 | K12: =IF(OR(D12="",ISBLANK(D12),D12=0),0,IF(MOD(D12,2)=1,1,2)) -> 2 | L12: =IF(OR(E12="",ISBLANK(E12),E12=0),0,IF(MOD(E12,2)=1,1,2)) -> 2 | M12: =IF(OR(F12="",ISBLANK(F12),F12=0),0,IF(MOD(F12,2)=1,1,2)) -> 1 | N12: =IF(OR(G12="",ISBLANK(G12),G12=0),0,IF(MOD(G12,2)=1,1,2)) -> 1 | P12: {=SUMPRODUCT(--(MOD(B12:G12,2)=1))} -> 3 | Q12: =6-P12 -> 3 | S12: =COUNTIFS(B12:G12,">=1",B12:G12,"<=23") -> 3 | T12: =6-S12 -> 3 | V12: {=SUMPRODUCT(--(MOD(B12:G12,10)>=1), --(MOD(B12:G12,10)<=5))} -> 3 | W12: =6-V12 -> 3 | Y12: {=IFERROR(COUNT(_xlfn._xlws.FILTER(B12:G12, ISNUMBER(MATCH(B12:G12, {2,3,5,7,11,13,17,19,23,29,31,37,41,43}, 0)))), 0)} -> 2 | Z12: {=IFERROR(COUNT(_xlfn._xlws.FILTER(B12:G12, ISNUMBER(MATCH(B12:G12, {1,4,8,10,14,16,20,22,25,26,28,32,34,35,38,40,44}, 0)))), 0)} -> 3 | AA12: {=IFERROR(COUNT(_xlfn._xlws.FILTER(B12:G12, ISNUMBER(MATCH(B12:G12, {6,9,12,15,18,21,24,27,30,33,36,39,42,45}, 0)))), 0)} -> 1 | AJ12: =COUNTIFS(B12:G12,">=1",B12:G12,"<=14") -> 1 | AK12: =COUNTIFS(B12:G12,">=15",B12:G12,"<=31") -> 3 | AL12: =6-AK12-AJ12 -> 2 | AN12: =COUNTIFS($B12:$G12, ">=1",$B12:$G12, "<=9") -> 0 | AO12: =COUNTIFS($B12:$G12, ">=10",$B12:$G12, "<=18") -> 2 | AP12: =COUNTIFS($B12:$G12, ">=19",$B12:$G12, "<=27") -> 1 | AQ12: =COUNTIFS($B12:$G12, ">=28",$B12:$G12, "<=36") -> 2 | AR12: =COUNTIFS($B12:$G12, ">=37",$B12:$G12, "<=45") -> 1 | AS12: =#REF! -> #REF! | AT12: =#REF!*2 -> #REF! | AU12: =#REF! -> #REF! | AV12: =#REF!*2 -> #REF! | AW12: =#REF! -> #REF! | AX12: =#REF!*2 -> #REF! | AY12: =#REF! -> #REF! | AZ12: =#REF!*2 -> #REF! | BA12: =#REF! -> #REF! | BB12: =#REF!*2 -> #REF! | BC12: =#REF! -> #REF! | BD12: =#REF!*2 -> #REF! | BE12: =#REF!-#REF! -> #REF! | BF12: =#REF!-#REF! -> #REF! | BG12: =#REF!-#REF! -> #REF! | BH12: =#REF!-#REF! -> #REF! | BI12: =#REF!-#REF! -> #REF! | BK12: =COUNTIFS(B12:G12, ">=1", B12:G12, "<=9") -> 0 | BL12: =COUNTIFS(B12:G12, ">=10", B12:G12, "<=19") -> 2 | BM12: =COUNTIFS(B12:G12, ">=20", B12:G12, "<=29") -> 1 | BN12: =COUNTIFS(B12:G12, ">=30", B12:G12, "<=39") -> 2 | BO12: =COUNTIFS(B12:G12, ">=40", B12:G12, "<=45") -> 1 | BP12: =#REF! -> #REF! | BQ12: =#REF!*2 -> #REF! | BR12: =#REF! -> #REF! | BS12: =#REF!*2 -> #REF! | BT12: =#REF! -> #REF! | BU12: =#REF!*2 -> #REF! | BV12: =#REF! -> #REF! | BW12: =#REF!*2 -> #REF! | BX12: =#REF! -> #REF! | BY12: =#REF!*2 -> #REF! | BZ12: =#REF! -> #REF! | CA12: =#REF!*2 -> #REF! | CB12: =C12-B12 -> 7 | CC12: =D12-C12 -> 5 | CD12: =E12-D12 -> 8 | CE12: =F12-E12 -> 5 | CF12: =G12-F12 -> 8 | CH12: =C12-B12 -> 7 | CI12: =D12-C12 -> 5 | CJ12: =E12-D12 -> 8 | CK12: =F12-E12 -> 5 | CL12: =G12-F12 -> 8 | CN12: =IF(OR(CH12="",ISBLANK(CH12),CH12=0),0,IF(MOD(CH12,2)=1,1,2)) -> 1 | CO12: =IF(OR(CI12="",ISBLANK(CI12),CI12=0),0,IF(MOD(CI12,2)=1,1,2)) -> 1 | CP12: =IF(OR(CJ12="",ISBLANK(CJ12),CJ12=0),0,IF(MOD(CJ12,2)=1,1,2)) -> 2 | CQ12: =IF(OR(CK12="",ISBLANK(CK12),CK12=0),0,IF(MOD(CK12,2)=1,1,2)) -> 1 | CR12: =IF(OR(CL12="",ISBLANK(CL12),CL12=0),0,IF(MOD(CL12,2)=1,1,2)) -> 2 | CT12: {=SUMPRODUCT(--(MOD(CH12:CL12,2)=1))} -> 3 | CU12: =5-CT12 -> 2 | CW12: {=SUMPRODUCT(--(MOD(CH12:CL12,10)>=1), --(MOD(CH12:CL12,10)<=5))} -> 2 | CX12: =5-CW12 -> 3 | CZ12: {=IFERROR(COUNT(_xlfn._xlws.FILTER(CH12:CL12, ISNUMBER(MATCH(CH12:CL12, {2,3,5,7,11,13,17,19,23,29,31,37,41,43}, 0)))), 0)} -> 3 | DA12: {=IFERROR(COUNT(_xlfn._xlws.FILTER(CH12:CL12, ISNUMBER(MATCH(CH12:CL12, {1,4,8,10,14,16,20,22,25,26,28,32,34,35,38,40,44}, 0)))), 0)} -> 2 | DB12: {=IFERROR(COUNT(_xlfn._xlws.FILTER(CH12:CL12, ISNUMBER(MATCH(CH12:CL12, {6,9,12,15,18,21,24,27,30,33,36,39,42,45}, 0)))), 0)} -> 0 | DD12: =#REF! -> #REF! | DE12: =#REF!*2 -> #REF! | DF12: =#REF! -> #REF! | DG12: =#REF!*2 -> #REF! | DH12: =#REF! -> #REF! | DI12: =#REF!*2 -> #REF! | DJ12: =#REF! -> #REF! | DK12: =#REF!*2 -> #REF! | DL12: =#REF! -> #REF! | DM12: =#REF!*2 -> #REF!
B13: 6 | C13: 7 | D13: 15 | E13: 22 | F13: 26 | G13: 40 | I13: =IF(OR(B13="",ISBLANK(B13),B13=0),0,IF(MOD(B13,2)=1,1,2)) -> 2 | J13: =IF(OR(C13="",ISBLANK(C13),C13=0),0,IF(MOD(C13,2)=1,1,2)) -> 1 | K13: =IF(OR(D13="",ISBLANK(D13),D13=0),0,IF(MOD(D13,2)=1,1,2)) -> 1 | L13: =IF(OR(E13="",ISBLANK(E13),E13=0),0,IF(MOD(E13,2)=1,1,2)) -> 2 | M13: =IF(OR(F13="",ISBLANK(F13),F13=0),0,IF(MOD(F13,2)=1,1,2)) -> 2 | N13: =IF(OR(G13="",ISBLANK(G13),G13=0),0,IF(MOD(G13,2)=1,1,2)) -> 2 | P13: {=SUMPRODUCT(--(MOD(B13:G13,2)=1))} -> 2 | Q13: =6-P13 -> 4 | S13: =COUNTIFS(B13:G13,">=1",B13:G13,"<=23") -> 4 | T13: =6-S13 -> 2 | V13: {=SUMPRODUCT(--(MOD(B13:G13,10)>=1), --(MOD(B13:G13,10)<=5))} -> 2 | W13: =6-V13 -> 4 | Y13: {=IFERROR(COUNT(_xlfn._xlws.FILTER(B13:G13, ISNUMBER(MATCH(B13:G13, {2,3,5,7,11,13,17,19,23,29,31,37,41,43}, 0)))), 0)} -> 1 | Z13: {=IFERROR(COUNT(_xlfn._xlws.FILTER(B13:G13, ISNUMBER(MATCH(B13:G13, {1,4,8,10,14,16,20,22,25,26,28,32,34,35,38,40,44}, 0)))), 0)} -> 3 | AA13: {=IFERROR(COUNT(_xlfn._xlws.FILTER(B13:G13, ISNUMBER(MATCH(B13:G13, {6,9,12,15,18,21,24,27,30,33,36,39,42,45}, 0)))), 0)} -> 2 | AJ13: =COUNTIFS(B13:G13,">=1",B13:G13,"<=14") -> 2 | AK13: =COUNTIFS(B13:G13,">=15",B13:G13,"<=31") -> 3 | AL13: =6-AK13-AJ13 -> 1 | AN13: =COUNTIFS($B13:$G13, ">=1",$B13:$G13, "<=9") -> 2 | AO13: =COUNTIFS($B13:$G13, ">=10",$B13:$G13, "<=18") -> 1 | AP13: =COUNTIFS($B13:$G13, ">=19",$B13:$G13, "<=27") -> 2 | AQ13: =COUNTIFS($B13:$G13, ">=28",$B13:$G13, "<=36") -> 0 | AR13: =COUNTIFS($B13:$G13, ">=37",$B13:$G13, "<=45") -> 1 | AS13: =#REF! -> #REF! | AT13: =#REF!*2 -> #REF! | AU13: =#REF! -> #REF! | AV13: =#REF!*2 -> #REF! | AW13: =#REF! -> #REF! | AX13: =#REF!*2 -> #REF! | AY13: =#REF! -> #REF! | AZ13: =#REF!*2 -> #REF! | BA13: =#REF! -> #REF! | BB13: =#REF!*2 -> #REF! | BC13: =#REF! -> #REF! | BD13: =#REF!*2 -> #REF! | BE13: =#REF!-#REF! -> #REF! | BF13: =#REF!-#REF! -> #REF! | BG13: =#REF!-#REF! -> #REF! | BH13: =#REF!-#REF! -> #REF! | BI13: =#REF!-#REF! -> #REF! | BK13: =COUNTIFS(B13:G13, ">=1", B13:G13, "<=9") -> 2 | BL13: =COUNTIFS(B13:G13, ">=10", B13:G13, "<=19") -> 1 | BM13: =COUNTIFS(B13:G13, ">=20", B13:G13, "<=29") -> 2 | BN13: =COUNTIFS(B13:G13, ">=30", B13:G13, "<=39") -> 0 | BO13: =COUNTIFS(B13:G13, ">=40", B13:G13, "<=45") -> 1 | BP13: =#REF! -> #REF! | BQ13: =#REF!*2 -> #REF! | BR13: =#REF! -> #REF! | BS13: =#REF!*2 -> #REF! | BT13: =#REF! -> #REF! | BU13: =#REF!*2 -> #REF! | BV13: =#REF! -> #REF! | BW13: =#REF!*2 -> #REF! | BX13: =#REF! -> #REF! | BY13: =#REF!*2 -> #REF! | BZ13: =#REF! -> #REF! | CA13: =#REF!*2 -> #REF! | CB13: =C13-B13 -> 1 | CC13: =D13-C13 -> 8 | CD13: =E13-D13 -> 7 | CE13: =F13-E13 -> 4 | CF13: =G13-F13 -> 14 | CH13: =C13-B13 -> 1 | CI13: =D13-C13 -> 8 | CJ13: =E13-D13 -> 7 | CK13: =F13-E13 -> 4 | CL13: =G13-F13 -> 14 | CN13: =IF(OR(CH13="",ISBLANK(CH13),CH13=0),0,IF(MOD(CH13,2)=1,1,2)) -> 1 | CO13: =IF(OR(CI13="",ISBLANK(CI13),CI13=0),0,IF(MOD(CI13,2)=1,1,2)) -> 2 | CP13: =IF(OR(CJ13="",ISBLANK(CJ13),CJ13=0),0,IF(MOD(CJ13,2)=1,1,2)) -> 1 | CQ13: =IF(OR(CK13="",ISBLANK(CK13),CK13=0),0,IF(MOD(CK13,2)=1,1,2)) -> 2 | CR13: =IF(OR(CL13="",ISBLANK(CL13),CL13=0),0,IF(MOD(CL13,2)=1,1,2)) -> 2 | CT13: {=SUMPRODUCT(--(MOD(CH13:CL13,2)=1))} -> 2 | CU13: =5-CT13 -> 3 | CW13: {=SUMPRODUCT(--(MOD(CH13:CL13,10)>=1), --(MOD(CH13:CL13,10)<=5))} -> 3 | CX13: =5-CW13 -> 2 | CZ13: {=IFERROR(COUNT(_xlfn._xlws.FILTER(CH13:CL13, ISNUMBER(MATCH(CH13:CL13, {2,3,5,7,11,13,17,19,23,29,31,37,41,43}, 0)))), 0)} -> 1 | DA13: {=IFERROR(COUNT(_xlfn._xlws.FILTER(CH13:CL13, ISNUMBER(MATCH(CH13:CL13, {1,4,8,10,14,16,20,22,25,26,28,32,34,35,38,40,44}, 0)))), 0)} -> 4 | DB13: {=IFERROR(COUNT(_xlfn._xlws.FILTER(CH13:CL13, ISNUMBER(MATCH(CH13:CL13, {6,9,12,15,18,21,24,27,30,33,36,39,42,45}, 0)))), 0)} -> 0 | DD13: =#REF! -> #REF! | DE13: =#REF!*2 -> #REF! | DF13: =#REF! -> #REF! | DG13: =#REF!*2 -> #REF! | DH13: =#REF! -> #REF! | DI13: =#REF!*2 -> #REF! | DJ13: =#REF! -> #REF! | DK13: =#REF!*2 -> #REF! | DL13: =#REF! -> #REF! | DM13: =#REF!*2 -> #REF!
B14: 8 | C14: 14 | D14: 28 | E14: 29 | F14: 34 | G14: 40 | I14: =IF(OR(B14="",ISBLANK(B14),B14=0),0,IF(MOD(B14,2)=1,1,2)) -> 2 | J14: =IF(OR(C14="",ISBLANK(C14),C14=0),0,IF(MOD(C14,2)=1,1,2)) -> 2 | K14: =IF(OR(D14="",ISBLANK(D14),D14=0),0,IF(MOD(D14,2)=1,1,2)) -> 2 | L14: =IF(OR(E14="",ISBLANK(E14),E14=0),0,IF(MOD(E14,2)=1,1,2)) -> 1 | M14: =IF(OR(F14="",ISBLANK(F14),F14=0),0,IF(MOD(F14,2)=1,1,2)) -> 2 | N14: =IF(OR(G14="",ISBLANK(G14),G14=0),0,IF(MOD(G14,2)=1,1,2)) -> 2 | P14: {=SUMPRODUCT(--(MOD(B14:G14,2)=1))} -> 1 | Q14: =6-P14 -> 5 | S14: =COUNTIFS(B14:G14,">=1",B14:G14,"<=23") -> 2 | T14: =6-S14 -> 4 | V14: {=SUMPRODUCT(--(MOD(B14:G14,10)>=1), --(MOD(B14:G14,10)<=5))} -> 2 | W14: =6-V14 -> 4 | Y14: {=IFERROR(COUNT(_xlfn._xlws.FILTER(B14:G14, ISNUMBER(MATCH(B14:G14, {2,3,5,7,11,13,17,19,23,29,31,37,41,43}, 0)))), 0)} -> 1 | Z14: {=IFERROR(COUNT(_xlfn._xlws.FILTER(B14:G14, ISNUMBER(MATCH(B14:G14, {1,4,8,10,14,16,20,22,25,26,28,32,34,35,38,40,44}, 0)))), 0)} -> 5 | AA14: {=IFERROR(COUNT(_xlfn._xlws.FILTER(B14:G14, ISNUMBER(MATCH(B14:G14, {6,9,12,15,18,21,24,27,30,33,36,39,42,45}, 0)))), 0)} -> 0 | AJ14: =COUNTIFS(B14:G14,">=1",B14:G14,"<=14") -> 2 | AK14: =COUNTIFS(B14:G14,">=15",B14:G14,"<=31") -> 2 | AL14: =6-AK14-AJ14 -> 2 | AN14: =COUNTIFS($B14:$G14, ">=1",$B14:$G14, "<=9") -> 1 | AO14: =COUNTIFS($B14:$G14, ">=10",$B14:$G14, "<=18") -> 1 | AP14: =COUNTIFS($B14:$G14, ">=19",$B14:$G14, "<=27") -> 0 | AQ14: =COUNTIFS($B14:$G14, ">=28",$B14:$G14, "<=36") -> 3 | AR14: =COUNTIFS($B14:$G14, ">=37",$B14:$G14, "<=45") -> 1 | AS14: =#REF! -> #REF! | AT14: =#REF!*2 -> #REF! | AU14: =#REF! -> #REF! | AV14: =#REF!*2 -> #REF! | AW14: =#REF! -> #REF! | AX14: =#REF!*2 -> #REF! | AY14: =#REF! -> #REF! | AZ14: =#REF!*2 -> #REF! | BA14: =#REF! -> #REF! | BB14: =#REF!*2 -> #REF! | BC14: =#REF! -> #REF! | BD14: =#REF!*2 -> #REF! | BE14: =#REF!-#REF! -> #REF! | BF14: =#REF!-#REF! -> #REF! | BG14: =#REF!-#REF! -> #REF! | BH14: =#REF!-#REF! -> #REF! | BI14: =#REF!-#REF! -> #REF! | BK14: =COUNTIFS(B14:G14, ">=1", B14:G14, "<=9") -> 1 | BL14: =COUNTIFS(B14:G14, ">=10", B14:G14, "<=19") -> 1 | BM14: =COUNTIFS(B14:G14, ">=20", B14:G14, "<=29") -> 2 | BN14: =COUNTIFS(B14:G14, ">=30", B14:G14, "<=39") -> 1 | BO14: =COUNTIFS(B14:G14, ">=40", B14:G14, "<=45") -> 1 | BP14: =#REF! -> #REF! | BQ14: =#REF!*2 -> #REF! | BR14: =#REF! -> #REF! | BS14: =#REF!*2 -> #REF! | BT14: =#REF! -> #REF! | BU14: =#REF!*2 -> #REF! | BV14: =#REF! -> #REF! | BW14: =#REF!*2 -> #REF! | BX14: =#REF! -> #REF! | BY14: =#REF!*2 -> #REF! | BZ14: =#REF! -> #REF! | CA14: =#REF!*2 -> #REF! | CB14: =C14-B14 -> 6 | CC14: =D14-C14 -> 14 | CD14: =E14-D14 -> 1 | CE14: =F14-E14 -> 5 | CF14: =G14-F14 -> 6 | CH14: =C14-B14 -> 6 | CI14: =D14-C14 -> 14 | CJ14: =E14-D14 -> 1 | CK14: =F14-E14 -> 5 | CL14: =G14-F14 -> 6 | CN14: =IF(OR(CH14="",ISBLANK(CH14),CH14=0),0,IF(MOD(CH14,2)=1,1,2)) -> 2 | CO14: =IF(OR(CI14="",ISBLANK(CI14),CI14=0),0,IF(MOD(CI14,2)=1,1,2)) -> 2 | CP14: =IF(OR(CJ14="",ISBLANK(CJ14),CJ14=0),0,IF(MOD(CJ14,2)=1,1,2)) -> 1 | CQ14: =IF(OR(CK14="",ISBLANK(CK14),CK14=0),0,IF(MOD(CK14,2)=1,1,2)) -> 1 | CR14: =IF(OR(CL14="",ISBLANK(CL14),CL14=0),0,IF(MOD(CL14,2)=1,1,2)) -> 2 | CT14: {=SUMPRODUCT(--(MOD(CH14:CL14,2)=1))} -> 2 | CU14: =5-CT14 -> 3 | CW14: {=SUMPRODUCT(--(MOD(CH14:CL14,10)>=1), --(MOD(CH14:CL14,10)<=5))} -> 3 | CX14: =5-CW14 -> 2 | CZ14: {=IFERROR(COUNT(_xlfn._xlws.FILTER(CH14:CL14, ISNUMBER(MATCH(CH14:CL14, {2,3,5,7,11,13,17,19,23,29,31,37,41,43}, 0)))), 0)} -> 1 | DA14: {=IFERROR(COUNT(_xlfn._xlws.FILTER(CH14:CL14, ISNUMBER(MATCH(CH14:CL14, {1,4,8,10,14,16,20,22,25,26,28,32,34,35,38,40,44}, 0)))), 0)} -> 2 | DB14: {=IFERROR(COUNT(_xlfn._xlws.FILTER(CH14:CL14, ISNUMBER(MATCH(CH14:CL14, {6,9,12,15,18,21,24,27,30,33,36,39,42,45}, 0)))), 0)} -> 2 | DD14: =#REF! -> #REF! | DE14: =#REF!*2 -> #REF! | DF14: =#REF! -> #REF! | DG14: =#REF!*2 -> #REF! | DH14: =#REF! -> #REF! | DI14: =#REF!*2 -> #REF! | DJ14: =#REF! -> #REF! | DK14: =#REF!*2 -> #REF! | DL14: =#REF! -> #REF! | DM14: =#REF!*2 -> #REF!
B15: 1 | C15: 12 | D15: 16 | E15: 19 | F15: 23 | G15: 43 | I15: =IF(OR(B15="",ISBLANK(B15),B15=0),0,IF(MOD(B15,2)=1,1,2)) -> 1 | J15: =IF(OR(C15="",ISBLANK(C15),C15=0),0,IF(MOD(C15,2)=1,1,2)) -> 2 | K15: =IF(OR(D15="",ISBLANK(D15),D15=0),0,IF(MOD(D15,2)=1,1,2)) -> 2 | L15: =IF(OR(E15="",ISBLANK(E15),E15=0),0,IF(MOD(E15,2)=1,1,2)) -> 1 | M15: =IF(OR(F15="",ISBLANK(F15),F15=0),0,IF(MOD(F15,2)=1,1,2)) -> 1 | N15: =IF(OR(G15="",ISBLANK(G15),G15=0),0,IF(MOD(G15,2)=1,1,2)) -> 1 | P15: {=SUMPRODUCT(--(MOD(B15:G15,2)=1))} -> 4 | Q15: =6-P15 -> 2 | S15: =COUNTIFS(B15:G15,">=1",B15:G15,"<=23") -> 5 | T15: =6-S15 -> 1 | V15: {=SUMPRODUCT(--(MOD(B15:G15,10)>=1), --(MOD(B15:G15,10)<=5))} -> 4 | W15: =6-V15 -> 2 | Y15: {=IFERROR(COUNT(_xlfn._xlws.FILTER(B15:G15, ISNUMBER(MATCH(B15:G15, {2,3,5,7,11,13,17,19,23,29,31,37,41,43}, 0)))), 0)} -> 3 | Z15: {=IFERROR(COUNT(_xlfn._xlws.FILTER(B15:G15, ISNUMBER(MATCH(B15:G15, {1,4,8,10,14,16,20,22,25,26,28,32,34,35,38,40,44}, 0)))), 0)} -> 2 | AA15: {=IFERROR(COUNT(_xlfn._xlws.FILTER(B15:G15, ISNUMBER(MATCH(B15:G15, {6,9,12,15,18,21,24,27,30,33,36,39,42,45}, 0)))), 0)} -> 1 | AJ15: =COUNTIFS(B15:G15,">=1",B15:G15,"<=14") -> 2 | AK15: =COUNTIFS(B15:G15,">=15",B15:G15,"<=31") -> 3 | AL15: =6-AK15-AJ15 -> 1 | AN15: =COUNTIFS($B15:$G15, ">=1",$B15:$G15, "<=9") -> 1 | AO15: =COUNTIFS($B15:$G15, ">=10",$B15:$G15, "<=18") -> 2 | AP15: =COUNTIFS($B15:$G15, ">=19",$B15:$G15, "<=27") -> 2 | AQ15: =COUNTIFS($B15:$G15, ">=28",$B15:$G15, "<=36") -> 0 | AR15: =COUNTIFS($B15:$G15, ">=37",$B15:$G15, "<=45") -> 1 | AS15: =#REF! -> #REF! | AT15: =#REF!*2 -> #REF! | AU15: =#REF! -> #REF! | AV15: =#REF!*2 -> #REF! | AW15: =#REF! -> #REF! | AX15: =#REF!*2 -> #REF! | AY15: =#REF! -> #REF! | AZ15: =#REF!*2 -> #REF! | BA15: =#REF! -> #REF! | BB15: =#REF!*2 -> #REF! | BC15: =#REF! -> #REF! | BD15: =#REF!*2 -> #REF! | BE15: =#REF!-#REF! -> #REF! | BF15: =#REF!-#REF! -> #REF! | BG15: =#REF!-#REF! -> #REF! | BH15: =#REF!-#REF! -> #REF! | BI15: =#REF!-#REF! -> #REF! | BK15: =COUNTIFS(B15:G15, ">=1", B15:G15, "<=9") -> 1 | BL15: =COUNTIFS(B15:G15, ">=10", B15:G15, "<=19") -> 3 | BM15: =COUNTIFS(B15:G15, ">=20", B15:G15, "<=29") -> 1 | BN15: =COUNTIFS(B15:G15, ">=30", B15:G15, "<=39") -> 0 | BO15: =COUNTIFS(B15:G15, ">=40", B15:G15, "<=45") -> 1 | BP15: =#REF! -> #REF! | BQ15: =#REF!*2 -> #REF! | BR15: =#REF! -> #REF! | BS15: =#REF!*2 -> #REF! | BT15: =#REF! -> #REF! | BU15: =#REF!*2 -> #REF! | BV15: =#REF! -> #REF! | BW15: =#REF!*2 -> #REF! | BX15: =#REF! -> #REF! | BY15: =#REF!*2 -> #REF! | BZ15: =#REF! -> #REF! | CA15: =#REF!*2 -> #REF! | CB15: =C15-B15 -> 11 | CC15: =D15-C15 -> 4 | CD15: =E15-D15 -> 3 | CE15: =F15-E15 -> 4 | CF15: =G15-F15 -> 20 | CH15: =C15-B15 -> 11 | CI15: =D15-C15 -> 4 | CJ15: =E15-D15 -> 3 | CK15: =F15-E15 -> 4 | CL15: =G15-F15 -> 20 | CN15: =IF(OR(CH15="",ISBLANK(CH15),CH15=0),0,IF(MOD(CH15,2)=1,1,2)) -> 1 | CO15: =IF(OR(CI15="",ISBLANK(CI15),CI15=0),0,IF(MOD(CI15,2)=1,1,2)) -> 2 | CP15: =IF(OR(CJ15="",ISBLANK(CJ15),CJ15=0),0,IF(MOD(CJ15,2)=1,1,2)) -> 1 | CQ15: =IF(OR(CK15="",ISBLANK(CK15),CK15=0),0,IF(MOD(CK15,2)=1,1,2)) -> 2 | CR15: =IF(OR(CL15="",ISBLANK(CL15),CL15=0),0,IF(MOD(CL15,2)=1,1,2)) -> 2 | CT15: {=SUMPRODUCT(--(MOD(CH15:CL15,2)=1))} -> 2 | CU15: =5-CT15 -> 3 | CW15: {=SUMPRODUCT(--(MOD(CH15:CL15,10)>=1), --(MOD(CH15:CL15,10)<=5))} -> 4 | CX15: =5-CW15 -> 1 | CZ15: {=IFERROR(COUNT(_xlfn._xlws.FILTER(CH15:CL15, ISNUMBER(MATCH(CH15:CL15, {2,3,5,7,11,13,17,19,23,29,31,37,41,43}, 0)))), 0)} -> 2 | DA15: {=IFERROR(COUNT(_xlfn._xlws.FILTER(CH15:CL15, ISNUMBER(MATCH(CH15:CL15, {1,4,8,10,14,16,20,22,25,26,28,32,34,35,38,40,44}, 0)))), 0)} -> 3 | DB15: {=IFERROR(COUNT(_xlfn._xlws.FILTER(CH15:CL15, ISNUMBER(MATCH(CH15:CL15, {6,9,12,15,18,21,24,27,30,33,36,39,42,45}, 0)))), 0)} -> 0 | DD15: =#REF! -> #REF! | DE15: =#REF!*2 -> #REF! | DF15: =#REF! -> #REF! | DG15: =#REF!*2 -> #REF! | DH15: =#REF! -> #REF! | DI15: =#REF!*2 -> #REF! | DJ15: =#REF! -> #REF! | DK15: =#REF!*2 -> #REF! | DL15: =#REF! -> #REF! | DM15: =#REF!*2 -> #REF!
... B42: 13 | C42: 19 | D42: 21 | E42: 24 | F42: 34 | G42: 35 | I42: =IF(OR(B42="",ISBLANK(B42),B42=0),0,IF(MOD(B42,2)=1,1,2)) -> 1 | J42: =IF(OR(C42="",ISBLANK(C42),C42=0),0,IF(MOD(C42,2)=1,1,2)) -> 1 | K42: =IF(OR(D42="",ISBLANK(D42),D42=0),0,IF(MOD(D42,2)=1,1,2)) -> 1 | L42: =IF(OR(E42="",ISBLANK(E42),E42=0),0,IF(MOD(E42,2)=1,1,2)) -> 2 | M42: =IF(OR(F42="",ISBLANK(F42),F42=0),0,IF(MOD(F42,2)=1,1,2)) -> 2 | N42: =IF(OR(G42="",ISBLANK(G42),G42=0),0,IF(MOD(G42,2)=1,1,2)) -> 1 | P42: {=SUMPRODUCT(--(MOD(B42:G42,2)=1))} -> 4 | Q42: =6-P42 -> 2 | S42: =COUNTIFS(B42:G42,">=1",B42:G42,"<=23") -> 3 | T42: =6-S42 -> 3 | V42: {=SUMPRODUCT(--(MOD(B42:G42,10)>=1), --(MOD(B42:G42,10)<=5))} -> 5 | W42: =6-V42 -> 1 | Y42: {=IFERROR(COUNT(_xlfn._xlws.FILTER(B42:G42, ISNUMBER(MATCH(B42:G42, {2,3,5,7,11,13,17,19,23,29,31,37,41,43}, 0)))), 0)} -> 2 | Z42: {=IFERROR(COUNT(_xlfn._xlws.FILTER(B42:G42, ISNUMBER(MATCH(B42:G42, {1,4,8,10,14,16,20,22,25,26,28,32,34,35,38,40,44}, 0)))), 0)} -> 2 | AA42: {=IFERROR(COUNT(_xlfn._xlws.FILTER(B42:G42, ISNUMBER(MATCH(B42:G42, {6,9,12,15,18,21,24,27,30,33,36,39,42,45}, 0)))), 0)} -> 2 | AJ42: =COUNTIFS(B42:G42,">=1",B42:G42,"<=14") -> 1 | AK42: =COUNTIFS(B42:G42,">=15",B42:G42,"<=31") -> 3 | AL42: =6-AK42-AJ42 -> 2 | AN42: =COUNTIFS($B42:$G42, ">=1",$B42:$G42, "<=9") -> 0 | AO42: =COUNTIFS($B42:$G42, ">=10",$B42:$G42, "<=18") -> 1 | AP42: =COUNTIFS($B42:$G42, ">=19",$B42:$G42, "<=27") -> 3 | AQ42: =COUNTIFS($B42:$G42, ">=28",$B42:$G42, "<=36") -> 2 | AR42: =COUNTIFS($B42:$G42, ">=37",$B42:$G42, "<=45") -> 0 | AS42: =#REF! -> #REF! | AT42: =#REF!*2 -> #REF! | AU42: =#REF! -> #REF! | AV42: =#REF!*2 -> #REF! | AW42: =#REF! -> #REF! | AX42: =#REF!*2 -> #REF! | AY42: =#REF! -> #REF! | AZ42: =#REF!*2 -> #REF! | BA42: =#REF! -> #REF! | BB42: =#REF!*2 -> #REF! | BC42: =#REF! -> #REF! | BD42: =#REF!*2 -> #REF! | BE42: =#REF!-#REF! -> #REF! | BF42: =#REF!-#REF! -> #REF! | BG42: =#REF!-#REF! -> #REF! | BH42: =#REF!-#REF! -> #REF! | BI42: =#REF!-#REF! -> #REF! | BK42: =COUNTIFS(B42:G42, ">=1", B42:G42, "<=9") -> 0 | BL42: =COUNTIFS(B42:G42, ">=10", B42:G42, "<=19") -> 2 | BM42: =COUNTIFS(B42:G42, ">=20", B42:G42, "<=29") -> 2 | BN42: =COUNTIFS(B42:G42, ">=30", B42:G42, "<=39") -> 2 | BO42: =COUNTIFS(B42:G42, ">=40", B42:G42, "<=45") -> 0 | BP42: =#REF! -> #REF! | BQ42: =#REF!*2 -> #REF! | BR42: =#REF! -> #REF! | BS42: =#REF!*2 -> #REF! | BT42: =#REF! -> #REF! | BU42: =#REF!*2 -> #REF! | BV42: =#REF! -> #REF! | BW42: =#REF!*2 -> #REF! | BX42: =#REF! -> #REF! | BY42: =#REF!*2 -> #REF! | BZ42: =#REF! -> #REF! | CA42: =#REF!*2 -> #REF! | CB42: =C42-B42 -> 6 | CC42: =D42-C42 -> 2 | CD42: =E42-D42 -> 3 | CE42: =F42-E42 -> 10 | CF42: =G42-F42 -> 1 | CH42: =C42-B42 -> 6 | CI42: =D42-C42 -> 2 | CJ42: =E42-D42 -> 3 | CK42: =F42-E42 -> 10 | CL42: =G42-F42 -> 1 | CN42: =IF(OR(CH42="",ISBLANK(CH42),CH42=0),0,IF(MOD(CH42,2)=1,1,2)) -> 2 | CO42: =IF(OR(CI42="",ISBLANK(CI42),CI42=0),0,IF(MOD(CI42,2)=1,1,2)) -> 2 | CP42: =IF(OR(CJ42="",ISBLANK(CJ42),CJ42=0),0,IF(MOD(CJ42,2)=1,1,2)) -> 1 | CQ42: =IF(OR(CK42="",ISBLANK(CK42),CK42=0),0,IF(MOD(CK42,2)=1,1,2)) -> 2 | CR42: =IF(OR(CL42="",ISBLANK(CL42),CL42=0),0,IF(MOD(CL42,2)=1,1,2)) -> 1 | CT42: {=SUMPRODUCT(--(MOD(CH42:CL42,2)=1))} -> 2 | CU42: =5-CT42 -> 3 | CW42: {=SUMPRODUCT(--(MOD(CH42:CL42,10)>=1), --(MOD(CH42:CL42,10)<=5))} -> 3 | CX42: =5-CW42 -> 2 | CZ42: {=IFERROR(COUNT(_xlfn._xlws.FILTER(CH42:CL42, ISNUMBER(MATCH(CH42:CL42, {2,3,5,7,11,13,17,19,23,29,31,37,41,43}, 0)))), 0)} -> 2 | DA42: {=IFERROR(COUNT(_xlfn._xlws.FILTER(CH42:CL42, ISNUMBER(MATCH(CH42:CL42, {1,4,8,10,14,16,20,22,25,26,28,32,34,35,38,40,44}, 0)))), 0)} -> 2 | DB42: {=IFERROR(COUNT(_xlfn._xlws.FILTER(CH42:CL42, ISNUMBER(MATCH(CH42:CL42, {6,9,12,15,18,21,24,27,30,33,36,39,42,45}, 0)))), 0)} -> 1 | DD42: =#REF! -> #REF! | DE42: =#REF!*2 -> #REF! | DF42: =#REF! -> #REF! | DG42: =#REF!*2 -> #REF! | DH42: =#REF! -> #REF! | DI42: =#REF!*2 -> #REF! | DJ42: =#REF! -> #REF! | DK42: =#REF!*2 -> #REF! | DL42: =#REF! -> #REF! | DM42: =#REF!*2 -> #REF!
B43: 3 | C43: 8 | D43: 17 | E43: 30 | F43: 33 | G43: 34 | I43: =IF(OR(B43="",ISBLANK(B43),B43=0),0,IF(MOD(B43,2)=1,1,2)) -> 1 | J43: =IF(OR(C43="",ISBLANK(C43),C43=0),0,IF(MOD(C43,2)=1,1,2)) -> 2 | K43: =IF(OR(D43="",ISBLANK(D43),D43=0),0,IF(MOD(D43,2)=1,1,2)) -> 1 | L43: =IF(OR(E43="",ISBLANK(E43),E43=0),0,IF(MOD(E43,2)=1,1,2)) -> 2 | M43: =IF(OR(F43="",ISBLANK(F43),F43=0),0,IF(MOD(F43,2)=1,1,2)) -> 1 | N43: =IF(OR(G43="",ISBLANK(G43),G43=0),0,IF(MOD(G43,2)=1,1,2)) -> 2 | P43: {=SUMPRODUCT(--(MOD(B43:G43,2)=1))} -> 3 | Q43: =6-P43 -> 3 | S43: =COUNTIFS(B43:G43,">=1",B43:G43,"<=23") -> 3 | T43: =6-S43 -> 3 | V43: {=SUMPRODUCT(--(MOD(B43:G43,10)>=1), --(MOD(B43:G43,10)<=5))} -> 3 | W43: =6-V43 -> 3 | Y43: {=IFERROR(COUNT(_xlfn._xlws.FILTER(B43:G43, ISNUMBER(MATCH(B43:G43, {2,3,5,7,11,13,17,19,23,29,31,37,41,43}, 0)))), 0)} -> 2 | Z43: {=IFERROR(COUNT(_xlfn._xlws.FILTER(B43:G43, ISNUMBER(MATCH(B43:G43, {1,4,8,10,14,16,20,22,25,26,28,32,34,35,38,40,44}, 0)))), 0)} -> 2 | AA43: {=IFERROR(COUNT(_xlfn._xlws.FILTER(B43:G43, ISNUMBER(MATCH(B43:G43, {6,9,12,15,18,21,24,27,30,33,36,39,42,45}, 0)))), 0)} -> 2 | AJ43: =COUNTIFS(B43:G43,">=1",B43:G43,"<=14") -> 2 | AK43: =COUNTIFS(B43:G43,">=15",B43:G43,"<=31") -> 2 | AL43: =6-AK43-AJ43 -> 2 | AN43: =COUNTIFS($B43:$G43, ">=1",$B43:$G43, "<=9") -> 2 | AO43: =COUNTIFS($B43:$G43, ">=10",$B43:$G43, "<=18") -> 1 | AP43: =COUNTIFS($B43:$G43, ">=19",$B43:$G43, "<=27") -> 0 | AQ43: =COUNTIFS($B43:$G43, ">=28",$B43:$G43, "<=36") -> 3 | AR43: =COUNTIFS($B43:$G43, ">=37",$B43:$G43, "<=45") -> 0 | AS43: =#REF! -> #REF! | AT43: =#REF!*2 -> #REF! | AU43: =#REF! -> #REF! | AV43: =#REF!*2 -> #REF! | AW43: =#REF! -> #REF! | AX43: =#REF!*2 -> #REF! | AY43: =#REF! -> #REF! | AZ43: =#REF!*2 -> #REF! | BA43: =#REF! -> #REF! | BB43: =#REF!*2 -> #REF! | BC43: =#REF! -> #REF! | BD43: =#REF!*2 -> #REF! | BE43: =#REF!-#REF! -> #REF! | BF43: =#REF!-#REF! -> #REF! | BG43: =#REF!-#REF! -> #REF! | BH43: =#REF!-#REF! -> #REF! | BI43: =#REF!-#REF! -> #REF! | BK43: =COUNTIFS(B43:G43, ">=1", B43:G43, "<=9") -> 2 | BL43: =COUNTIFS(B43:G43, ">=10", B43:G43, "<=19") -> 1 | BM43: =COUNTIFS(B43:G43, ">=20", B43:G43, "<=29") -> 0 | BN43: =COUNTIFS(B43:G43, ">=30", B43:G43, "<=39") -> 3 | BO43: =COUNTIFS(B43:G43, ">=40", B43:G43, "<=45") -> 0 | BP43: =#REF! -> #REF! | BQ43: =#REF!*2 -> #REF! | BR43: =#REF! -> #REF! | BS43: =#REF!*2 -> #REF! | BT43: =#REF! -> #REF! | BU43: =#REF!*2 -> #REF! | BV43: =#REF! -> #REF! | BW43: =#REF!*2 -> #REF! | BX43: =#REF! -> #REF! | BY43: =#REF!*2 -> #REF! | BZ43: =#REF! -> #REF! | CA43: =#REF!*2 -> #REF! | CB43: =C43-B43 -> 5 | CC43: =D43-C43 -> 9 | CD43: =E43-D43 -> 13 | CE43: =F43-E43 -> 3 | CF43: =G43-F43 -> 1 | CH43: =C43-B43 -> 5 | CI43: =D43-C43 -> 9 | CJ43: =E43-D43 -> 13 | CK43: =F43-E43 -> 3 | CL43: =G43-F43 -> 1 | CN43: =IF(OR(CH43="",ISBLANK(CH43),CH43=0),0,IF(MOD(CH43,2)=1,1,2)) -> 1 | CO43: =IF(OR(CI43="",ISBLANK(CI43),CI43=0),0,IF(MOD(CI43,2)=1,1,2)) -> 1 | CP43: =IF(OR(CJ43="",ISBLANK(CJ43),CJ43=0),0,IF(MOD(CJ43,2)=1,1,2)) -> 1 | CQ43: =IF(OR(CK43="",ISBLANK(CK43),CK43=0),0,IF(MOD(CK43,2)=1,1,2)) -> 1 | CR43: =IF(OR(CL43="",ISBLANK(CL43),CL43=0),0,IF(MOD(CL43,2)=1,1,2)) -> 1 | CT43: {=SUMPRODUCT(--(MOD(CH43:CL43,2)=1))} -> 5 | CU43: =5-CT43 -> 0 | CW43: {=SUMPRODUCT(--(MOD(CH43:CL43,10)>=1), --(MOD(CH43:CL43,10)<=5))} -> 4 | CX43: =5-CW43 -> 1 | CZ43: {=IFERROR(COUNT(_xlfn._xlws.FILTER(CH43:CL43, ISNUMBER(MATCH(CH43:CL43, {2,3,5,7,11,13,17,19,23,29,31,37,41,43}, 0)))), 0)} -> 3 | DA43: {=IFERROR(COUNT(_xlfn._xlws.FILTER(CH43:CL43, ISNUMBER(MATCH(CH43:CL43, {1,4,8,10,14,16,20,22,25,26,28,32,34,35,38,40,44}, 0)))), 0)} -> 1 | DB43: {=IFERROR(COUNT(_xlfn._xlws.FILTER(CH43:CL43, ISNUMBER(MATCH(CH43:CL43, {6,9,12,15,18,21,24,27,30,33,36,39,42,45}, 0)))), 0)} -> 1 | DD43: =#REF! -> #REF! | DE43: =#REF!*2 -> #REF! | DF43: =#REF! -> #REF! | DG43: =#REF!*2 -> #REF! | DH43: =#REF! -> #REF! | DI43: =#REF!*2 -> #REF! | DJ43: =#REF! -> #REF! | DK43: =#REF!*2 -> #REF! | DL43: =#REF! -> #REF! | DM43: =#REF!*2 -> #REF! | DO43: {=_xlfn.IFS( OR(CH43="",ISBLANK(CH43),CH43=0),0, ISNUMBER(MATCH(CH43,{2,3,5,7,11,13,17,19,23,29,31,37,41,43},0)),"소", AND(ISNUMBER(CH43),MOD(CH43,3)=0),"배", AND(ISNUMBER(CH43),CH43>0),"자" )} -> 소 | DP43: {=_xlfn.IFS( OR(CI43="",ISBLANK(CI43),CI43=0),0, ISNUMBER(MATCH(CI43,{2,3,5,7,11,13,17,19,23,29,31,37,41,43},0)),"소", AND(ISNUMBER(CI43),MOD(CI43,3)=0),"배", AND(ISNUMBER(CI43),CI43>0),"자" )} -> 배 | DQ43: {=_xlfn.IFS( OR(CJ43="",ISBLANK(CJ43),CJ43=0),0, ISNUMBER(MATCH(CJ43,{2,3,5,7,11,13,17,19,23,29,31,37,41,43},0)),"소", AND(ISNUMBER(CJ43),MOD(CJ43,3)=0),"배", AND(ISNUMBER(CJ43),CJ43>0),"자" )} -> 소 | DR43: {=_xlfn.IFS( OR(CK43="",ISBLANK(CK43),CK43=0),0, ISNUMBER(MATCH(CK43,{2,3,5,7,11,13,17,19,23,29,31,37,41,43},0)),"소", AND(ISNUMBER(CK43),MOD(CK43,3)=0),"배", AND(ISNUMBER(CK43),CK43>0),"자" )} -> 소 | DS43: {=_xlfn.IFS( OR(CL43="",ISBLANK(CL43),CL43=0),0, ISNUMBER(MATCH(CL43,{2,3,5,7,11,13,17,19,23,29,31,37,41,43},0)),"소", AND(ISNUMBER(CL43),MOD(CL43,3)=0),"배", AND(ISNUMBER(CL43),CL43>0),"자" )} -> 자
B44: 6 | C44: 14 | D44: 25 | E44: 33 | F44: 40 | G44: 44 | I44: =IF(OR(B44="",ISBLANK(B44),B44=0),0,IF(MOD(B44,2)=1,1,2)) -> 2 | J44: =IF(OR(C44="",ISBLANK(C44),C44=0),0,IF(MOD(C44,2)=1,1,2)) -> 2 | K44: =IF(OR(D44="",ISBLANK(D44),D44=0),0,IF(MOD(D44,2)=1,1,2)) -> 1 | L44: =IF(OR(E44="",ISBLANK(E44),E44=0),0,IF(MOD(E44,2)=1,1,2)) -> 1 | M44: =IF(OR(F44="",ISBLANK(F44),F44=0),0,IF(MOD(F44,2)=1,1,2)) -> 2 | N44: =IF(OR(G44="",ISBLANK(G44),G44=0),0,IF(MOD(G44,2)=1,1,2)) -> 2 | P44: {=SUMPRODUCT(--(MOD(B44:G44,2)=1))} -> 2 | Q44: =6-P44 -> 4 | S44: =COUNTIFS(B44:G44,">=1",B44:G44,"<=23") -> 2 | T44: =6-S44 -> 4 | V44: {=SUMPRODUCT(--(MOD(B44:G44,10)>=1), --(MOD(B44:G44,10)<=5))} -> 4 | W44: =6-V44 -> 2 | Y44: {=IFERROR(COUNT(_xlfn._xlws.FILTER(B44:G44, ISNUMBER(MATCH(B44:G44, {2,3,5,7,11,13,17,19,23,29,31,37,41,43}, 0)))), 0)} -> 0 | Z44: {=IFERROR(COUNT(_xlfn._xlws.FILTER(B44:G44, ISNUMBER(MATCH(B44:G44, {1,4,8,10,14,16,20,22,25,26,28,32,34,35,38,40,44}, 0)))), 0)} -> 4 | AA44: {=IFERROR(COUNT(_xlfn._xlws.FILTER(B44:G44, ISNUMBER(MATCH(B44:G44, {6,9,12,15,18,21,24,27,30,33,36,39,42,45}, 0)))), 0)} -> 2 | AC44: {=_xlfn.IFS( OR(B44="",ISBLANK(B44),B44=0),0, ISNUMBER(MATCH(B44,{2,3,5,7,11,13,17,19,23,29,31,37,41,43},0)),"소", AND(ISNUMBER(B44),MOD(B44,3)=0),"배", AND(ISNUMBER(B44),B44>0),"자" )} -> 배 | AD44: {=_xlfn.IFS( OR(C44="",ISBLANK(C44),C44=0),0, ISNUMBER(MATCH(C44,{2,3,5,7,11,13,17,19,23,29,31,37,41,43},0)),"소", AND(ISNUMBER(C44),MOD(C44,3)=0),"배", AND(ISNUMBER(C44),C44>0),"자" )} -> 자 | AE44: {=_xlfn.IFS( OR(D44="",ISBLANK(D44),D44=0),0, ISNUMBER(MATCH(D44,{2,3,5,7,11,13,17,19,23,29,31,37,41,43},0)),"소", AND(ISNUMBER(D44),MOD(D44,3)=0),"배", AND(ISNUMBER(D44),D44>0),"자" )} -> 자 | AF44: {=_xlfn.IFS( OR(E44="",ISBLANK(E44),E44=0),0, ISNUMBER(MATCH(E44,{2,3,5,7,11,13,17,19,23,29,31,37,41,43},0)),"소", AND(ISNUMBER(E44),MOD(E44,3)=0),"배", AND(ISNUMBER(E44),E44>0),"자" )} -> 배 | AG44: {=_xlfn.IFS( OR(F44="",ISBLANK(F44),F44=0),0, ISNUMBER(MATCH(F44,{2,3,5,7,11,13,17,19,23,29,31,37,41,43},0)),"소", AND(ISNUMBER(F44),MOD(F44,3)=0),"배", AND(ISNUMBER(F44),F44>0),"자" )} -> 자 | AH44: {=_xlfn.IFS( OR(G44="",ISBLANK(G44),G44=0),0, ISNUMBER(MATCH(G44,{2,3,5,7,11,13,17,19,23,29,31,37,41,43},0)),"소", AND(ISNUMBER(G44),MOD(G44,3)=0),"배", AND(ISNUMBER(G44),G44>0),"자" )} -> 자 | AJ44: =COUNTIFS(B44:G44,">=1",B44:G44,"<=14") -> 2 | AK44: =COUNTIFS(B44:G44,">=15",B44:G44,"<=31") -> 1 | AL44: =6-AK44-AJ44 -> 3 | AN44: =COUNTIFS($B44:$G44, ">=1",$B44:$G44, "<=9") -> 1 | AO44: =COUNTIFS($B44:$G44, ">=10",$B44:$G44, "<=18") -> 1 | AP44: =COUNTIFS($B44:$G44, ">=19",$B44:$G44, "<=27") -> 1 | AQ44: =COUNTIFS($B44:$G44, ">=28",$B44:$G44, "<=36") -> 1 | AR44: =COUNTIFS($B44:$G44, ">=37",$B44:$G44, "<=45") -> 2 | AS44: =#REF! -> #REF! | AT44: =#REF!*2 -> #REF! | AU44: =#REF! -> #REF! | AV44: =#REF!*2 -> #REF! | AW44: =#REF! -> #REF! | AX44: =#REF!*2 -> #REF! | AY44: =#REF! -> #REF! | AZ44: =#REF!*2 -> #REF! | BA44: =#REF! -> #REF! | BB44: =#REF!*2 -> #REF! | BC44: =#REF! -> #REF! | BD44: =#REF!*2 -> #REF! | BE44: =#REF!-#REF! -> #REF! | BF44: =#REF!-#REF! -> #REF! | BG44: =#REF!-#REF! -> #REF! | BH44: =#REF!-#REF! -> #REF! | BI44: =#REF!-#REF! -> #REF! | BK44: =COUNTIFS(B44:G44, ">=1", B44:G44, "<=9") -> 1 | BL44: =COUNTIFS(B44:G44, ">=10", B44:G44, "<=19") -> 1 | BM44: =COUNTIFS(B44:G44, ">=20", B44:G44, "<=29") -> 1 | BN44: =COUNTIFS(B44:G44, ">=30", B44:G44, "<=39") -> 1 | BO44: =COUNTIFS(B44:G44, ">=40", B44:G44, "<=45") -> 2 | BP44: =#REF! -> #REF! | BQ44: =#REF!*2 -> #REF! | BR44: =#REF! -> #REF! | BS44: =#REF!*2 -> #REF! | BT44: =#REF! -> #REF! | BU44: =#REF!*2 -> #REF! | BV44: =#REF! -> #REF! | BW44: =#REF!*2 -> #REF! | BX44: =#REF! -> #REF! | BY44: =#REF!*2 -> #REF! | BZ44: =#REF! -> #REF! | CA44: =#REF!*2 -> #REF! | CB44: =C44-B44 -> 8 | CC44: =D44-C44 -> 11 | CD44: =E44-D44 -> 8 | CE44: =F44-E44 -> 7 | CF44: =G44-F44 -> 4 | CH44: =C44-B44 -> 8 | CI44: =D44-C44 -> 11 | CJ44: =E44-D44 -> 8 | CK44: =F44-E44 -> 7 | CL44: =G44-F44 -> 4 | CN44: =IF(OR(CH44="",ISBLANK(CH44),CH44=0),0,IF(MOD(CH44,2)=1,1,2)) -> 2 | CO44: =IF(OR(CI44="",ISBLANK(CI44),CI44=0),0,IF(MOD(CI44,2)=1,1,2)) -> 1 | CP44: =IF(OR(CJ44="",ISBLANK(CJ44),CJ44=0),0,IF(MOD(CJ44,2)=1,1,2)) -> 2 | CQ44: =IF(OR(CK44="",ISBLANK(CK44),CK44=0),0,IF(MOD(CK44,2)=1,1,2)) -> 1 | CR44: =IF(OR(CL44="",ISBLANK(CL44),CL44=0),0,IF(MOD(CL44,2)=1,1,2)) -> 2 | CT44: {=SUMPRODUCT(--(MOD(CH44:CL44,2)=1))} -> 2 | CU44: =5-CT44 -> 3 | CW44: {=SUMPRODUCT(--(MOD(CH44:CL44,10)>=1), --(MOD(CH44:CL44,10)<=5))} -> 2 | CX44: =5-CW44 -> 3 | CZ44: {=IFERROR(COUNT(_xlfn._xlws.FILTER(CH44:CL44, ISNUMBER(MATCH(CH44:CL44, {2,3,5,7,11,13,17,19,23,29,31,37,41,43}, 0)))), 0)} -> 2 | DA44: {=IFERROR(COUNT(_xlfn._xlws.FILTER(CH44:CL44, ISNUMBER(MATCH(CH44:CL44, {1,4,8,10,14,16,20,22,25,26,28,32,34,35,38,40,44}, 0)))), 0)} -> 3 | DB44: {=IFERROR(COUNT(_xlfn._xlws.FILTER(CH44:CL44, ISNUMBER(MATCH(CH44:CL44, {6,9,12,15,18,21,24,27,30,33,36,39,42,45}, 0)))), 0)} -> 0 | DD44: =#REF! -> #REF! | DE44: =#REF!*2 -> #REF! | DF44: =#REF! -> #REF! | DG44: =#REF!*2 -> #REF! | DH44: =#REF! -> #REF! | DI44: =#REF!*2 -> #REF! | DJ44: =#REF! -> #REF! | DK44: =#REF!*2 -> #REF! | DL44: =#REF! -> #REF! | DM44: =#REF!*2 -> #REF! | DO44: {=_xlfn.IFS( OR(CH44="",ISBLANK(CH44),CH44=0),0, ISNUMBER(MATCH(CH44,{2,3,5,7,11,13,17,19,23,29,31,37,41,43},0)),"소", AND(ISNUMBER(CH44),MOD(CH44,3)=0),"배", AND(ISNUMBER(CH44),CH44>0),"자" )} -> 자 | DP44: {=_xlfn.IFS( OR(CI44="",ISBLANK(CI44),CI44=0),0, ISNUMBER(MATCH(CI44,{2,3,5,7,11,13,17,19,23,29,31,37,41,43},0)),"소", AND(ISNUMBER(CI44),MOD(CI44,3)=0),"배", AND(ISNUMBER(CI44),CI44>0),"자" )} -> 소 | DQ44: {=_xlfn.IFS( OR(CJ44="",ISBLANK(CJ44),CJ44=0),0, ISNUMBER(MATCH(CJ44,{2,3,5,7,11,13,17,19,23,29,31,37,41,43},0)),"소", AND(ISNUMBER(CJ44),MOD(CJ44,3)=0),"배", AND(ISNUMBER(CJ44),CJ44>0),"자" )} -> 자 | DR44: {=_xlfn.IFS( OR(CK44="",ISBLANK(CK44),CK44=0),0, ISNUMBER(MATCH(CK44,{2,3,5,7,11,13,17,19,23,29,31,37,41,43},0)),"소", AND(ISNUMBER(CK44),MOD(CK44,3)=0),"배", AND(ISNUMBER(CK44),CK44>0),"자" )} -> 소 | DS44: {=_xlfn.IFS( OR(CL44="",ISBLANK(CL44),CL44=0),0, ISNUMBER(MATCH(CL44,{2,3,5,7,11,13,17,19,23,29,31,37,41,43},0)),"소", AND(ISNUMBER(CL44),MOD(CL44,3)=0),"배", AND(ISNUMBER(CL44),CL44>0),"자" )} -> 자
B45: 4 | C45: 5 | D45: 9 | E45: 11 | F45: 37 | G45: 40 | I45: =IF(OR(B45="",ISBLANK(B45),B45=0),0,IF(MOD(B45,2)=1,1,2)) -> 2 | J45: =IF(OR(C45="",ISBLANK(C45),C45=0),0,IF(MOD(C45,2)=1,1,2)) -> 1 | K45: =IF(OR(D45="",ISBLANK(D45),D45=0),0,IF(MOD(D45,2)=1,1,2)) -> 1 | L45: =IF(OR(E45="",ISBLANK(E45),E45=0),0,IF(MOD(E45,2)=1,1,2)) -> 1 | M45: =IF(OR(F45="",ISBLANK(F45),F45=0),0,IF(MOD(F45,2)=1,1,2)) -> 1 | N45: =IF(OR(G45="",ISBLANK(G45),G45=0),0,IF(MOD(G45,2)=1,1,2)) -> 2 | P45: {=SUMPRODUCT(--(MOD(B45:G45,2)=1))} -> 4 | Q45: =6-P45 -> 2 | S45: =COUNTIFS(B45:G45,">=1",B45:G45,"<=23") -> 4 | T45: =6-S45 -> 2 | V45: {=SUMPRODUCT(--(MOD(B45:G45,10)>=1), --(MOD(B45:G45,10)<=5))} -> 3 | W45: =6-V45 -> 3 | Y45: {=IFERROR(COUNT(_xlfn._xlws.FILTER(B45:G45, ISNUMBER(MATCH(B45:G45, {2,3,5,7,11,13,17,19,23,29,31,37,41,43}, 0)))), 0)} -> 3 | Z45: {=IFERROR(COUNT(_xlfn._xlws.FILTER(B45:G45, ISNUMBER(MATCH(B45:G45, {1,4,8,10,14,16,20,22,25,26,28,32,34,35,38,40,44}, 0)))), 0)} -> 2 | AA45: {=IFERROR(COUNT(_xlfn._xlws.FILTER(B45:G45, ISNUMBER(MATCH(B45:G45, {6,9,12,15,18,21,24,27,30,33,36,39,42,45}, 0)))), 0)} -> 1 | AC45: {=_xlfn.IFS( OR(B45="",ISBLANK(B45),B45=0),0, ISNUMBER(MATCH(B45,{2,3,5,7,11,13,17,19,23,29,31,37,41,43},0)),"소", AND(ISNUMBER(B45),MOD(B45,3)=0),"배", AND(ISNUMBER(B45),B45>0),"자" )} -> 자 | AD45: {=_xlfn.IFS( OR(C45="",ISBLANK(C45),C45=0),0, ISNUMBER(MATCH(C45,{2,3,5,7,11,13,17,19,23,29,31,37,41,43},0)),"소", AND(ISNUMBER(C45),MOD(C45,3)=0),"배", AND(ISNUMBER(C45),C45>0),"자" )} -> 소 | AE45: {=_xlfn.IFS( OR(D45="",ISBLANK(D45),D45=0),0, ISNUMBER(MATCH(D45,{2,3,5,7,11,13,17,19,23,29,31,37,41,43},0)),"소", AND(ISNUMBER(D45),MOD(D45,3)=0),"배", AND(ISNUMBER(D45),D45>0),"자" )} -> 배 | AF45: {=_xlfn.IFS( OR(E45="",ISBLANK(E45),E45=0),0, ISNUMBER(MATCH(E45,{2,3,5,7,11,13,17,19,23,29,31,37,41,43},0)),"소", AND(ISNUMBER(E45),MOD(E45,3)=0),"배", AND(ISNUMBER(E45),E45>0),"자" )} -> 소 | AG45: {=_xlfn.IFS( OR(F45="",ISBLANK(F45),F45=0),0, ISNUMBER(MATCH(F45,{2,3,5,7,11,13,17,19,23,29,31,37,41,43},0)),"소", AND(ISNUMBER(F45),MOD(F45,3)=0),"배", AND(ISNUMBER(F45),F45>0),"자" )} -> 소 | AH45: {=_xlfn.IFS( OR(G45="",ISBLANK(G45),G45=0),0, ISNUMBER(MATCH(G45,{2,3,5,7,11,13,17,19,23,29,31,37,41,43},0)),"소", AND(ISNUMBER(G45),MOD(G45,3)=0),"배", AND(ISNUMBER(G45),G45>0),"자" )} -> 자 | AJ45: =COUNTIFS(B45:G45,">=1",B45:G45,"<=14") -> 4 | AK45: =COUNTIFS(B45:G45,">=15",B45:G45,"<=31") -> 0 | AL45: =6-AK45-AJ45 -> 2 | AN45: =COUNTIFS($B45:$G45, ">=1",$B45:$G45, "<=9") -> 3 | AO45: =COUNTIFS($B45:$G45, ">=10",$B45:$G45, "<=18") -> 1 | AP45: =COUNTIFS($B45:$G45, ">=19",$B45:$G45, "<=27") -> 0 | AQ45: =COUNTIFS($B45:$G45, ">=28",$B45:$G45, "<=36") -> 0 | AR45: =COUNTIFS($B45:$G45, ">=37",$B45:$G45, "<=45") -> 2 | AS45: =#REF! -> #REF! | AT45: =#REF!*2 -> #REF! | AU45: =#REF! -> #REF! | AV45: =#REF!*2 -> #REF! | AW45: =#REF! -> #REF! | AX45: =#REF!*2 -> #REF! | AY45: =#REF! -> #REF! | AZ45: =#REF!*2 -> #REF! | BA45: =#REF! -> #REF! | BB45: =#REF!*2 -> #REF! | BC45: =#REF! -> #REF! | BD45: =#REF!*2 -> #REF! | BE45: =#REF!-#REF! -> #REF! | BF45: =#REF!-#REF! -> #REF! | BG45: =#REF!-#REF! -> #REF! | BH45: =#REF!-#REF! -> #REF! | BI45: =#REF!-#REF! -> #REF! | BK45: =COUNTIFS(B45:G45, ">=1", B45:G45, "<=9") -> 3 | BL45: =COUNTIFS(B45:G45, ">=10", B45:G45, "<=19") -> 1 | BM45: =COUNTIFS(B45:G45, ">=20", B45:G45, "<=29") -> 0 | BN45: =COUNTIFS(B45:G45, ">=30", B45:G45, "<=39") -> 1 | BO45: =COUNTIFS(B45:G45, ">=40", B45:G45, "<=45") -> 1 | BP45: =#REF! -> #REF! | BQ45: =#REF!*2 -> #REF! | BR45: =#REF! -> #REF! | BS45: =#REF!*2 -> #REF! | BT45: =#REF! -> #REF! | BU45: =#REF!*2 -> #REF! | BV45: =#REF! -> #REF! | BW45: =#REF!*2 -> #REF! | BX45: =#REF! -> #REF! | BY45: =#REF!*2 -> #REF! | BZ45: =#REF! -> #REF! | CA45: =#REF!*2 -> #REF! | CB45: =C45-B45 -> 1 | CC45: =D45-C45 -> 4 | CD45: =E45-D45 -> 2 | CE45: =F45-E45 -> 26 | CF45: =G45-F45 -> 3 | CH45: =C45-B45 -> 1 | CI45: =D45-C45 -> 4 | CJ45: =E45-D45 -> 2 | CK45: =F45-E45 -> 26 | CL45: =G45-F45 -> 3 | CN45: =IF(OR(CH45="",ISBLANK(CH45),CH45=0),0,IF(MOD(CH45,2)=1,1,2)) -> 1 | CO45: =IF(OR(CI45="",ISBLANK(CI45),CI45=0),0,IF(MOD(CI45,2)=1,1,2)) -> 2 | CP45: =IF(OR(CJ45="",ISBLANK(CJ45),CJ45=0),0,IF(MOD(CJ45,2)=1,1,2)) -> 2 | CQ45: =IF(OR(CK45="",ISBLANK(CK45),CK45=0),0,IF(MOD(CK45,2)=1,1,2)) -> 2 | CR45: =IF(OR(CL45="",ISBLANK(CL45),CL45=0),0,IF(MOD(CL45,2)=1,1,2)) -> 1 | CT45: {=SUMPRODUCT(--(MOD(CH45:CL45,2)=1))} -> 2 | CU45: =5-CT45 -> 3 | CW45: {=SUMPRODUCT(--(MOD(CH45:CL45,10)>=1), --(MOD(CH45:CL45,10)<=5))} -> 4 | CX45: =5-CW45 -> 1 | CZ45: {=IFERROR(COUNT(_xlfn._xlws.FILTER(CH45:CL45, ISNUMBER(MATCH(CH45:CL45, {2,3,5,7,11,13,17,19,23,29,31,37,41,43}, 0)))), 0)} -> 2 | DA45: {=IFERROR(COUNT(_xlfn._xlws.FILTER(CH45:CL45, ISNUMBER(MATCH(CH45:CL45, {1,4,8,10,14,16,20,22,25,26,28,32,34,35,38,40,44}, 0)))), 0)} -> 3 | DB45: {=IFERROR(COUNT(_xlfn._xlws.FILTER(CH45:CL45, ISNUMBER(MATCH(CH45:CL45, {6,9,12,15,18,21,24,27,30,33,36,39,42,45}, 0)))), 0)} -> 0 | DD45: =#REF! -> #REF! | DE45: =#REF!*2 -> #REF! | DF45: =#REF! -> #REF! | DG45: =#REF!*2 -> #REF! | DH45: =#REF! -> #REF! | DI45: =#REF!*2 -> #REF! | DJ45: =#REF! -> #REF! | DK45: =#REF!*2 -> #REF! | DL45: =#REF! -> #REF! | DM45: =#REF!*2 -> #REF! | DO45: {=_xlfn.IFS( OR(CH45="",ISBLANK(CH45),CH45=0),0, ISNUMBER(MATCH(CH45,{2,3,5,7,11,13,17,19,23,29,31,37,41,43},0)),"소", AND(ISNUMBER(CH45),MOD(CH45,3)=0),"배", AND(ISNUMBER(CH45),CH45>0),"자" )} -> 자 | DP45: {=_xlfn.IFS( OR(CI45="",ISBLANK(CI45),CI45=0),0, ISNUMBER(MATCH(CI45,{2,3,5,7,11,13,17,19,23,29,31,37,41,43},0)),"소", AND(ISNUMBER(CI45),MOD(CI45,3)=0),"배", AND(ISNUMBER(CI45),CI45>0),"자" )} -> 자 | DQ45: {=_xlfn.IFS( OR(CJ45="",ISBLANK(CJ45),CJ45=0),0, ISNUMBER(MATCH(CJ45,{2,3,5,7,11,13,17,19,23,29,31,37,41,43},0)),"소", AND(ISNUMBER(CJ45),MOD(CJ45,3)=0),"배", AND(ISNUMBER(CJ45),CJ45>0),"자" )} -> 소 | DR45: {=_xlfn.IFS( OR(CK45="",ISBLANK(CK45),CK45=0),0, ISNUMBER(MATCH(CK45,{2,3,5,7,11,13,17,19,23,29,31,37,41,43},0)),"소", AND(ISNUMBER(CK45),MOD(CK45,3)=0),"배", AND(ISNUMBER(CK45),CK45>0),"자" )} -> 자 | DS45: {=_xlfn.IFS( OR(CL45="",ISBLANK(CL45),CL45=0),0, ISNUMBER(MATCH(CL45,{2,3,5,7,11,13,17,19,23,29,31,37,41,43},0)),"소", AND(ISNUMBER(CL45),MOD(CL45,3)=0),"배", AND(ISNUMBER(CL45),CL45>0),"자" )} -> 소
B46: 10 | C46: 15 | D46: 24 | E46: 30 | F46: 31 | G46: 37 | I46: =IF(OR(B46="",ISBLANK(B46),B46=0),0,IF(MOD(B46,2)=1,1,2)) -> 2 | J46: =IF(OR(C46="",ISBLANK(C46),C46=0),0,IF(MOD(C46,2)=1,1,2)) -> 1 | K46: =IF(OR(D46="",ISBLANK(D46),D46=0),0,IF(MOD(D46,2)=1,1,2)) -> 2 | L46: =IF(OR(E46="",ISBLANK(E46),E46=0),0,IF(MOD(E46,2)=1,1,2)) -> 2 | M46: =IF(OR(F46="",ISBLANK(F46),F46=0),0,IF(MOD(F46,2)=1,1,2)) -> 1 | N46: =IF(OR(G46="",ISBLANK(G46),G46=0),0,IF(MOD(G46,2)=1,1,2)) -> 1 | P46: {=SUMPRODUCT(--(MOD(B46:G46,2)=1))} -> 3 | Q46: =6-P46 -> 3 | S46: =COUNTIFS(B46:G46,">=1",B46:G46,"<=23") -> 2 | T46: =6-S46 -> 4 | V46: {=SUMPRODUCT(--(MOD(B46:G46,10)>=1), --(MOD(B46:G46,10)<=5))} -> 3 | W46: =6-V46 -> 3 | Y46: {=IFERROR(COUNT(_xlfn._xlws.FILTER(B46:G46, ISNUMBER(MATCH(B46:G46, {2,3,5,7,11,13,17,19,23,29,31,37,41,43}, 0)))), 0)} -> 2 | Z46: {=IFERROR(COUNT(_xlfn._xlws.FILTER(B46:G46, ISNUMBER(MATCH(B46:G46, {1,4,8,10,14,16,20,22,25,26,28,32,34,35,38,40,44}, 0)))), 0)} -> 1 | AA46: {=IFERROR(COUNT(_xlfn._xlws.FILTER(B46:G46, ISNUMBER(MATCH(B46:G46, {6,9,12,15,18,21,24,27,30,33,36,39,42,45}, 0)))), 0)} -> 3 | AC46: {=_xlfn.IFS( OR(B46="",ISBLANK(B46),B46=0),0, ISNUMBER(MATCH(B46,{2,3,5,7,11,13,17,19,23,29,31,37,41,43},0)),"소", AND(ISNUMBER(B46),MOD(B46,3)=0),"배", AND(ISNUMBER(B46),B46>0),"자" )} -> 자 | AD46: {=_xlfn.IFS( OR(C46="",ISBLANK(C46),C46=0),0, ISNUMBER(MATCH(C46,{2,3,5,7,11,13,17,19,23,29,31,37,41,43},0)),"소", AND(ISNUMBER(C46),MOD(C46,3)=0),"배", AND(ISNUMBER(C46),C46>0),"자" )} -> 배 | AE46: {=_xlfn.IFS( OR(D46="",ISBLANK(D46),D46=0),0, ISNUMBER(MATCH(D46,{2,3,5,7,11,13,17,19,23,29,31,37,41,43},0)),"소", AND(ISNUMBER(D46),MOD(D46,3)=0),"배", AND(ISNUMBER(D46),D46>0),"자" )} -> 배 | AF46: {=_xlfn.IFS( OR(E46="",ISBLANK(E46),E46=0),0, ISNUMBER(MATCH(E46,{2,3,5,7,11,13,17,19,23,29,31,37,41,43},0)),"소", AND(ISNUMBER(E46),MOD(E46,3)=0),"배", AND(ISNUMBER(E46),E46>0),"자" )} -> 배 | AG46: {=_xlfn.IFS( OR(F46="",ISBLANK(F46),F46=0),0, ISNUMBER(MATCH(F46,{2,3,5,7,11,13,17,19,23,29,31,37,41,43},0)),"소", AND(ISNUMBER(F46),MOD(F46,3)=0),"배", AND(ISNUMBER(F46),F46>0),"자" )} -> 소 | AH46: {=_xlfn.IFS( OR(G46="",ISBLANK(G46),G46=0),0, ISNUMBER(MATCH(G46,{2,3,5,7,11,13,17,19,23,29,31,37,41,43},0)),"소", AND(ISNUMBER(G46),MOD(G46,3)=0),"배", AND(ISNUMBER(G46),G46>0),"자" )} -> 소 | AJ46: =COUNTIFS(B46:G46,">=1",B46:G46,"<=14") -> 1 | AK46: =COUNTIFS(B46:G46,">=15",B46:G46,"<=31") -> 4 | AL46: =6-AK46-AJ46 -> 1 | AN46: =COUNTIFS($B46:$G46, ">=1",$B46:$G46, "<=9") -> 0 | AO46: =COUNTIFS($B46:$G46, ">=10",$B46:$G46, "<=18") -> 2 | AP46: =COUNTIFS($B46:$G46, ">=19",$B46:$G46, "<=27") -> 1 | AQ46: =COUNTIFS($B46:$G46, ">=28",$B46:$G46, "<=36") -> 2 | AR46: =COUNTIFS($B46:$G46, ">=37",$B46:$G46, "<=45") -> 1 | AS46: =#REF! -> #REF! | AT46: =#REF!*2 -> #REF! | AU46: =#REF! -> #REF! | AV46: =#REF!*2 -> #REF! | AW46: =#REF! -> #REF! | AX46: =#REF!*2 -> #REF! | AY46: =#REF! -> #REF! | AZ46: =#REF!*2 -> #REF! | BA46: =#REF! -> #REF! | BB46: =#REF!*2 -> #REF! | BC46: =#REF! -> #REF! | BD46: =#REF!*2 -> #REF! | BE46: =#REF!-#REF! -> #REF! | BF46: =#REF!-#REF! -> #REF! | BG46: =#REF!-#REF! -> #REF! | BH46: =#REF!-#REF! -> #REF! | BI46: =#REF!-#REF! -> #REF! | BK46: =COUNTIFS(B46:G46, ">=1", B46:G46, "<=9") -> 0 | BL46: =COUNTIFS(B46:G46, ">=10", B46:G46, "<=19") -> 2 | BM46: =COUNTIFS(B46:G46, ">=20", B46:G46, "<=29") -> 1 | BN46: =COUNTIFS(B46:G46, ">=30", B46:G46, "<=39") -> 3 | BO46: =COUNTIFS(B46:G46, ">=40", B46:G46, "<=45") -> 0 | BP46: =#REF! -> #REF! | BQ46: =#REF!*2 -> #REF! | BR46: =#REF! -> #REF! | BS46: =#REF!*2 -> #REF! | BT46: =#REF! -> #REF! | BU46: =#REF!*2 -> #REF! | BV46: =#REF! -> #REF! | BW46: =#REF!*2 -> #REF! | BX46: =#REF! -> #REF! | BY46: =#REF!*2 -> #REF! | BZ46: =#REF! -> #REF! | CA46: =#REF!*2 -> #REF! | CB46: =C46-B46 -> 5 | CC46: =D46-C46 -> 9 | CD46: =E46-D46 -> 6 | CE46: =F46-E46 -> 1 | CF46: =G46-F46 -> 6 | CH46: =C46-B46 -> 5 | CI46: =D46-C46 -> 9 | CJ46: =E46-D46 -> 6 | CK46: =F46-E46 -> 1 | CL46: =G46-F46 -> 6 | CN46: =IF(OR(CH46="",ISBLANK(CH46),CH46=0),0,IF(MOD(CH46,2)=1,1,2)) -> 1 | CO46: =IF(OR(CI46="",ISBLANK(CI46),CI46=0),0,IF(MOD(CI46,2)=1,1,2)) -> 1 | CP46: =IF(OR(CJ46="",ISBLANK(CJ46),CJ46=0),0,IF(MOD(CJ46,2)=1,1,2)) -> 2 | CQ46: =IF(OR(CK46="",ISBLANK(CK46),CK46=0),0,IF(MOD(CK46,2)=1,1,2)) -> 1 | CR46: =IF(OR(CL46="",ISBLANK(CL46),CL46=0),0,IF(MOD(CL46,2)=1,1,2)) -> 2 | CT46: {=SUMPRODUCT(--(MOD(CH46:CL46,2)=1))} -> 3 | CU46: =5-CT46 -> 2 | CW46: {=SUMPRODUCT(--(MOD(CH46:CL46,10)>=1), --(MOD(CH46:CL46,10)<=5))} -> 2 | CX46: =5-CW46 -> 3 | CZ46: {=IFERROR(COUNT(_xlfn._xlws.FILTER(CH46:CL46, ISNUMBER(MATCH(CH46:CL46, {2,3,5,7,11,13,17,19,23,29,31,37,41,43}, 0)))), 0)} -> 1 | DA46: {=IFERROR(COUNT(_xlfn._xlws.FILTER(CH46:CL46, ISNUMBER(MATCH(CH46:CL46, {1,4,8,10,14,16,20,22,25,26,28,32,34,35,38,40,44}, 0)))), 0)} -> 1 | DB46: {=IFERROR(COUNT(_xlfn._xlws.FILTER(CH46:CL46, ISNUMBER(MATCH(CH46:CL46, {6,9,12,15,18,21,24,27,30,33,36,39,42,45}, 0)))), 0)} -> 3 | DD46: =#REF! -> #REF! | DE46: =#REF!*2 -> #REF! | DF46: =#REF! -> #REF! | DG46: =#REF!*2 -> #REF! | DH46: =#REF! -> #REF! | DI46: =#REF!*2 -> #REF! | DJ46: =#REF! -> #REF! | DK46: =#REF!*2 -> #REF! | DL46: =#REF! -> #REF! | DM46: =#REF!*2 -> #REF! | DO46: {=_xlfn.IFS( OR(CH46="",ISBLANK(CH46),CH46=0),0, ISNUMBER(MATCH(CH46,{2,3,5,7,11,13,17,19,23,29,31,37,41,43},0)),"소", AND(ISNUMBER(CH46),MOD(CH46,3)=0),"배", AND(ISNUMBER(CH46),CH46>0),"자" )} -> 소 | DP46: {=_xlfn.IFS( OR(CI46="",ISBLANK(CI46),CI46=0),0, ISNUMBER(MATCH(CI46,{2,3,5,7,11,13,17,19,23,29,31,37,41,43},0)),"소", AND(ISNUMBER(CI46),MOD(CI46,3)=0),"배", AND(ISNUMBER(CI46),CI46>0),"자" )} -> 배 | DQ46: {=_xlfn.IFS( OR(CJ46="",ISBLANK(CJ46),CJ46=0),0, ISNUMBER(MATCH(CJ46,{2,3,5,7,11,13,17,19,23,29,31,37,41,43},0)),"소", AND(ISNUMBER(CJ46),MOD(CJ46,3)=0),"배", AND(ISNUMBER(CJ46),CJ46>0),"자" )} -> 배 | DR46: {=_xlfn.IFS( OR(CK46="",ISBLANK(CK46),CK46=0),0, ISNUMBER(MATCH(CK46,{2,3,5,7,11,13,17,19,23,29,31,37,41,43},0)),"소", AND(ISNUMBER(CK46),MOD(CK46,3)=0),"배", AND(ISNUMBER(CK46),CK46>0),"자" )} -> 자 | DS46: {=_xlfn.IFS( OR(CL46="",ISBLANK(CL46),CL46=0),0, ISNUMBER(MATCH(CL46,{2,3,5,7,11,13,17,19,23,29,31,37,41,43},0)),"소", AND(ISNUMBER(CL46),MOD(CL46,3)=0),"배", AND(ISNUMBER(CL46),CL46>0),"자" )} -> 배
B47: 1 | C47: 5 | D47: 8 | E47: 16 | F47: 28 | G47: 33 | I47: =IF(OR(B47="",ISBLANK(B47),B47=0),0,IF(MOD(B47,2)=1,1,2)) -> 1 | J47: =IF(OR(C47="",ISBLANK(C47),C47=0),0,IF(MOD(C47,2)=1,1,2)) -> 1 | K47: =IF(OR(D47="",ISBLANK(D47),D47=0),0,IF(MOD(D47,2)=1,1,2)) -> 2 | L47: =IF(OR(E47="",ISBLANK(E47),E47=0),0,IF(MOD(E47,2)=1,1,2)) -> 2 | M47: =IF(OR(F47="",ISBLANK(F47),F47=0),0,IF(MOD(F47,2)=1,1,2)) -> 2 | N47: =IF(OR(G47="",ISBLANK(G47),G47=0),0,IF(MOD(G47,2)=1,1,2)) -> 1 | P47: {=SUMPRODUCT(--(MOD(B47:G47,2)=1))} -> 3 | Q47: =6-P47 -> 3 | S47: =COUNTIFS(B47:G47,">=1",B47:G47,"<=23") -> 4 | T47: =6-S47 -> 2 | V47: {=SUMPRODUCT(--(MOD(B47:G47,10)>=1), --(MOD(B47:G47,10)<=5))} -> 3 | W47: =6-V47 -> 3 | Y47: {=IFERROR(COUNT(_xlfn._xlws.FILTER(B47:G47, ISNUMBER(MATCH(B47:G47, {2,3,5,7,11,13,17,19,23,29,31,37,41,43}, 0)))), 0)} -> 1 | Z47: {=IFERROR(COUNT(_xlfn._xlws.FILTER(B47:G47, ISNUMBER(MATCH(B47:G47, {1,4,8,10,14,16,20,22,25,26,28,32,34,35,38,40,44}, 0)))), 0)} -> 4 | AA47: {=IFERROR(COUNT(_xlfn._xlws.FILTER(B47:G47, ISNUMBER(MATCH(B47:G47, {6,9,12,15,18,21,24,27,30,33,36,39,42,45}, 0)))), 0)} -> 1 | AC47: {=_xlfn.IFS( OR(B47="",ISBLANK(B47),B47=0),0, ISNUMBER(MATCH(B47,{2,3,5,7,11,13,17,19,23,29,31,37,41,43},0)),"소", AND(ISNUMBER(B47),MOD(B47,3)=0),"배", AND(ISNUMBER(B47),B47>0),"자" )} -> 자 | AD47: {=_xlfn.IFS( OR(C47="",ISBLANK(C47),C47=0),0, ISNUMBER(MATCH(C47,{2,3,5,7,11,13,17,19,23,29,31,37,41,43},0)),"소", AND(ISNUMBER(C47),MOD(C47,3)=0),"배", AND(ISNUMBER(C47),C47>0),"자" )} -> 소 | AE47: {=_xlfn.IFS( OR(D47="",ISBLANK(D47),D47=0),0, ISNUMBER(MATCH(D47,{2,3,5,7,11,13,17,19,23,29,31,37,41,43},0)),"소", AND(ISNUMBER(D47),MOD(D47,3)=0),"배", AND(ISNUMBER(D47),D47>0),"자" )} -> 자 | AF47: {=_xlfn.IFS( OR(E47="",ISBLANK(E47),E47=0),0, ISNUMBER(MATCH(E47,{2,3,5,7,11,13,17,19,23,29,31,37,41,43},0)),"소", AND(ISNUMBER(E47),MOD(E47,3)=0),"배", AND(ISNUMBER(E47),E47>0),"자" )} -> 자 | AG47: {=_xlfn.IFS( OR(F47="",ISBLANK(F47),F47=0),0, ISNUMBER(MATCH(F47,{2,3,5,7,11,13,17,19,23,29,31,37,41,43},0)),"소", AND(ISNUMBER(F47),MOD(F47,3)=0),"배", AND(ISNUMBER(F47),F47>0),"자" )} -> 자 | AH47: {=_xlfn.IFS( OR(G47="",ISBLANK(G47),G47=0),0, ISNUMBER(MATCH(G47,{2,3,5,7,11,13,17,19,23,29,31,37,41,43},0)),"소", AND(ISNUMBER(G47),MOD(G47,3)=0),"배", AND(ISNUMBER(G47),G47>0),"자" )} -> 배 | AJ47: =COUNTIFS(B47:G47,">=1",B47:G47,"<=14") -> 3 | AK47: =COUNTIFS(B47:G47,">=15",B47:G47,"<=31") -> 2 | AL47: =6-AK47-AJ47 -> 1 | AN47: =COUNTIFS($B47:$G47, ">=1",$B47:$G47, "<=9") -> 3 | AO47: =COUNTIFS($B47:$G47, ">=10",$B47:$G47, "<=18") -> 1 | AP47: =COUNTIFS($B47:$G47, ">=19",$B47:$G47, "<=27") -> 0 | AQ47: =COUNTIFS($B47:$G47, ">=28",$B47:$G47, "<=36") -> 2 | AR47: =COUNTIFS($B47:$G47, ">=37",$B47:$G47, "<=45") -> 0 | AS47: =#REF! -> #REF! | AT47: =#REF!*2 -> #REF! | AU47: =#REF! -> #REF! | AV47: =#REF!*2 -> #REF! | AW47: =#REF! -> #REF! | AX47: =#REF!*2 -> #REF! | AY47: =#REF! -> #REF! | AZ47: =#REF!*2 -> #REF! | BA47: =#REF! -> #REF! | BB47: =#REF!*2 -> #REF! | BC47: =#REF! -> #REF! | BD47: =#REF!*2 -> #REF! | BE47: =#REF!-#REF! -> #REF! | BF47: =#REF!-#REF! -> #REF! | BG47: =#REF!-#REF! -> #REF! | BH47: =#REF!-#REF! -> #REF! | BI47: =#REF!-#REF! -> #REF! | BK47: =COUNTIFS(B47:G47, ">=1", B47:G47, "<=9") -> 3 | BL47: =COUNTIFS(B47:G47, ">=10", B47:G47, "<=19") -> 1 | BM47: =COUNTIFS(B47:G47, ">=20", B47:G47, "<=29") -> 1 | BN47: =COUNTIFS(B47:G47, ">=30", B47:G47, "<=39") -> 1 | BO47: =COUNTIFS(B47:G47, ">=40", B47:G47, "<=45") -> 0 | BP47: =#REF! -> #REF! | BQ47: =#REF!*2 -> #REF! | BR47: =#REF! -> #REF! | BS47: =#REF!*2 -> #REF! | BT47: =#REF! -> #REF! | BU47: =#REF!*2 -> #REF! | BV47: =#REF! -> #REF! | BW47: =#REF!*2 -> #REF! | BX47: =#REF! -> #REF! | BY47: =#REF!*2 -> #REF! | BZ47: =#REF! -> #REF! | CA47: =#REF!*2 -> #REF! | CB47: =C47-B47 -> 4 | CC47: =D47-C47 -> 3 | CD47: =E47-D47 -> 8 | CE47: =F47-E47 -> 12 | CF47: =G47-F47 -> 5 | CH47: =C47-B47 -> 4 | CI47: =D47-C47 -> 3 | CJ47: =E47-D47 -> 8 | CK47: =F47-E47 -> 12 | CL47: =G47-F47 -> 5 | CN47: =IF(OR(CH47="",ISBLANK(CH47),CH47=0),0,IF(MOD(CH47,2)=1,1,2)) -> 2 | CO47: =IF(OR(CI47="",ISBLANK(CI47),CI47=0),0,IF(MOD(CI47,2)=1,1,2)) -> 1 | CP47: =IF(OR(CJ47="",ISBLANK(CJ47),CJ47=0),0,IF(MOD(CJ47,2)=1,1,2)) -> 2 | CQ47: =IF(OR(CK47="",ISBLANK(CK47),CK47=0),0,IF(MOD(CK47,2)=1,1,2)) -> 2 | CR47: =IF(OR(CL47="",ISBLANK(CL47),CL47=0),0,IF(MOD(CL47,2)=1,1,2)) -> 1 | CT47: {=SUMPRODUCT(--(MOD(CH47:CL47,2)=1))} -> 2 | CU47: =5-CT47 -> 3 | CW47: {=SUMPRODUCT(--(MOD(CH47:CL47,10)>=1), --(MOD(CH47:CL47,10)<=5))} -> 4 | CX47: =5-CW47 -> 1 | CZ47: {=IFERROR(COUNT(_xlfn._xlws.FILTER(CH47:CL47, ISNUMBER(MATCH(CH47:CL47, {2,3,5,7,11,13,17,19,23,29,31,37,41,43}, 0)))), 0)} -> 2 | DA47: {=IFERROR(COUNT(_xlfn._xlws.FILTER(CH47:CL47, ISNUMBER(MATCH(CH47:CL47, {1,4,8,10,14,16,20,22,25,26,28,32,34,35,38,40,44}, 0)))), 0)} -> 2 | DB47: {=IFERROR(COUNT(_xlfn._xlws.FILTER(CH47:CL47, ISNUMBER(MATCH(CH47:CL47, {6,9,12,15,18,21,24,27,30,33,36,39,42,45}, 0)))), 0)} -> 1 | DD47: =#REF! -> #REF! | DE47: =#REF!*2 -> #REF! | DF47: =#REF! -> #REF! | DG47: =#REF!*2 -> #REF! | DH47: =#REF! -> #REF! | DI47: =#REF!*2 -> #REF! | DJ47: =#REF! -> #REF! | DK47: =#REF!*2 -> #REF! | DL47: =#REF! -> #REF! | DM47: =#REF!*2 -> #REF! | DO47: {=_xlfn.IFS( OR(CH47="",ISBLANK(CH47),CH47=0),0, ISNUMBER(MATCH(CH47,{2,3,5,7,11,13,17,19,23,29,31,37,41,43},0)),"소", AND(ISNUMBER(CH47),MOD(CH47,3)=0),"배", AND(ISNUMBER(CH47),CH47>0),"자" )} -> 자 | DP47: {=_xlfn.IFS( OR(CI47="",ISBLANK(CI47),CI47=0),0, ISNUMBER(MATCH(CI47,{2,3,5,7,11,13,17,19,23,29,31,37,41,43},0)),"소", AND(ISNUMBER(CI47),MOD(CI47,3)=0),"배", AND(ISNUMBER(CI47),CI47>0),"자" )} -> 소 | DQ47: {=_xlfn.IFS( OR(CJ47="",ISBLANK(CJ47),CJ47=0),0, ISNUMBER(MATCH(CJ47,{2,3,5,7,11,13,17,19,23,29,31,37,41,43},0)),"소", AND(ISNUMBER(CJ47),MOD(CJ47,3)=0),"배", AND(ISNUMBER(CJ47),CJ47>0),"자" )} -> 자 | DR47: {=_xlfn.IFS( OR(CK47="",ISBLANK(CK47),CK47=0),0, ISNUMBER(MATCH(CK47,{2,3,5,7,11,13,17,19,23,29,31,37,41,43},0)),"소", AND(ISNUMBER(CK47),MOD(CK47,3)=0),"배", AND(ISNUMBER(CK47),CK47>0),"자" )} -> 배 | DS47: {=_xlfn.IFS( OR(CL47="",ISBLANK(CL47),CL47=0),0, ISNUMBER(MATCH(CL47,{2,3,5,7,11,13,17,19,23,29,31,37,41,43},0)),"소", AND(ISNUMBER(CL47),MOD(CL47,3)=0),"배", AND(ISNUMBER(CL47),CL47>0),"자" )} -> 소
B48: 5 | C48: 10 | D48: 11 | E48: 17 | F48: 28 | G48: 34 | I48: =IF(OR(B48="",ISBLANK(B48),B48=0),0,IF(MOD(B48,2)=1,1,2)) -> 1 | J48: =IF(OR(C48="",ISBLANK(C48),C48=0),0,IF(MOD(C48,2)=1,1,2)) -> 2 | K48: =IF(OR(D48="",ISBLANK(D48),D48=0),0,IF(MOD(D48,2)=1,1,2)) -> 1 | L48: =IF(OR(E48="",ISBLANK(E48),E48=0),0,IF(MOD(E48,2)=1,1,2)) -> 1 | M48: =IF(OR(F48="",ISBLANK(F48),F48=0),0,IF(MOD(F48,2)=1,1,2)) -> 2 | N48: =IF(OR(G48="",ISBLANK(G48),G48=0),0,IF(MOD(G48,2)=1,1,2)) -> 2 | P48: {=SUMPRODUCT(--(MOD(B48:G48,2)=1))} -> 3 | Q48: =6-P48 -> 3 | S48: =COUNTIFS(B48:G48,">=1",B48:G48,"<=23") -> 4 | T48: =6-S48 -> 2 | V48: {=SUMPRODUCT(--(MOD(B48:G48,10)>=1), --(MOD(B48:G48,10)<=5))} -> 3 | W48: =6-V48 -> 3 | Y48: {=IFERROR(COUNT(_xlfn._xlws.FILTER(B48:G48, ISNUMBER(MATCH(B48:G48, {2,3,5,7,11,13,17,19,23,29,31,37,41,43}, 0)))), 0)} -> 3 | Z48: {=IFERROR(COUNT(_xlfn._xlws.FILTER(B48:G48, ISNUMBER(MATCH(B48:G48, {1,4,8,10,14,16,20,22,25,26,28,32,34,35,38,40,44}, 0)))), 0)} -> 3 | AA48: {=IFERROR(COUNT(_xlfn._xlws.FILTER(B48:G48, ISNUMBER(MATCH(B48:G48, {6,9,12,15,18,21,24,27,30,33,36,39,42,45}, 0)))), 0)} -> 0 | AC48: {=_xlfn.IFS( OR(B48="",ISBLANK(B48),B48=0),0, ISNUMBER(MATCH(B48,{2,3,5,7,11,13,17,19,23,29,31,37,41,43},0)),"소", AND(ISNUMBER(B48),MOD(B48,3)=0),"배", AND(ISNUMBER(B48),B48>0),"자" )} -> 소 | AD48: {=_xlfn.IFS( OR(C48="",ISBLANK(C48),C48=0),0, ISNUMBER(MATCH(C48,{2,3,5,7,11,13,17,19,23,29,31,37,41,43},0)),"소", AND(ISNUMBER(C48),MOD(C48,3)=0),"배", AND(ISNUMBER(C48),C48>0),"자" )} -> 자 | AE48: {=_xlfn.IFS( OR(D48="",ISBLANK(D48),D48=0),0, ISNUMBER(MATCH(D48,{2,3,5,7,11,13,17,19,23,29,31,37,41,43},0)),"소", AND(ISNUMBER(D48),MOD(D48,3)=0),"배", AND(ISNUMBER(D48),D48>0),"자" )} -> 소 | AF48: {=_xlfn.IFS( OR(E48="",ISBLANK(E48),E48=0),0, ISNUMBER(MATCH(E48,{2,3,5,7,11,13,17,19,23,29,31,37,41,43},0)),"소", AND(ISNUMBER(E48),MOD(E48,3)=0),"배", AND(ISNUMBER(E48),E48>0),"자" )} -> 소 | AG48: {=_xlfn.IFS( OR(F48="",ISBLANK(F48),F48=0),0, ISNUMBER(MATCH(F48,{2,3,5,7,11,13,17,19,23,29,31,37,41,43},0)),"소", AND(ISNUMBER(F48),MOD(F48,3)=0),"배", AND(ISNUMBER(F48),F48>0),"자" )} -> 자 | AH48: {=_xlfn.IFS( OR(G48="",ISBLANK(G48),G48=0),0, ISNUMBER(MATCH(G48,{2,3,5,7,11,13,17,19,23,29,31,37,41,43},0)),"소", AND(ISNUMBER(G48),MOD(G48,3)=0),"배", AND(ISNUMBER(G48),G48>0),"자" )} -> 자 | AJ48: =COUNTIFS(B48:G48,">=1",B48:G48,"<=14") -> 3 | AK48: =COUNTIFS(B48:G48,">=15",B48:G48,"<=31") -> 2 | AL48: =6-AK48-AJ48 -> 1 | AN48: =COUNTIFS($B48:$G48, ">=1",$B48:$G48, "<=9") -> 1 | AO48: =COUNTIFS($B48:$G48, ">=10",$B48:$G48, "<=18") -> 3 | AP48: =COUNTIFS($B48:$G48, ">=19",$B48:$G48, "<=27") -> 0 | AQ48: =COUNTIFS($B48:$G48, ">=28",$B48:$G48, "<=36") -> 2 | AR48: =COUNTIFS($B48:$G48, ">=37",$B48:$G48, "<=45") -> 0 | AS48: =#REF! -> #REF! | AT48: =#REF!*2 -> #REF! | AU48: =#REF! -> #REF! | AV48: =#REF!*2 -> #REF! | AW48: =#REF! -> #REF! | AX48: =#REF!*2 -> #REF! | AY48: =#REF! -> #REF! | AZ48: =#REF!*2 -> #REF! | BA48: =#REF! -> #REF! | BB48: =#REF!*2 -> #REF! | BC48: =#REF! -> #REF! | BD48: =#REF!*2 -> #REF! | BE48: =#REF!-#REF! -> #REF! | BF48: =#REF!-#REF! -> #REF! | BG48: =#REF!-#REF! -> #REF! | BH48: =#REF!-#REF! -> #REF! | BI48: =#REF!-#REF! -> #REF! | BK48: =COUNTIFS(B48:G48, ">=1", B48:G48, "<=9") -> 1 | BL48: =COUNTIFS(B48:G48, ">=10", B48:G48, "<=19") -> 3 | BM48: =COUNTIFS(B48:G48, ">=20", B48:G48, "<=29") -> 1 | BN48: =COUNTIFS(B48:G48, ">=30", B48:G48, "<=39") -> 1 | BO48: =COUNTIFS(B48:G48, ">=40", B48:G48, "<=45") -> 0 | BP48: =#REF! -> #REF! | BQ48: =#REF!*2 -> #REF! | BR48: =#REF! -> #REF! | BS48: =#REF!*2 -> #REF! | BT48: =#REF! -> #REF! | BU48: =#REF!*2 -> #REF! | BV48: =#REF! -> #REF! | BW48: =#REF!*2 -> #REF! | BX48: =#REF! -> #REF! | BY48: =#REF!*2 -> #REF! | BZ48: =#REF! -> #REF! | CA48: =#REF!*2 -> #REF! | CB48: =C48-B48 -> 5 | CC48: =D48-C48 -> 1 | CD48: =E48-D48 -> 6 | CE48: =F48-E48 -> 11 | CF48: =G48-F48 -> 6 | CH48: =C48-B48 -> 5 | CI48: =D48-C48 -> 1 | CJ48: =E48-D48 -> 6 | CK48: =F48-E48 -> 11 | CL48: =G48-F48 -> 6 | CN48: =IF(OR(CH48="",ISBLANK(CH48),CH48=0),0,IF(MOD(CH48,2)=1,1,2)) -> 1 | CO48: =IF(OR(CI48="",ISBLANK(CI48),CI48=0),0,IF(MOD(CI48,2)=1,1,2)) -> 1 | CP48: =IF(OR(CJ48="",ISBLANK(CJ48),CJ48=0),0,IF(MOD(CJ48,2)=1,1,2)) -> 2 | CQ48: =IF(OR(CK48="",ISBLANK(CK48),CK48=0),0,IF(MOD(CK48,2)=1,1,2)) -> 1 | CR48: =IF(OR(CL48="",ISBLANK(CL48),CL48=0),0,IF(MOD(CL48,2)=1,1,2)) -> 2 | CT48: {=SUMPRODUCT(--(MOD(CH48:CL48,2)=1))} -> 3 | CU48: =5-CT48 -> 2 | CW48: {=SUMPRODUCT(--(MOD(CH48:CL48,10)>=1), --(MOD(CH48:CL48,10)<=5))} -> 3 | CX48: =5-CW48 -> 2 | CZ48: {=IFERROR(COUNT(_xlfn._xlws.FILTER(CH48:CL48, ISNUMBER(MATCH(CH48:CL48, {2,3,5,7,11,13,17,19,23,29,31,37,41,43}, 0)))), 0)} -> 2 | DA48: {=IFERROR(COUNT(_xlfn._xlws.FILTER(CH48:CL48, ISNUMBER(MATCH(CH48:CL48, {1,4,8,10,14,16,20,22,25,26,28,32,34,35,38,40,44}, 0)))), 0)} -> 1 | DB48: {=IFERROR(COUNT(_xlfn._xlws.FILTER(CH48:CL48, ISNUMBER(MATCH(CH48:CL48, {6,9,12,15,18,21,24,27,30,33,36,39,42,45}, 0)))), 0)} -> 2 | DD48: =#REF! -> #REF! | DE48: =#REF!*2 -> #REF! | DF48: =#REF! -> #REF! | DG48: =#REF!*2 -> #REF! | DH48: =#REF! -> #REF! | DI48: =#REF!*2 -> #REF! | DJ48: =#REF! -> #REF! | DK48: =#REF!*2 -> #REF! | DL48: =#REF! -> #REF! | DM48: =#REF!*2 -> #REF! | DO48: {=_xlfn.IFS( OR(CH48="",ISBLANK(CH48),CH48=0),0, ISNUMBER(MATCH(CH48,{2,3,5,7,11,13,17,19,23,29,31,37,41,43},0)),"소", AND(ISNUMBER(CH48),MOD(CH48,3)=0),"배", AND(ISNUMBER(CH48),CH48>0),"자" )} -> 소 | DP48: {=_xlfn.IFS( OR(CI48="",ISBLANK(CI48),CI48=0),0, ISNUMBER(MATCH(CI48,{2,3,5,7,11,13,17,19,23,29,31,37,41,43},0)),"소", AND(ISNUMBER(CI48),MOD(CI48,3)=0),"배", AND(ISNUMBER(CI48),CI48>0),"자" )} -> 자 | DQ48: {=_xlfn.IFS( OR(CJ48="",ISBLANK(CJ48),CJ48=0),0, ISNUMBER(MATCH(CJ48,{2,3,5,7,11,13,17,19,23,29,31,37,41,43},0)),"소", AND(ISNUMBER(CJ48),MOD(CJ48,3)=0),"배", AND(ISNUMBER(CJ48),CJ48>0),"자" )} -> 배 | DR48: {=_xlfn.IFS( OR(CK48="",ISBLANK(CK48),CK48=0),0, ISNUMBER(MATCH(CK48,{2,3,5,7,11,13,17,19,23,29,31,37,41,43},0)),"소", AND(ISNUMBER(CK48),MOD(CK48,3)=0),"배", AND(ISNUMBER(CK48),CK48>0),"자" )} -> 소 | DS48: {=_xlfn.IFS( OR(CL48="",ISBLANK(CL48),CL48=0),0, ISNUMBER(MATCH(CL48,{2,3,5,7,11,13,17,19,23,29,31,37,41,43},0)),"소", AND(ISNUMBER(CL48),MOD(CL48,3)=0),"배", AND(ISNUMBER(CL48),CL48>0),"자" )} -> 배
B49: 15 | C49: 19 | D49: 21 | E49: 25 | F49: 27 | G49: 28 | I49: =IF(OR(B49="",ISBLANK(B49),B49=0),0,IF(MOD(B49,2)=1,1,2)) -> 1 | J49: =IF(OR(C49="",ISBLANK(C49),C49=0),0,IF(MOD(C49,2)=1,1,2)) -> 1 | K49: =IF(OR(D49="",ISBLANK(D49),D49=0),0,IF(MOD(D49,2)=1,1,2)) -> 1 | L49: =IF(OR(E49="",ISBLANK(E49),E49=0),0,IF(MOD(E49,2)=1,1,2)) -> 1 | M49: =IF(OR(F49="",ISBLANK(F49),F49=0),0,IF(MOD(F49,2)=1,1,2)) -> 1 | N49: =IF(OR(G49="",ISBLANK(G49),G49=0),0,IF(MOD(G49,2)=1,1,2)) -> 2 | P49: {=SUMPRODUCT(--(MOD(B49:G49,2)=1))} -> 5 | Q49: =6-P49 -> 1 | S49: =COUNTIFS(B49:G49,">=1",B49:G49,"<=23") -> 3 | T49: =6-S49 -> 3 | V49: {=SUMPRODUCT(--(MOD(B49:G49,10)>=1), --(MOD(B49:G49,10)<=5))} -> 3 | W49: =6-V49 -> 3 | Y49: {=IFERROR(COUNT(_xlfn._xlws.FILTER(B49:G49, ISNUMBER(MATCH(B49:G49, {2,3,5,7,11,13,17,19,23,29,31,37,41,43}, 0)))), 0)} -> 1 | Z49: {=IFERROR(COUNT(_xlfn._xlws.FILTER(B49:G49, ISNUMBER(MATCH(B49:G49, {1,4,8,10,14,16,20,22,25,26,28,32,34,35,38,40,44}, 0)))), 0)} -> 2 | AA49: {=IFERROR(COUNT(_xlfn._xlws.FILTER(B49:G49, ISNUMBER(MATCH(B49:G49, {6,9,12,15,18,21,24,27,30,33,36,39,42,45}, 0)))), 0)} -> 3 | AC49: {=_xlfn.IFS( OR(B49="",ISBLANK(B49),B49=0),0, ISNUMBER(MATCH(B49,{2,3,5,7,11,13,17,19,23,29,31,37,41,43},0)),"소", AND(ISNUMBER(B49),MOD(B49,3)=0),"배", AND(ISNUMBER(B49),B49>0),"자" )} -> 배 | AD49: {=_xlfn.IFS( OR(C49="",ISBLANK(C49),C49=0),0, ISNUMBER(MATCH(C49,{2,3,5,7,11,13,17,19,23,29,31,37,41,43},0)),"소", AND(ISNUMBER(C49),MOD(C49,3)=0),"배", AND(ISNUMBER(C49),C49>0),"자" )} -> 소 | AE49: {=_xlfn.IFS( OR(D49="",ISBLANK(D49),D49=0),0, ISNUMBER(MATCH(D49,{2,3,5,7,11,13,17,19,23,29,31,37,41,43},0)),"소", AND(ISNUMBER(D49),MOD(D49,3)=0),"배", AND(ISNUMBER(D49),D49>0),"자" )} -> 배 | AF49: {=_xlfn.IFS( OR(E49="",ISBLANK(E49),E49=0),0, ISNUMBER(MATCH(E49,{2,3,5,7,11,13,17,19,23,29,31,37,41,43},0)),"소", AND(ISNUMBER(E49),MOD(E49,3)=0),"배", AND(ISNUMBER(E49),E49>0),"자" )} -> 자 | AG49: {=_xlfn.IFS( OR(F49="",ISBLANK(F49),F49=0),0, ISNUMBER(MATCH(F49,{2,3,5,7,11,13,17,19,23,29,31,37,41,43},0)),"소", AND(ISNUMBER(F49),MOD(F49,3)=0),"배", AND(ISNUMBER(F49),F49>0),"자" )} -> 배 | AH49: {=_xlfn.IFS( OR(G49="",ISBLANK(G49),G49=0),0, ISNUMBER(MATCH(G49,{2,3,5,7,11,13,17,19,23,29,31,37,41,43},0)),"소", AND(ISNUMBER(G49),MOD(G49,3)=0),"배", AND(ISNUMBER(G49),G49>0),"자" )} -> 자 | AJ49: =COUNTIFS(B49:G49,">=1",B49:G49,"<=14") -> 0 | AK49: =COUNTIFS(B49:G49,">=15",B49:G49,"<=31") -> 6 | AL49: =6-AK49-AJ49 -> 0 | AN49: =COUNTIFS($B49:$G49, ">=1",$B49:$G49, "<=9") -> 0 | AO49: =COUNTIFS($B49:$G49, ">=10",$B49:$G49, "<=18") -> 1 | AP49: =COUNTIFS($B49:$G49, ">=19",$B49:$G49, "<=27") -> 4 | AQ49: =COUNTIFS($B49:$G49, ">=28",$B49:$G49, "<=36") -> 1 | AR49: =COUNTIFS($B49:$G49, ">=37",$B49:$G49, "<=45") -> 0 | AS49: =#REF! -> #REF! | AT49: =#REF!*2 -> #REF! | AU49: =#REF! -> #REF! | AV49: =#REF!*2 -> #REF! | AW49: =#REF! -> #REF! | AX49: =#REF!*2 -> #REF! | AY49: =#REF! -> #REF! | AZ49: =#REF!*2 -> #REF! | BA49: =#REF! -> #REF! | BB49: =#REF!*2 -> #REF! | BC49: =#REF! -> #REF! | BD49: =#REF!*2 -> #REF! | BE49: =#REF!-#REF! -> #REF! | BF49: =#REF!-#REF! -> #REF! | BG49: =#REF!-#REF! -> #REF! | BH49: =#REF!-#REF! -> #REF! | BI49: =#REF!-#REF! -> #REF! | BK49: =COUNTIFS(B49:G49, ">=1", B49:G49, "<=9") -> 0 | BL49: =COUNTIFS(B49:G49, ">=10", B49:G49, "<=19") -> 2 | BM49: =COUNTIFS(B49:G49, ">=20", B49:G49, "<=29") -> 4 | BN49: =COUNTIFS(B49:G49, ">=30", B49:G49, "<=39") -> 0 | BO49: =COUNTIFS(B49:G49, ">=40", B49:G49, "<=45") -> 0 | BP49: =#REF! -> #REF! | BQ49: =#REF!*2 -> #REF! | BR49: =#REF! -> #REF! | BS49: =#REF!*2 -> #REF! | BT49: =#REF! -> #REF! | BU49: =#REF!*2 -> #REF! | BV49: =#REF! -> #REF! | BW49: =#REF!*2 -> #REF! | BX49: =#REF! -> #REF! | BY49: =#REF!*2 -> #REF! | BZ49: =#REF! -> #REF! | CA49: =#REF!*2 -> #REF! | CB49: =C49-B49 -> 4 | CC49: =D49-C49 -> 2 | CD49: =E49-D49 -> 4 | CE49: =F49-E49 -> 2 | CF49: =G49-F49 -> 1 | CH49: =C49-B49 -> 4 | CI49: =D49-C49 -> 2 | CJ49: =E49-D49 -> 4 | CK49: =F49-E49 -> 2 | CL49: =G49-F49 -> 1 | CN49: =IF(OR(CH49="",ISBLANK(CH49),CH49=0),0,IF(MOD(CH49,2)=1,1,2)) -> 2 | CO49: =IF(OR(CI49="",ISBLANK(CI49),CI49=0),0,IF(MOD(CI49,2)=1,1,2)) -> 2 | CP49: =IF(OR(CJ49="",ISBLANK(CJ49),CJ49=0),0,IF(MOD(CJ49,2)=1,1,2)) -> 2 | CQ49: =IF(OR(CK49="",ISBLANK(CK49),CK49=0),0,IF(MOD(CK49,2)=1,1,2)) -> 2 | CR49: =IF(OR(CL49="",ISBLANK(CL49),CL49=0),0,IF(MOD(CL49,2)=1,1,2)) -> 1 | CT49: {=SUMPRODUCT(--(MOD(CH49:CL49,2)=1))} -> 1 | CU49: =5-CT49 -> 4 | CW49: {=SUMPRODUCT(--(MOD(CH49:CL49,10)>=1), --(MOD(CH49:CL49,10)<=5))} -> 5 | CX49: =5-CW49 -> 0 | CZ49: {=IFERROR(COUNT(_xlfn._xlws.FILTER(CH49:CL49, ISNUMBER(MATCH(CH49:CL49, {2,3,5,7,11,13,17,19,23,29,31,37,41,43}, 0)))), 0)} -> 2 | DA49: {=IFERROR(COUNT(_xlfn._xlws.FILTER(CH49:CL49, ISNUMBER(MATCH(CH49:CL49, {1,4,8,10,14,16,20,22,25,26,28,32,34,35,38,40,44}, 0)))), 0)} -> 3 | DB49: {=IFERROR(COUNT(_xlfn._xlws.FILTER(CH49:CL49, ISNUMBER(MATCH(CH49:CL49, {6,9,12,15,18,21,24,27,30,33,36,39,42,45}, 0)))), 0)} -> 0 | DD49: =#REF! -> #REF! | DE49: =#REF!*2 -> #REF! | DF49: =#REF! -> #REF! | DG49: =#REF!*2 -> #REF! | DH49: =#REF! -> #REF! | DI49: =#REF!*2 -> #REF! | DJ49: =#REF! -> #REF! | DK49: =#REF!*2 -> #REF! | DL49: =#REF! -> #REF! | DM49: =#REF!*2 -> #REF! | DO49: {=_xlfn.IFS( OR(CH49="",ISBLANK(CH49),CH49=0),0, ISNUMBER(MATCH(CH49,{2,3,5,7,11,13,17,19,23,29,31,37,41,43},0)),"소", AND(ISNUMBER(CH49),MOD(CH49,3)=0),"배", AND(ISNUMBER(CH49),CH49>0),"자" )} -> 자 | DP49: {=_xlfn.IFS( OR(CI49="",ISBLANK(CI49),CI49=0),0, ISNUMBER(MATCH(CI49,{2,3,5,7,11,13,17,19,23,29,31,37,41,43},0)),"소", AND(ISNUMBER(CI49),MOD(CI49,3)=0),"배", AND(ISNUMBER(CI49),CI49>0),"자" )} -> 소 | DQ49: {=_xlfn.IFS( OR(CJ49="",ISBLANK(CJ49),CJ49=0),0, ISNUMBER(MATCH(CJ49,{2,3,5,7,11,13,17,19,23,29,31,37,41,43},0)),"소", AND(ISNUMBER(CJ49),MOD(CJ49,3)=0),"배", AND(ISNUMBER(CJ49),CJ49>0),"자" )} -> 자 | DR49: {=_xlfn.IFS( OR(CK49="",ISBLANK(CK49),CK49=0),0, ISNUMBER(MATCH(CK49,{2,3,5,7,11,13,17,19,23,29,31,37,41,43},0)),"소", AND(ISNUMBER(CK49),MOD(CK49,3)=0),"배", AND(ISNUMBER(CK49),CK49>0),"자" )} -> 소 | DS49: {=_xlfn.IFS( OR(CL49="",ISBLANK(CL49),CL49=0),0, ISNUMBER(MATCH(CL49,{2,3,5,7,11,13,17,19,23,29,31,37,41,43},0)),"소", AND(ISNUMBER(CL49),MOD(CL49,3)=0),"배", AND(ISNUMBER(CL49),CL49>0),"자" )} -> 자
B50: 1 | C50: 2 | D50: 6 | E50: 14 | F50: 27 | G50: 38 | I50: =IF(OR(B50="",ISBLANK(B50),B50=0),0,IF(MOD(B50,2)=1,1,2)) -> 1 | J50: =IF(OR(C50="",ISBLANK(C50),C50=0),0,IF(MOD(C50,2)=1,1,2)) -> 2 | K50: =IF(OR(D50="",ISBLANK(D50),D50=0),0,IF(MOD(D50,2)=1,1,2)) -> 2 | L50: =IF(OR(E50="",ISBLANK(E50),E50=0),0,IF(MOD(E50,2)=1,1,2)) -> 2 | M50: =IF(OR(F50="",ISBLANK(F50),F50=0),0,IF(MOD(F50,2)=1,1,2)) -> 1 | N50: =IF(OR(G50="",ISBLANK(G50),G50=0),0,IF(MOD(G50,2)=1,1,2)) -> 2 | P50: {=SUMPRODUCT(--(MOD(B50:G50,2)=1))} -> 2 | Q50: =6-P50 -> 4 | S50: =COUNTIFS(B50:G50,">=1",B50:G50,"<=23") -> 4 | T50: =6-S50 -> 2 | V50: {=SUMPRODUCT(--(MOD(B50:G50,10)>=1), --(MOD(B50:G50,10)<=5))} -> 3 | W50: =6-V50 -> 3 | Y50: {=IFERROR(COUNT(_xlfn._xlws.FILTER(B50:G50, ISNUMBER(MATCH(B50:G50, {2,3,5,7,11,13,17,19,23,29,31,37,41,43}, 0)))), 0)} -> 1 | Z50: {=IFERROR(COUNT(_xlfn._xlws.FILTER(B50:G50, ISNUMBER(MATCH(B50:G50, {1,4,8,10,14,16,20,22,25,26,28,32,34,35,38,40,44}, 0)))), 0)} -> 3 | AA50: {=IFERROR(COUNT(_xlfn._xlws.FILTER(B50:G50, ISNUMBER(MATCH(B50:G50, {6,9,12,15,18,21,24,27,30,33,36,39,42,45}, 0)))), 0)} -> 2 | AC50: {=_xlfn.IFS( OR(B50="",ISBLANK(B50),B50=0),0, ISNUMBER(MATCH(B50,{2,3,5,7,11,13,17,19,23,29,31,37,41,43},0)),"소", AND(ISNUMBER(B50),MOD(B50,3)=0),"배", AND(ISNUMBER(B50),B50>0),"자" )} -> 자 | AD50: {=_xlfn.IFS( OR(C50="",ISBLANK(C50),C50=0),0, ISNUMBER(MATCH(C50,{2,3,5,7,11,13,17,19,23,29,31,37,41,43},0)),"소", AND(ISNUMBER(C50),MOD(C50,3)=0),"배", AND(ISNUMBER(C50),C50>0),"자" )} -> 소 | AE50: {=_xlfn.IFS( OR(D50="",ISBLANK(D50),D50=0),0, ISNUMBER(MATCH(D50,{2,3,5,7,11,13,17,19,23,29,31,37,41,43},0)),"소", AND(ISNUMBER(D50),MOD(D50,3)=0),"배", AND(ISNUMBER(D50),D50>0),"자" )} -> 배 | AF50: {=_xlfn.IFS( OR(E50="",ISBLANK(E50),E50=0),0, ISNUMBER(MATCH(E50,{2,3,5,7,11,13,17,19,23,29,31,37,41,43},0)),"소", AND(ISNUMBER(E50),MOD(E50,3)=0),"배", AND(ISNUMBER(E50),E50>0),"자" )} -> 자 | AG50: {=_xlfn.IFS( OR(F50="",ISBLANK(F50),F50=0),0, ISNUMBER(MATCH(F50,{2,3,5,7,11,13,17,19,23,29,31,37,41,43},0)),"소", AND(ISNUMBER(F50),MOD(F50,3)=0),"배", AND(ISNUMBER(F50),F50>0),"자" )} -> 배 | AH50: {=_xlfn.IFS( OR(G50="",ISBLANK(G50),G50=0),0, ISNUMBER(MATCH(G50,{2,3,5,7,11,13,17,19,23,29,31,37,41,43},0)),"소", AND(ISNUMBER(G50),MOD(G50,3)=0),"배", AND(ISNUMBER(G50),G50>0),"자" )} -> 자 | AJ50: =COUNTIFS(B50:G50,">=1",B50:G50,"<=14") -> 4 | AK50: =COUNTIFS(B50:G50,">=15",B50:G50,"<=31") -> 1 | AL50: =6-AK50-AJ50 -> 1 | AN50: =COUNTIFS($B50:$G50, ">=1",$B50:$G50, "<=9") -> 3 | AO50: =COUNTIFS($B50:$G50, ">=10",$B50:$G50, "<=18") -> 1 | AP50: =COUNTIFS($B50:$G50, ">=19",$B50:$G50, "<=27") -> 1 | AQ50: =COUNTIFS($B50:$G50, ">=28",$B50:$G50, "<=36") -> 0 | AR50: =COUNTIFS($B50:$G50, ">=37",$B50:$G50, "<=45") -> 1 | AS50: =#REF! -> #REF! | AT50: =#REF!*2 -> #REF! | AU50: =#REF! -> #REF! | AV50: =#REF!*2 -> #REF! | AW50: =#REF! -> #REF! | AX50: =#REF!*2 -> #REF! | AY50: =#REF! -> #REF! | AZ50: =#REF!*2 -> #REF! | BA50: =#REF! -> #REF! | BB50: =#REF!*2 -> #REF! | BC50: =#REF! -> #REF! | BD50: =#REF!*2 -> #REF! | BE50: =#REF!-#REF! -> #REF! | BF50: =#REF!-#REF! -> #REF! | BG50: =#REF!-#REF! -> #REF! | BH50: =#REF!-#REF! -> #REF! | BI50: =#REF!-#REF! -> #REF! | BK50: =COUNTIFS(B50:G50, ">=1", B50:G50, "<=9") -> 3 | BL50: =COUNTIFS(B50:G50, ">=10", B50:G50, "<=19") -> 1 | BM50: =COUNTIFS(B50:G50, ">=20", B50:G50, "<=29") -> 1 | BN50: =COUNTIFS(B50:G50, ">=30", B50:G50, "<=39") -> 1 | BO50: =COUNTIFS(B50:G50, ">=40", B50:G50, "<=45") -> 0 | BP50: =#REF! -> #REF! | BQ50: =#REF!*2 -> #REF! | BR50: =#REF! -> #REF! | BS50: =#REF!*2 -> #REF! | BT50: =#REF! -> #REF! | BU50: =#REF!*2 -> #REF! | BV50: =#REF! -> #REF! | BW50: =#REF!*2 -> #REF! | BX50: =#REF! -> #REF! | BY50: =#REF!*2 -> #REF! | BZ50: =#REF! -> #REF! | CA50: =#REF!*2 -> #REF! | CB50: =C50-B50 -> 1 | CC50: =D50-C50 -> 4 | CD50: =E50-D50 -> 8 | CE50: =F50-E50 -> 13 | CF50: =G50-F50 -> 11 | CH50: =C50-B50 -> 1 | CI50: =D50-C50 -> 4 | CJ50: =E50-D50 -> 8 | CK50: =F50-E50 -> 13 | CL50: =G50-F50 -> 11 | CN50: =IF(OR(CH50="",ISBLANK(CH50),CH50=0),0,IF(MOD(CH50,2)=1,1,2)) -> 1 | CO50: =IF(OR(CI50="",ISBLANK(CI50),CI50=0),0,IF(MOD(CI50,2)=1,1,2)) -> 2 | CP50: =IF(OR(CJ50="",ISBLANK(CJ50),CJ50=0),0,IF(MOD(CJ50,2)=1,1,2)) -> 2 | CQ50: =IF(OR(CK50="",ISBLANK(CK50),CK50=0),0,IF(MOD(CK50,2)=1,1,2)) -> 1 | CR50: =IF(OR(CL50="",ISBLANK(CL50),CL50=0),0,IF(MOD(CL50,2)=1,1,2)) -> 1 | CT50: {=SUMPRODUCT(--(MOD(CH50:CL50,2)=1))} -> 3 | CU50: =5-CT50 -> 2 | CW50: {=SUMPRODUCT(--(MOD(CH50:CL50,10)>=1), --(MOD(CH50:CL50,10)<=5))} -> 4 | CX50: =5-CW50 -> 1 | CZ50: {=IFERROR(COUNT(_xlfn._xlws.FILTER(CH50:CL50, ISNUMBER(MATCH(CH50:CL50, {2,3,5,7,11,13,17,19,23,29,31,37,41,43}, 0)))), 0)} -> 2 | DA50: {=IFERROR(COUNT(_xlfn._xlws.FILTER(CH50:CL50, ISNUMBER(MATCH(CH50:CL50, {1,4,8,10,14,16,20,22,25,26,28,32,34,35,38,40,44}, 0)))), 0)} -> 3 | DB50: {=IFERROR(COUNT(_xlfn._xlws.FILTER(CH50:CL50, ISNUMBER(MATCH(CH50:CL50, {6,9,12,15,18,21,24,27,30,33,36,39,42,45}, 0)))), 0)} -> 0 | DD50: =#REF! -> #REF! | DE50: =#REF!*2 -> #REF! | DF50: =#REF! -> #REF! | DG50: =#REF!*2 -> #REF! | DH50: =#REF! -> #REF! | DI50: =#REF!*2 -> #REF! | DJ50: =#REF! -> #REF! | DK50: =#REF!*2 -> #REF! | DL50: =#REF! -> #REF! | DM50: =#REF!*2 -> #REF! | DO50: {=_xlfn.IFS( OR(CH50="",ISBLANK(CH50),CH50=0),0, ISNUMBER(MATCH(CH50,{2,3,5,7,11,13,17,19,23,29,31,37,41,43},0)),"소", AND(ISNUMBER(CH50),MOD(CH50,3)=0),"배", AND(ISNUMBER(CH50),CH50>0),"자" )} -> 자 | DP50: {=_xlfn.IFS( OR(CI50="",ISBLANK(CI50),CI50=0),0, ISNUMBER(MATCH(CI50,{2,3,5,7,11,13,17,19,23,29,31,37,41,43},0)),"소", AND(ISNUMBER(CI50),MOD(CI50,3)=0),"배", AND(ISNUMBER(CI50),CI50>0),"자" )} -> 자 | DQ50: {=_xlfn.IFS( OR(CJ50="",ISBLANK(CJ50),CJ50=0),0, ISNUMBER(MATCH(CJ50,{2,3,5,7,11,13,17,19,23,29,31,37,41,43},0)),"소", AND(ISNUMBER(CJ50),MOD(CJ50,3)=0),"배", AND(ISNUMBER(CJ50),CJ50>0),"자" )} -> 자 | DR50: {=_xlfn.IFS( OR(CK50="",ISBLANK(CK50),CK50=0),0, ISNUMBER(MATCH(CK50,{2,3,5,7,11,13,17,19,23,29,31,37,41,43},0)),"소", AND(ISNUMBER(CK50),MOD(CK50,3)=0),"배", AND(ISNUMBER(CK50),CK50>0),"자" )} -> 소 | DS50: {=_xlfn.IFS( OR(CL50="",ISBLANK(CL50),CL50=0),0, ISNUMBER(MATCH(CL50,{2,3,5,7,11,13,17,19,23,29,31,37,41,43},0)),"소", AND(ISNUMBER(CL50),MOD(CL50,3)=0),"배", AND(ISNUMBER(CL50),CL50>0),"자" )} -> 소
B51: 6 | C51: 7 | D51: 19 | E51: 28 | F51: 34 | G51: 41 | I51: =IF(OR(B51="",ISBLANK(B51),B51=0),0,IF(MOD(B51,2)=1,1,2)) -> 2 | J51: =IF(OR(C51="",ISBLANK(C51),C51=0),0,IF(MOD(C51,2)=1,1,2)) -> 1 | K51: =IF(OR(D51="",ISBLANK(D51),D51=0),0,IF(MOD(D51,2)=1,1,2)) -> 1 | L51: =IF(OR(E51="",ISBLANK(E51),E51=0),0,IF(MOD(E51,2)=1,1,2)) -> 2 | M51: =IF(OR(F51="",ISBLANK(F51),F51=0),0,IF(MOD(F51,2)=1,1,2)) -> 2 | N51: =IF(OR(G51="",ISBLANK(G51),G51=0),0,IF(MOD(G51,2)=1,1,2)) -> 1 | P51: {=SUMPRODUCT(--(MOD(B51:G51,2)=1))} -> 3 | Q51: =6-P51 -> 3 | S51: =COUNTIFS(B51:G51,">=1",B51:G51,"<=23") -> 3 | T51: =6-S51 -> 3 | V51: {=SUMPRODUCT(--(MOD(B51:G51,10)>=1), --(MOD(B51:G51,10)<=5))} -> 2 | W51: =6-V51 -> 4 | Y51: {=IFERROR(COUNT(_xlfn._xlws.FILTER(B51:G51, ISNUMBER(MATCH(B51:G51, {2,3,5,7,11,13,17,19,23,29,31,37,41,43}, 0)))), 0)} -> 3 | Z51: {=IFERROR(COUNT(_xlfn._xlws.FILTER(B51:G51, ISNUMBER(MATCH(B51:G51, {1,4,8,10,14,16,20,22,25,26,28,32,34,35,38,40,44}, 0)))), 0)} -> 2 | AA51: {=IFERROR(COUNT(_xlfn._xlws.FILTER(B51:G51, ISNUMBER(MATCH(B51:G51, {6,9,12,15,18,21,24,27,30,33,36,39,42,45}, 0)))), 0)} -> 1 | AC51: {=_xlfn.IFS( OR(B51="",ISBLANK(B51),B51=0),0, ISNUMBER(MATCH(B51,{2,3,5,7,11,13,17,19,23,29,31,37,41,43},0)),"소", AND(ISNUMBER(B51),MOD(B51,3)=0),"배", AND(ISNUMBER(B51),B51>0),"자" )} -> 배 | AD51: {=_xlfn.IFS( OR(C51="",ISBLANK(C51),C51=0),0, ISNUMBER(MATCH(C51,{2,3,5,7,11,13,17,19,23,29,31,37,41,43},0)),"소", AND(ISNUMBER(C51),MOD(C51,3)=0),"배", AND(ISNUMBER(C51),C51>0),"자" )} -> 소 | AE51: {=_xlfn.IFS( OR(D51="",ISBLANK(D51),D51=0),0, ISNUMBER(MATCH(D51,{2,3,5,7,11,13,17,19,23,29,31,37,41,43},0)),"소", AND(ISNUMBER(D51),MOD(D51,3)=0),"배", AND(ISNUMBER(D51),D51>0),"자" )} -> 소 | AF51: {=_xlfn.IFS( OR(E51="",ISBLANK(E51),E51=0),0, ISNUMBER(MATCH(E51,{2,3,5,7,11,13,17,19,23,29,31,37,41,43},0)),"소", AND(ISNUMBER(E51),MOD(E51,3)=0),"배", AND(ISNUMBER(E51),E51>0),"자" )} -> 자 | AG51: {=_xlfn.IFS( OR(F51="",ISBLANK(F51),F51=0),0, ISNUMBER(MATCH(F51,{2,3,5,7,11,13,17,19,23,29,31,37,41,43},0)),"소", AND(ISNUMBER(F51),MOD(F51,3)=0),"배", AND(ISNUMBER(F51),F51>0),"자" )} -> 자 | AH51: {=_xlfn.IFS( OR(G51="",ISBLANK(G51),G51=0),0, ISNUMBER(MATCH(G51,{2,3,5,7,11,13,17,19,23,29,31,37,41,43},0)),"소", AND(ISNUMBER(G51),MOD(G51,3)=0),"배", AND(ISNUMBER(G51),G51>0),"자" )} -> 소 | AJ51: =COUNTIFS(B51:G51,">=1",B51:G51,"<=14") -> 2 | AK51: =COUNTIFS(B51:G51,">=15",B51:G51,"<=31") -> 2 | AL51: =6-AK51-AJ51 -> 2 | AN51: =COUNTIFS($B51:$G51, ">=1",$B51:$G51, "<=9") -> 2 | AO51: =COUNTIFS($B51:$G51, ">=10",$B51:$G51, "<=18") -> 0 | AP51: =COUNTIFS($B51:$G51, ">=19",$B51:$G51, "<=27") -> 1 | AQ51: =COUNTIFS($B51:$G51, ">=28",$B51:$G51, "<=36") -> 2 | AR51: =COUNTIFS($B51:$G51, ">=37",$B51:$G51, "<=45") -> 1 | AS51: =#REF! -> #REF! | AT51: =#REF!*2 -> #REF! | AU51: =#REF! -> #REF! | AV51: =#REF!*2 -> #REF! | AW51: =#REF! -> #REF! | AX51: =#REF!*2 -> #REF! | AY51: =#REF! -> #REF! | AZ51: =#REF!*2 -> #REF! | BA51: =#REF! -> #REF! | BB51: =#REF!*2 -> #REF! | BC51: =#REF! -> #REF! | BD51: =#REF!*2 -> #REF! | BE51: =#REF!-#REF! -> #REF! | BF51: =#REF!-#REF! -> #REF! | BG51: =#REF!-#REF! -> #REF! | BH51: =#REF!-#REF! -> #REF! | BI51: =#REF!-#REF! -> #REF! | BK51: =COUNTIFS(B51:G51, ">=1", B51:G51, "<=9") -> 2 | BL51: =COUNTIFS(B51:G51, ">=10", B51:G51, "<=19") -> 1 | BM51: =COUNTIFS(B51:G51, ">=20", B51:G51, "<=29") -> 1 | BN51: =COUNTIFS(B51:G51, ">=30", B51:G51, "<=39") -> 1 | BO51: =COUNTIFS(B51:G51, ">=40", B51:G51, "<=45") -> 1 | BP51: =#REF! -> #REF! | BQ51: =#REF!*2 -> #REF! | BR51: =#REF! -> #REF! | BS51: =#REF!*2 -> #REF! | BT51: =#REF! -> #REF! | BU51: =#REF!*2 -> #REF! | BV51: =#REF! -> #REF! | BW51: =#REF!*2 -> #REF! | BX51: =#REF! -> #REF! | BY51: =#REF!*2 -> #REF! | BZ51: =#REF! -> #REF! | CA51: =#REF!*2 -> #REF! | CB51: =C51-B51 -> 1 | CC51: =D51-C51 -> 12 | CD51: =E51-D51 -> 9 | CE51: =F51-E51 -> 6 | CF51: =G51-F51 -> 7 | CH51: =C51-B51 -> 1 | CI51: =D51-C51 -> 12 | CJ51: =E51-D51 -> 9 | CK51: =F51-E51 -> 6 | CL51: =G51-F51 -> 7 | CN51: =IF(OR(CH51="",ISBLANK(CH51),CH51=0),0,IF(MOD(CH51,2)=1,1,2)) -> 1 | CO51: =IF(OR(CI51="",ISBLANK(CI51),CI51=0),0,IF(MOD(CI51,2)=1,1,2)) -> 2 | CP51: =IF(OR(CJ51="",ISBLANK(CJ51),CJ51=0),0,IF(MOD(CJ51,2)=1,1,2)) -> 1 | CQ51: =IF(OR(CK51="",ISBLANK(CK51),CK51=0),0,IF(MOD(CK51,2)=1,1,2)) -> 2 | CR51: =IF(OR(CL51="",ISBLANK(CL51),CL51=0),0,IF(MOD(CL51,2)=1,1,2)) -> 1 | CT51: {=SUMPRODUCT(--(MOD(CH51:CL51,2)=1))} -> 3 | CU51: =5-CT51 -> 2 | CW51: {=SUMPRODUCT(--(MOD(CH51:CL51,10)>=1), --(MOD(CH51:CL51,10)<=5))} -> 2 | CX51: =5-CW51 -> 3 | CZ51: {=IFERROR(COUNT(_xlfn._xlws.FILTER(CH51:CL51, ISNUMBER(MATCH(CH51:CL51, {2,3,5,7,11,13,17,19,23,29,31,37,41,43}, 0)))), 0)} -> 1 | DA51: {=IFERROR(COUNT(_xlfn._xlws.FILTER(CH51:CL51, ISNUMBER(MATCH(CH51:CL51, {1,4,8,10,14,16,20,22,25,26,28,32,34,35,38,40,44}, 0)))), 0)} -> 1 | DB51: {=IFERROR(COUNT(_xlfn._xlws.FILTER(CH51:CL51, ISNUMBER(MATCH(CH51:CL51, {6,9,12,15,18,21,24,27,30,33,36,39,42,45}, 0)))), 0)} -> 3 | DD51: =#REF! -> #REF! | DE51: =#REF!*2 -> #REF! | DF51: =#REF! -> #REF! | DG51: =#REF!*2 -> #REF! | DH51: =#REF! -> #REF! | DI51: =#REF!*2 -> #REF! | DJ51: =#REF! -> #REF! | DK51: =#REF!*2 -> #REF! | DL51: =#REF! -> #REF! | DM51: =#REF!*2 -> #REF! | DO51: {=_xlfn.IFS( OR(CH51="",ISBLANK(CH51),CH51=0),0, ISNUMBER(MATCH(CH51,{2,3,5,7,11,13,17,19,23,29,31,37,41,43},0)),"소", AND(ISNUMBER(CH51),MOD(CH51,3)=0),"배", AND(ISNUMBER(CH51),CH51>0),"자" )} -> 자 | DP51: {=_xlfn.IFS( OR(CI51="",ISBLANK(CI51),CI51=0),0, ISNUMBER(MATCH(CI51,{2,3,5,7,11,13,17,19,23,29,31,37,41,43},0)),"소", AND(ISNUMBER(CI51),MOD(CI51,3)=0),"배", AND(ISNUMBER(CI51),CI51>0),"자" )} -> 배 | DQ51: {=_xlfn.IFS( OR(CJ51="",ISBLANK(CJ51),CJ51=0),0, ISNUMBER(MATCH(CJ51,{2,3,5,7,11,13,17,19,23,29,31,37,41,43},0)),"소", AND(ISNUMBER(CJ51),MOD(CJ51,3)=0),"배", AND(ISNUMBER(CJ51),CJ51>0),"자" )} -> 배 | DR51: {=_xlfn.IFS( OR(CK51="",ISBLANK(CK51),CK51=0),0, ISNUMBER(MATCH(CK51,{2,3,5,7,11,13,17,19,23,29,31,37,41,43},0)),"소", AND(ISNUMBER(CK51),MOD(CK51,3)=0),"배", AND(ISNUMBER(CK51),CK51>0),"자" )} -> 배 | DS51: {=_xlfn.IFS( OR(CL51="",ISBLANK(CL51),CL51=0),0, ISNUMBER(MATCH(CL51,{2,3,5,7,11,13,17,19,23,29,31,37,41,43},0)),"소", AND(ISNUMBER(CL51),MOD(CL51,3)=0),"배", AND(ISNUMBER(CL51),CL51>0),"자" )} -> 소
B52: 13 | C52: 14 | D52: 20 | E52: 28 | F52: 29 | G52: 34 | I52: =IF(OR(B52="",ISBLANK(B52),B52=0),0,IF(MOD(B52,2)=1,1,2)) -> 1 | J52: =IF(OR(C52="",ISBLANK(C52),C52=0),0,IF(MOD(C52,2)=1,1,2)) -> 2 | K52: =IF(OR(D52="",ISBLANK(D52),D52=0),0,IF(MOD(D52,2)=1,1,2)) -> 2 | L52: =IF(OR(E52="",ISBLANK(E52),E52=0),0,IF(MOD(E52,2)=1,1,2)) -> 2 | M52: =IF(OR(F52="",ISBLANK(F52),F52=0),0,IF(MOD(F52,2)=1,1,2)) -> 1 | N52: =IF(OR(G52="",ISBLANK(G52),G52=0),0,IF(MOD(G52,2)=1,1,2)) -> 2 | P52: {=SUMPRODUCT(--(MOD(B52:G52,2)=1))} -> 2 | Q52: =6-P52 -> 4 | S52: =COUNTIFS(B52:G52,">=1",B52:G52,"<=23") -> 3 | T52: =6-S52 -> 3 | V52: {=SUMPRODUCT(--(MOD(B52:G52,10)>=1), --(MOD(B52:G52,10)<=5))} -> 3 | W52: =6-V52 -> 3 | Y52: {=IFERROR(COUNT(_xlfn._xlws.FILTER(B52:G52, ISNUMBER(MATCH(B52:G52, {2,3,5,7,11,13,17,19,23,29,31,37,41,43}, 0)))), 0)} -> 2 | Z52: {=IFERROR(COUNT(_xlfn._xlws.FILTER(B52:G52, ISNUMBER(MATCH(B52:G52, {1,4,8,10,14,16,20,22,25,26,28,32,34,35,38,40,44}, 0)))), 0)} -> 4 | AA52: {=IFERROR(COUNT(_xlfn._xlws.FILTER(B52:G52, ISNUMBER(MATCH(B52:G52, {6,9,12,15,18,21,24,27,30,33,36,39,42,45}, 0)))), 0)} -> 0 | AC52: {=_xlfn.IFS( OR(B52="",ISBLANK(B52),B52=0),0, ISNUMBER(MATCH(B52,{2,3,5,7,11,13,17,19,23,29,31,37,41,43},0)),"소", AND(ISNUMBER(B52),MOD(B52,3)=0),"배", AND(ISNUMBER(B52),B52>0),"자" )} -> 소 | AD52: {=_xlfn.IFS( OR(C52="",ISBLANK(C52),C52=0),0, ISNUMBER(MATCH(C52,{2,3,5,7,11,13,17,19,23,29,31,37,41,43},0)),"소", AND(ISNUMBER(C52),MOD(C52,3)=0),"배", AND(ISNUMBER(C52),C52>0),"자" )} -> 자 | AE52: {=_xlfn.IFS( OR(D52="",ISBLANK(D52),D52=0),0, ISNUMBER(MATCH(D52,{2,3,5,7,11,13,17,19,23,29,31,37,41,43},0)),"소", AND(ISNUMBER(D52),MOD(D52,3)=0),"배", AND(ISNUMBER(D52),D52>0),"자" )} -> 자 | AF52: {=_xlfn.IFS( OR(E52="",ISBLANK(E52),E52=0),0, ISNUMBER(MATCH(E52,{2,3,5,7,11,13,17,19,23,29,31,37,41,43},0)),"소", AND(ISNUMBER(E52),MOD(E52,3)=0),"배", AND(ISNUMBER(E52),E52>0),"자" )} -> 자 | AG52: {=_xlfn.IFS( OR(F52="",ISBLANK(F52),F52=0),0, ISNUMBER(MATCH(F52,{2,3,5,7,11,13,17,19,23,29,31,37,41,43},0)),"소", AND(ISNUMBER(F52),MOD(F52,3)=0),"배", AND(ISNUMBER(F52),F52>0),"자" )} -> 소 | AH52: {=_xlfn.IFS( OR(G52="",ISBLANK(G52),G52=0),0, ISNUMBER(MATCH(G52,{2,3,5,7,11,13,17,19,23,29,31,37,41,43},0)),"소", AND(ISNUMBER(G52),MOD(G52,3)=0),"배", AND(ISNUMBER(G52),G52>0),"자" )} -> 자 | AJ52: =COUNTIFS(B52:G52,">=1",B52:G52,"<=14") -> 2 | AK52: =COUNTIFS(B52:G52,">=15",B52:G52,"<=31") -> 3 | AL52: =6-AK52-AJ52 -> 1 | AN52: =COUNTIFS($B52:$G52, ">=1",$B52:$G52, "<=9") -> 0 | AO52: =COUNTIFS($B52:$G52, ">=10",$B52:$G52, "<=18") -> 2 | AP52: =COUNTIFS($B52:$G52, ">=19",$B52:$G52, "<=27") -> 1 | AQ52: =COUNTIFS($B52:$G52, ">=28",$B52:$G52, "<=36") -> 3 | AR52: =COUNTIFS($B52:$G52, ">=37",$B52:$G52, "<=45") -> 0 | AS52: =#REF! -> #REF! | AT52: =#REF!*2 -> #REF! | AU52: =#REF! -> #REF! | AV52: =#REF!*2 -> #REF! | AW52: =#REF! -> #REF! | AX52: =#REF!*2 -> #REF! | AY52: =#REF! -> #REF! | AZ52: =#REF!*2 -> #REF! | BA52: =#REF! -> #REF! | BB52: =#REF!*2 -> #REF! | BC52: =#REF! -> #REF! | BD52: =#REF!*2 -> #REF! | BE52: =#REF!-#REF! -> #REF! | BF52: =#REF!-#REF! -> #REF! | BG52: =#REF!-#REF! -> #REF! | BH52: =#REF!-#REF! -> #REF! | BI52: =#REF!-#REF! -> #REF! | BK52: =COUNTIFS(B52:G52, ">=1", B52:G52, "<=9") -> 0 | BL52: =COUNTIFS(B52:G52, ">=10", B52:G52, "<=19") -> 2 | BM52: =COUNTIFS(B52:G52, ">=20", B52:G52, "<=29") -> 3 | BN52: =COUNTIFS(B52:G52, ">=30", B52:G52, "<=39") -> 1 | BO52: =COUNTIFS(B52:G52, ">=40", B52:G52, "<=45") -> 0 | BP52: =#REF! -> #REF! | BQ52: =#REF!*2 -> #REF! | BR52: =#REF! -> #REF! | BS52: =#REF!*2 -> #REF! | BT52: =#REF! -> #REF! | BU52: =#REF!*2 -> #REF! | BV52: =#REF! -> #REF! | BW52: =#REF!*2 -> #REF! | BX52: =#REF! -> #REF! | BY52: =#REF!*2 -> #REF! | BZ52: =#REF! -> #REF! | CA52: =#REF!*2 -> #REF! | CB52: =C52-B52 -> 1 | CC52: =D52-C52 -> 6 | CD52: =E52-D52 -> 8 | CE52: =F52-E52 -> 1 | CF52: =G52-F52 -> 5 | CH52: =C52-B52 -> 1 | CI52: =D52-C52 -> 6 | CJ52: =E52-D52 -> 8 | CK52: =F52-E52 -> 1 | CL52: =G52-F52 -> 5 | CN52: =IF(OR(CH52="",ISBLANK(CH52),CH52=0),0,IF(MOD(CH52,2)=1,1,2)) -> 1 | CO52: =IF(OR(CI52="",ISBLANK(CI52),CI52=0),0,IF(MOD(CI52,2)=1,1,2)) -> 2 | CP52: =IF(OR(CJ52="",ISBLANK(CJ52),CJ52=0),0,IF(MOD(CJ52,2)=1,1,2)) -> 2 | CQ52: =IF(OR(CK52="",ISBLANK(CK52),CK52=0),0,IF(MOD(CK52,2)=1,1,2)) -> 1 | CR52: =IF(OR(CL52="",ISBLANK(CL52),CL52=0),0,IF(MOD(CL52,2)=1,1,2)) -> 1 | CT52: {=SUMPRODUCT(--(MOD(CH52:CL52,2)=1))} -> 3 | CU52: =5-CT52 -> 2 | CW52: {=SUMPRODUCT(--(MOD(CH52:CL52,10)>=1), --(MOD(CH52:CL52,10)<=5))} -> 3 | CX52: =5-CW52 -> 2 | CZ52: {=IFERROR(COUNT(_xlfn._xlws.FILTER(CH52:CL52, ISNUMBER(MATCH(CH52:CL52, {2,3,5,7,11,13,17,19,23,29,31,37,41,43}, 0)))), 0)} -> 1 | DA52: {=IFERROR(COUNT(_xlfn._xlws.FILTER(CH52:CL52, ISNUMBER(MATCH(CH52:CL52, {1,4,8,10,14,16,20,22,25,26,28,32,34,35,38,40,44}, 0)))), 0)} -> 3 | DB52: {=IFERROR(COUNT(_xlfn._xlws.FILTER(CH52:CL52, ISNUMBER(MATCH(CH52:CL52, {6,9,12,15,18,21,24,27,30,33,36,39,42,45}, 0)))), 0)} -> 1 | DD52: =#REF! -> #REF! | DE52: =#REF!*2 -> #REF! | DF52: =#REF! -> #REF! | DG52: =#REF!*2 -> #REF! | DH52: =#REF! -> #REF! | DI52: =#REF!*2 -> #REF! | DJ52: =#REF! -> #REF! | DK52: =#REF!*2 -> #REF! | DL52: =#REF! -> #REF! | DM52: =#REF!*2 -> #REF! | DO52: {=_xlfn.IFS( OR(CH52="",ISBLANK(CH52),CH52=0),0, ISNUMBER(MATCH(CH52,{2,3,5,7,11,13,17,19,23,29,31,37,41,43},0)),"소", AND(ISNUMBER(CH52),MOD(CH52,3)=0),"배", AND(ISNUMBER(CH52),CH52>0),"자" )} -> 자 | DP52: {=_xlfn.IFS( OR(CI52="",ISBLANK(CI52),CI52=0),0, ISNUMBER(MATCH(CI52,{2,3,5,7,11,13,17,19,23,29,31,37,41,43},0)),"소", AND(ISNUMBER(CI52),MOD(CI52,3)=0),"배", AND(ISNUMBER(CI52),CI52>0),"자" )} -> 배 | DQ52: {=_xlfn.IFS( OR(CJ52="",ISBLANK(CJ52),CJ52=0),0, ISNUMBER(MATCH(CJ52,{2,3,5,7,11,13,17,19,23,29,31,37,41,43},0)),"소", AND(ISNUMBER(CJ52),MOD(CJ52,3)=0),"배", AND(ISNUMBER(CJ52),CJ52>0),"자" )} -> 자 | DR52: {=_xlfn.IFS( OR(CK52="",ISBLANK(CK52),CK52=0),0, ISNUMBER(MATCH(CK52,{2,3,5,7,11,13,17,19,23,29,31,37,41,43},0)),"소", AND(ISNUMBER(CK52),MOD(CK52,3)=0),"배", AND(ISNUMBER(CK52),CK52>0),"자" )} -> 자 | DS52: {=_xlfn.IFS( OR(CL52="",ISBLANK(CL52),CL52=0),0, ISNUMBER(MATCH(CL52,{2,3,5,7,11,13,17,19,23,29,31,37,41,43},0)),"소", AND(ISNUMBER(CL52),MOD(CL52,3)=0),"배", AND(ISNUMBER(CL52),CL52>0),"자" )} -> 소
B53: 3 | C53: 7 | D53: 9 | E53: 13 | F53: 19 | G53: 24 | I53: =IF(OR(B53="",ISBLANK(B53),B53=0),0,IF(MOD(B53,2)=1,1,2)) -> 1 | J53: =IF(OR(C53="",ISBLANK(C53),C53=0),0,IF(MOD(C53,2)=1,1,2)) -> 1 | K53: =IF(OR(D53="",ISBLANK(D53),D53=0),0,IF(MOD(D53,2)=1,1,2)) -> 1 | L53: =IF(OR(E53="",ISBLANK(E53),E53=0),0,IF(MOD(E53,2)=1,1,2)) -> 1 | M53: =IF(OR(F53="",ISBLANK(F53),F53=0),0,IF(MOD(F53,2)=1,1,2)) -> 1 | N53: =IF(OR(G53="",ISBLANK(G53),G53=0),0,IF(MOD(G53,2)=1,1,2)) -> 2 | P53: {=SUMPRODUCT(--(MOD(B53:G53,2)=1))} -> 5 | Q53: =6-P53 -> 1 | S53: =COUNTIFS(B53:G53,">=1",B53:G53,"<=23") -> 5 | T53: =6-S53 -> 1 | V53: {=SUMPRODUCT(--(MOD(B53:G53,10)>=1), --(MOD(B53:G53,10)<=5))} -> 3 | W53: =6-V53 -> 3 | Y53: {=IFERROR(COUNT(_xlfn._xlws.FILTER(B53:G53, ISNUMBER(MATCH(B53:G53, {2,3,5,7,11,13,17,19,23,29,31,37,41,43}, 0)))), 0)} -> 4 | Z53: {=IFERROR(COUNT(_xlfn._xlws.FILTER(B53:G53, ISNUMBER(MATCH(B53:G53, {1,4,8,10,14,16,20,22,25,26,28,32,34,35,38,40,44}, 0)))), 0)} -> 0 | AA53: {=IFERROR(COUNT(_xlfn._xlws.FILTER(B53:G53, ISNUMBER(MATCH(B53:G53, {6,9,12,15,18,21,24,27,30,33,36,39,42,45}, 0)))), 0)} -> 2 | AC53: {=_xlfn.IFS( OR(B53="",ISBLANK(B53),B53=0),0, ISNUMBER(MATCH(B53,{2,3,5,7,11,13,17,19,23,29,31,37,41,43},0)),"소", AND(ISNUMBER(B53),MOD(B53,3)=0),"배", AND(ISNUMBER(B53),B53>0),"자" )} -> 소 | AD53: {=_xlfn.IFS( OR(C53="",ISBLANK(C53),C53=0),0, ISNUMBER(MATCH(C53,{2,3,5,7,11,13,17,19,23,29,31,37,41,43},0)),"소", AND(ISNUMBER(C53),MOD(C53,3)=0),"배", AND(ISNUMBER(C53),C53>0),"자" )} -> 소 | AE53: {=_xlfn.IFS( OR(D53="",ISBLANK(D53),D53=0),0, ISNUMBER(MATCH(D53,{2,3,5,7,11,13,17,19,23,29,31,37,41,43},0)),"소", AND(ISNUMBER(D53),MOD(D53,3)=0),"배", AND(ISNUMBER(D53),D53>0),"자" )} -> 배 | AF53: {=_xlfn.IFS( OR(E53="",ISBLANK(E53),E53=0),0, ISNUMBER(MATCH(E53,{2,3,5,7,11,13,17,19,23,29,31,37,41,43},0)),"소", AND(ISNUMBER(E53),MOD(E53,3)=0),"배", AND(ISNUMBER(E53),E53>0),"자" )} -> 소 | AG53: {=_xlfn.IFS( OR(F53="",ISBLANK(F53),F53=0),0, ISNUMBER(MATCH(F53,{2,3,5,7,11,13,17,19,23,29,31,37,41,43},0)),"소", AND(ISNUMBER(F53),MOD(F53,3)=0),"배", AND(ISNUMBER(F53),F53>0),"자" )} -> 소 | AH53: {=_xlfn.IFS( OR(G53="",ISBLANK(G53),G53=0),0, ISNUMBER(MATCH(G53,{2,3,5,7,11,13,17,19,23,29,31,37,41,43},0)),"소", AND(ISNUMBER(G53),MOD(G53,3)=0),"배", AND(ISNUMBER(G53),G53>0),"자" )} -> 배 | AJ53: =COUNTIFS(B53:G53,">=1",B53:G53,"<=14") -> 4 | AK53: =COUNTIFS(B53:G53,">=15",B53:G53,"<=31") -> 2 | AL53: =6-AK53-AJ53 -> 0 | AN53: =COUNTIFS($B53:$G53, ">=1",$B53:$G53, "<=9") -> 3 | AO53: =COUNTIFS($B53:$G53, ">=10",$B53:$G53, "<=18") -> 1 | AP53: =COUNTIFS($B53:$G53, ">=19",$B53:$G53, "<=27") -> 2 | AQ53: =COUNTIFS($B53:$G53, ">=28",$B53:$G53, "<=36") -> 0 | AR53: =COUNTIFS($B53:$G53, ">=37",$B53:$G53, "<=45") -> 0 | AS53: =#REF! -> #REF! | AT53: =#REF!*2 -> #REF! | AU53: =#REF! -> #REF! | AV53: =#REF!*2 -> #REF! | AW53: =#REF! -> #REF! | AX53: =#REF!*2 -> #REF! | AY53: =#REF! -> #REF! | AZ53: =#REF!*2 -> #REF! | BA53: =#REF! -> #REF! | BB53: =#REF!*2 -> #REF! | BC53: =#REF! -> #REF! | BD53: =#REF!*2 -> #REF! | BE53: =#REF!-#REF! -> #REF! | BF53: =#REF!-#REF! -> #REF! | BG53: =#REF!-#REF! -> #REF! | BH53: =#REF!-#REF! -> #REF! | BI53: =#REF!-#REF! -> #REF! | BK53: =COUNTIFS(B53:G53, ">=1", B53:G53, "<=9") -> 3 | BL53: =COUNTIFS(B53:G53, ">=10", B53:G53, "<=19") -> 2 | BM53: =COUNTIFS(B53:G53, ">=20", B53:G53, "<=29") -> 1 | BN53: =COUNTIFS(B53:G53, ">=30", B53:G53, "<=39") -> 0 | BO53: =COUNTIFS(B53:G53, ">=40", B53:G53, "<=45") -> 0 | BP53: =#REF! -> #REF! | BQ53: =#REF!*2 -> #REF! | BR53: =#REF! -> #REF! | BS53: =#REF!*2 -> #REF! | BT53: =#REF! -> #REF! | BU53: =#REF!*2 -> #REF! | BV53: =#REF! -> #REF! | BW53: =#REF!*2 -> #REF! | BX53: =#REF! -> #REF! | BY53: =#REF!*2 -> #REF! | BZ53: =#REF! -> #REF! | CA53: =#REF!*2 -> #REF! | CB53: =C53-B53 -> 4 | CC53: =D53-C53 -> 2 | CD53: =E53-D53 -> 4 | CE53: =F53-E53 -> 6 | CF53: =G53-F53 -> 5 | CH53: =C53-B53 -> 4 | CI53: =D53-C53 -> 2 | CJ53: =E53-D53 -> 4 | CK53: =F53-E53 -> 6 | CL53: =G53-F53 -> 5 | CN53: =IF(OR(CH53="",ISBLANK(CH53),CH53=0),0,IF(MOD(CH53,2)=1,1,2)) -> 2 | CO53: =IF(OR(CI53="",ISBLANK(CI53),CI53=0),0,IF(MOD(CI53,2)=1,1,2)) -> 2 | CP53: =IF(OR(CJ53="",ISBLANK(CJ53),CJ53=0),0,IF(MOD(CJ53,2)=1,1,2)) -> 2 | CQ53: =IF(OR(CK53="",ISBLANK(CK53),CK53=0),0,IF(MOD(CK53,2)=1,1,2)) -> 2 | CR53: =IF(OR(CL53="",ISBLANK(CL53),CL53=0),0,IF(MOD(CL53,2)=1,1,2)) -> 1 | CT53: {=SUMPRODUCT(--(MOD(CH53:CL53,2)=1))} -> 1 | CU53: =5-CT53 -> 4 | CW53: {=SUMPRODUCT(--(MOD(CH53:CL53,10)>=1), --(MOD(CH53:CL53,10)<=5))} -> 4 | CX53: =5-CW53 -> 1 | CZ53: {=IFERROR(COUNT(_xlfn._xlws.FILTER(CH53:CL53, ISNUMBER(MATCH(CH53:CL53, {2,3,5,7,11,13,17,19,23,29,31,37,41,43}, 0)))), 0)} -> 2 | DA53: {=IFERROR(COUNT(_xlfn._xlws.FILTER(CH53:CL53, ISNUMBER(MATCH(CH53:CL53, {1,4,8,10,14,16,20,22,25,26,28,32,34,35,38,40,44}, 0)))), 0)} -> 2 | DB53: {=IFERROR(COUNT(_xlfn._xlws.FILTER(CH53:CL53, ISNUMBER(MATCH(CH53:CL53, {6,9,12,15,18,21,24,27,30,33,36,39,42,45}, 0)))), 0)} -> 1 | DD53: =#REF! -> #REF! | DE53: =#REF!*2 -> #REF! | DF53: =#REF! -> #REF! | DG53: =#REF!*2 -> #REF! | DH53: =#REF! -> #REF! | DI53: =#REF!*2 -> #REF! | DJ53: =#REF! -> #REF! | DK53: =#REF!*2 -> #REF! | DL53: =#REF! -> #REF! | DM53: =#REF!*2 -> #REF! | DO53: {=_xlfn.IFS( OR(CH53="",ISBLANK(CH53),CH53=0),0, ISNUMBER(MATCH(CH53,{2,3,5,7,11,13,17,19,23,29,31,37,41,43},0)),"소", AND(ISNUMBER(CH53),MOD(CH53,3)=0),"배", AND(ISNUMBER(CH53),CH53>0),"자" )} -> 자 | DP53: {=_xlfn.IFS( OR(CI53="",ISBLANK(CI53),CI53=0),0, ISNUMBER(MATCH(CI53,{2,3,5,7,11,13,17,19,23,29,31,37,41,43},0)),"소", AND(ISNUMBER(CI53),MOD(CI53,3)=0),"배", AND(ISNUMBER(CI53),CI53>0),"자" )} -> 소 | DQ53: {=_xlfn.IFS( OR(CJ53="",ISBLANK(CJ53),CJ53=0),0, ISNUMBER(MATCH(CJ53,{2,3,5,7,11,13,17,19,23,29,31,37,41,43},0)),"소", AND(ISNUMBER(CJ53),MOD(CJ53,3)=0),"배", AND(ISNUMBER(CJ53),CJ53>0),"자" )} -> 자 | DR53: {=_xlfn.IFS( OR(CK53="",ISBLANK(CK53),CK53=0),0, ISNUMBER(MATCH(CK53,{2,3,5,7,11,13,17,19,23,29,31,37,41,43},0)),"소", AND(ISNUMBER(CK53),MOD(CK53,3)=0),"배", AND(ISNUMBER(CK53),CK53>0),"자" )} -> 배 | DS53: {=_xlfn.IFS( OR(CL53="",ISBLANK(CL53),CL53=0),0, ISNUMBER(MATCH(CL53,{2,3,5,7,11,13,17,19,23,29,31,37,41,43},0)),"소", AND(ISNUMBER(CL53),MOD(CL53,3)=0),"배", AND(ISNUMBER(CL53),CL53>0),"자" )} -> 소
B54: 1 | C54: 6 | D54: 13 | E54: 19 | F54: 21 | G54: 33 | I54: =IF(OR(B54="",ISBLANK(B54),B54=0),0,IF(MOD(B54,2)=1,1,2)) -> 1 | J54: =IF(OR(C54="",ISBLANK(C54),C54=0),0,IF(MOD(C54,2)=1,1,2)) -> 2 | K54: =IF(OR(D54="",ISBLANK(D54),D54=0),0,IF(MOD(D54,2)=1,1,2)) -> 1 | L54: =IF(OR(E54="",ISBLANK(E54),E54=0),0,IF(MOD(E54,2)=1,1,2)) -> 1 | M54: =IF(OR(F54="",ISBLANK(F54),F54=0),0,IF(MOD(F54,2)=1,1,2)) -> 1 | N54: =IF(OR(G54="",ISBLANK(G54),G54=0),0,IF(MOD(G54,2)=1,1,2)) -> 1 | P54: {=SUMPRODUCT(--(MOD(B54:G54,2)=1))} -> 5 | Q54: =6-P54 -> 1 | S54: =COUNTIFS(B54:G54,">=1",B54:G54,"<=23") -> 5 | T54: =6-S54 -> 1 | V54: {=SUMPRODUCT(--(MOD(B54:G54,10)>=1), --(MOD(B54:G54,10)<=5))} -> 4 | W54: =6-V54 -> 2 | Y54: {=IFERROR(COUNT(_xlfn._xlws.FILTER(B54:G54, ISNUMBER(MATCH(B54:G54, {2,3,5,7,11,13,17,19,23,29,31,37,41,43}, 0)))), 0)} -> 2 | Z54: {=IFERROR(COUNT(_xlfn._xlws.FILTER(B54:G54, ISNUMBER(MATCH(B54:G54, {1,4,8,10,14,16,20,22,25,26,28,32,34,35,38,40,44}, 0)))), 0)} -> 1 | AA54: {=IFERROR(COUNT(_xlfn._xlws.FILTER(B54:G54, ISNUMBER(MATCH(B54:G54, {6,9,12,15,18,21,24,27,30,33,36,39,42,45}, 0)))), 0)} -> 3 | AC54: {=_xlfn.IFS( OR(B54="",ISBLANK(B54),B54=0),0, ISNUMBER(MATCH(B54,{2,3,5,7,11,13,17,19,23,29,31,37,41,43},0)),"소", AND(ISNUMBER(B54),MOD(B54,3)=0),"배", AND(ISNUMBER(B54),B54>0),"자" )} -> 자 | AD54: {=_xlfn.IFS( OR(C54="",ISBLANK(C54),C54=0),0, ISNUMBER(MATCH(C54,{2,3,5,7,11,13,17,19,23,29,31,37,41,43},0)),"소", AND(ISNUMBER(C54),MOD(C54,3)=0),"배", AND(ISNUMBER(C54),C54>0),"자" )} -> 배 | AE54: {=_xlfn.IFS( OR(D54="",ISBLANK(D54),D54=0),0, ISNUMBER(MATCH(D54,{2,3,5,7,11,13,17,19,23,29,31,37,41,43},0)),"소", AND(ISNUMBER(D54),MOD(D54,3)=0),"배", AND(ISNUMBER(D54),D54>0),"자" )} -> 소 | AF54: {=_xlfn.IFS( OR(E54="",ISBLANK(E54),E54=0),0, ISNUMBER(MATCH(E54,{2,3,5,7,11,13,17,19,23,29,31,37,41,43},0)),"소", AND(ISNUMBER(E54),MOD(E54,3)=0),"배", AND(ISNUMBER(E54),E54>0),"자" )} -> 소 | AG54: {=_xlfn.IFS( OR(F54="",ISBLANK(F54),F54=0),0, ISNUMBER(MATCH(F54,{2,3,5,7,11,13,17,19,23,29,31,37,41,43},0)),"소", AND(ISNUMBER(F54),MOD(F54,3)=0),"배", AND(ISNUMBER(F54),F54>0),"자" )} -> 배 | AH54: {=_xlfn.IFS( OR(G54="",ISBLANK(G54),G54=0),0, ISNUMBER(MATCH(G54,{2,3,5,7,11,13,17,19,23,29,31,37,41,43},0)),"소", AND(ISNUMBER(G54),MOD(G54,3)=0),"배", AND(ISNUMBER(G54),G54>0),"자" )} -> 배 | AJ54: =COUNTIFS(B54:G54,">=1",B54:G54,"<=14") -> 3 | AK54: =COUNTIFS(B54:G54,">=15",B54:G54,"<=31") -> 2 | AL54: =6-AK54-AJ54 -> 1 | AN54: =COUNTIFS($B54:$G54, ">=1",$B54:$G54, "<=9") -> 2 | AO54: =COUNTIFS($B54:$G54, ">=10",$B54:$G54, "<=18") -> 1 | AP54: =COUNTIFS($B54:$G54, ">=19",$B54:$G54, "<=27") -> 2 | AQ54: =COUNTIFS($B54:$G54, ">=28",$B54:$G54, "<=36") -> 1 | AR54: =COUNTIFS($B54:$G54, ">=37",$B54:$G54, "<=45") -> 0 | AS54: =#REF! -> #REF! | AT54: =#REF!*2 -> #REF! | AU54: =#REF! -> #REF! | AV54: =#REF!*2 -> #REF! | AW54: =#REF! -> #REF! | AX54: =#REF!*2 -> #REF! | AY54: =#REF! -> #REF! | AZ54: =#REF!*2 -> #REF! | BA54: =#REF! -> #REF! | BB54: =#REF!*2 -> #REF! | BC54: =#REF! -> #REF! | BD54: =#REF!*2 -> #REF! | BE54: =#REF!-#REF! -> #REF! | BF54: =#REF!-#REF! -> #REF! | BG54: =#REF!-#REF! -> #REF! | BH54: =#REF!-#REF! -> #REF! | BI54: =#REF!-#REF! -> #REF! | BK54: =COUNTIFS(B54:G54, ">=1", B54:G54, "<=9") -> 2 | BL54: =COUNTIFS(B54:G54, ">=10", B54:G54, "<=19") -> 2 | BM54: =COUNTIFS(B54:G54, ">=20", B54:G54, "<=29") -> 1 | BN54: =COUNTIFS(B54:G54, ">=30", B54:G54, "<=39") -> 1 | BO54: =COUNTIFS(B54:G54, ">=40", B54:G54, "<=45") -> 0 | BP54: =#REF! -> #REF! | BQ54: =#REF!*2 -> #REF! | BR54: =#REF! -> #REF! | BS54: =#REF!*2 -> #REF! | BT54: =#REF! -> #REF! | BU54: =#REF!*2 -> #REF! | BV54: =#REF! -> #REF! | BW54: =#REF!*2 -> #REF! | BX54: =#REF! -> #REF! | BY54: =#REF!*2 -> #REF! | BZ54: =#REF! -> #REF! | CA54: =#REF!*2 -> #REF! | CB54: =C54-B54 -> 5 | CC54: =D54-C54 -> 7 | CD54: =E54-D54 -> 6 | CE54: =F54-E54 -> 2 | CF54: =G54-F54 -> 12 | CH54: =C54-B54 -> 5 | CI54: =D54-C54 -> 7 | CJ54: =E54-D54 -> 6 | CK54: =F54-E54 -> 2 | CL54: =G54-F54 -> 12 | CN54: =IF(OR(CH54="",ISBLANK(CH54),CH54=0),0,IF(MOD(CH54,2)=1,1,2)) -> 1 | CO54: =IF(OR(CI54="",ISBLANK(CI54),CI54=0),0,IF(MOD(CI54,2)=1,1,2)) -> 1 | CP54: =IF(OR(CJ54="",ISBLANK(CJ54),CJ54=0),0,IF(MOD(CJ54,2)=1,1,2)) -> 2 | CQ54: =IF(OR(CK54="",ISBLANK(CK54),CK54=0),0,IF(MOD(CK54,2)=1,1,2)) -> 2 | CR54: =IF(OR(CL54="",ISBLANK(CL54),CL54=0),0,IF(MOD(CL54,2)=1,1,2)) -> 2 | CT54: {=SUMPRODUCT(--(MOD(CH54:CL54,2)=1))} -> 2 | CU54: =5-CT54 -> 3 | CW54: {=SUMPRODUCT(--(MOD(CH54:CL54,10)>=1), --(MOD(CH54:CL54,10)<=5))} -> 3 | CX54: =5-CW54 -> 2 | CZ54: {=IFERROR(COUNT(_xlfn._xlws.FILTER(CH54:CL54, ISNUMBER(MATCH(CH54:CL54, {2,3,5,7,11,13,17,19,23,29,31,37,41,43}, 0)))), 0)} -> 3 | DA54: {=IFERROR(COUNT(_xlfn._xlws.FILTER(CH54:CL54, ISNUMBER(MATCH(CH54:CL54, {1,4,8,10,14,16,20,22,25,26,28,32,34,35,38,40,44}, 0)))), 0)} -> 0 | DB54: {=IFERROR(COUNT(_xlfn._xlws.FILTER(CH54:CL54, ISNUMBER(MATCH(CH54:CL54, {6,9,12,15,18,21,24,27,30,33,36,39,42,45}, 0)))), 0)} -> 2 | DD54: =#REF! -> #REF! | DE54: =#REF!*2 -> #REF! | DF54: =#REF! -> #REF! | DG54: =#REF!*2 -> #REF! | DH54: =#REF! -> #REF! | DI54: =#REF!*2 -> #REF! | DJ54: =#REF! -> #REF! | DK54: =#REF!*2 -> #REF! | DL54: =#REF! -> #REF! | DM54: =#REF!*2 -> #REF! | DO54: {=_xlfn.IFS( OR(CH54="",ISBLANK(CH54),CH54=0),0, ISNUMBER(MATCH(CH54,{2,3,5,7,11,13,17,19,23,29,31,37,41,43},0)),"소", AND(ISNUMBER(CH54),MOD(CH54,3)=0),"배", AND(ISNUMBER(CH54),CH54>0),"자" )} -> 소 | DP54: {=_xlfn.IFS( OR(CI54="",ISBLANK(CI54),CI54=0),0, ISNUMBER(MATCH(CI54,{2,3,5,7,11,13,17,19,23,29,31,37,41,43},0)),"소", AND(ISNUMBER(CI54),MOD(CI54,3)=0),"배", AND(ISNUMBER(CI54),CI54>0),"자" )} -> 소 | DQ54: {=_xlfn.IFS( OR(CJ54="",ISBLANK(CJ54),CJ54=0),0, ISNUMBER(MATCH(CJ54,{2,3,5,7,11,13,17,19,23,29,31,37,41,43},0)),"소", AND(ISNUMBER(CJ54),MOD(CJ54,3)=0),"배", AND(ISNUMBER(CJ54),CJ54>0),"자" )} -> 배 | DR54: {=_xlfn.IFS( OR(CK54="",ISBLANK(CK54),CK54=0),0, ISNUMBER(MATCH(CK54,{2,3,5,7,11,13,17,19,23,29,31,37,41,43},0)),"소", AND(ISNUMBER(CK54),MOD(CK54,3)=0),"배", AND(ISNUMBER(CK54),CK54>0),"자" )} -> 소 | DS54: {=_xlfn.IFS( OR(CL54="",ISBLANK(CL54),CL54=0),0, ISNUMBER(MATCH(CL54,{2,3,5,7,11,13,17,19,23,29,31,37,41,43},0)),"소", AND(ISNUMBER(CL54),MOD(CL54,3)=0),"배", AND(ISNUMBER(CL54),CL54>0),"자" )} -> 배
B55: 21 | C55: 33 | D55: 35 | E55: 38 | F55: 42 | G55: 44 | I55: =IF(OR(B55="",ISBLANK(B55),B55=0),0,IF(MOD(B55,2)=1,1,2)) -> 1 | J55: =IF(OR(C55="",ISBLANK(C55),C55=0),0,IF(MOD(C55,2)=1,1,2)) -> 1 | K55: =IF(OR(D55="",ISBLANK(D55),D55=0),0,IF(MOD(D55,2)=1,1,2)) -> 1 | L55: =IF(OR(E55="",ISBLANK(E55),E55=0),0,IF(MOD(E55,2)=1,1,2)) -> 2 | M55: =IF(OR(F55="",ISBLANK(F55),F55=0),0,IF(MOD(F55,2)=1,1,2)) -> 2 | N55: =IF(OR(G55="",ISBLANK(G55),G55=0),0,IF(MOD(G55,2)=1,1,2)) -> 2 | P55: {=SUMPRODUCT(--(MOD(B55:G55,2)=1))} -> 3 | Q55: =6-P55 -> 3 | S55: =COUNTIFS(B55:G55,">=1",B55:G55,"<=23") -> 1 | T55: =6-S55 -> 5 | V55: {=SUMPRODUCT(--(MOD(B55:G55,10)>=1), --(MOD(B55:G55,10)<=5))} -> 5 | W55: =6-V55 -> 1 | Y55: {=IFERROR(COUNT(_xlfn._xlws.FILTER(B55:G55, ISNUMBER(MATCH(B55:G55, {2,3,5,7,11,13,17,19,23,29,31,37,41,43}, 0)))), 0)} -> 0 | Z55: {=IFERROR(COUNT(_xlfn._xlws.FILTER(B55:G55, ISNUMBER(MATCH(B55:G55, {1,4,8,10,14,16,20,22,25,26,28,32,34,35,38,40,44}, 0)))), 0)} -> 3 | AA55: {=IFERROR(COUNT(_xlfn._xlws.FILTER(B55:G55, ISNUMBER(MATCH(B55:G55, {6,9,12,15,18,21,24,27,30,33,36,39,42,45}, 0)))), 0)} -> 3 | AC55: {=_xlfn.IFS( OR(B55="",ISBLANK(B55),B55=0),0, ISNUMBER(MATCH(B55,{2,3,5,7,11,13,17,19,23,29,31,37,41,43},0)),"소", AND(ISNUMBER(B55),MOD(B55,3)=0),"배", AND(ISNUMBER(B55),B55>0),"자" )} -> 배 | AD55: {=_xlfn.IFS( OR(C55="",ISBLANK(C55),C55=0),0, ISNUMBER(MATCH(C55,{2,3,5,7,11,13,17,19,23,29,31,37,41,43},0)),"소", AND(ISNUMBER(C55),MOD(C55,3)=0),"배", AND(ISNUMBER(C55),C55>0),"자" )} -> 배 | AE55: {=_xlfn.IFS( OR(D55="",ISBLANK(D55),D55=0),0, ISNUMBER(MATCH(D55,{2,3,5,7,11,13,17,19,23,29,31,37,41,43},0)),"소", AND(ISNUMBER(D55),MOD(D55,3)=0),"배", AND(ISNUMBER(D55),D55>0),"자" )} -> 자 | AF55: {=_xlfn.IFS( OR(E55="",ISBLANK(E55),E55=0),0, ISNUMBER(MATCH(E55,{2,3,5,7,11,13,17,19,23,29,31,37,41,43},0)),"소", AND(ISNUMBER(E55),MOD(E55,3)=0),"배", AND(ISNUMBER(E55),E55>0),"자" )} -> 자 | AG55: {=_xlfn.IFS( OR(F55="",ISBLANK(F55),F55=0),0, ISNUMBER(MATCH(F55,{2,3,5,7,11,13,17,19,23,29,31,37,41,43},0)),"소", AND(ISNUMBER(F55),MOD(F55,3)=0),"배", AND(ISNUMBER(F55),F55>0),"자" )} -> 배 | AH55: {=_xlfn.IFS( OR(G55="",ISBLANK(G55),G55=0),0, ISNUMBER(MATCH(G55,{2,3,5,7,11,13,17,19,23,29,31,37,41,43},0)),"소", AND(ISNUMBER(G55),MOD(G55,3)=0),"배", AND(ISNUMBER(G55),G55>0),"자" )} -> 자 | AJ55: =COUNTIFS(B55:G55,">=1",B55:G55,"<=14") -> 0 | AK55: =COUNTIFS(B55:G55,">=15",B55:G55,"<=31") -> 1 | AL55: =6-AK55-AJ55 -> 5 | AN55: =COUNTIFS($B55:$G55, ">=1",$B55:$G55, "<=9") -> 0 | AO55: =COUNTIFS($B55:$G55, ">=10",$B55:$G55, "<=18") -> 0 | AP55: =COUNTIFS($B55:$G55, ">=19",$B55:$G55, "<=27") -> 1 | AQ55: =COUNTIFS($B55:$G55, ">=28",$B55:$G55, "<=36") -> 2 | AR55: =COUNTIFS($B55:$G55, ">=37",$B55:$G55, "<=45") -> 3 | AS55: =#REF! -> #REF! | AT55: =#REF!*2 -> #REF! | AU55: =#REF! -> #REF! | AV55: =#REF!*2 -> #REF! | AW55: =#REF! -> #REF! | AX55: =#REF!*2 -> #REF! | AY55: =#REF! -> #REF! | AZ55: =#REF!*2 -> #REF! | BA55: =#REF! -> #REF! | BB55: =#REF!*2 -> #REF! | BC55: =#REF! -> #REF! | BD55: =#REF!*2 -> #REF! | BE55: =#REF!-#REF! -> #REF! | BF55: =#REF!-#REF! -> #REF! | BG55: =#REF!-#REF! -> #REF! | BH55: =#REF!-#REF! -> #REF! | BI55: =#REF!-#REF! -> #REF! | BK55: =COUNTIFS(B55:G55, ">=1", B55:G55, "<=9") -> 0 | BL55: =COUNTIFS(B55:G55, ">=10", B55:G55, "<=19") -> 0 | BM55: =COUNTIFS(B55:G55, ">=20", B55:G55, "<=29") -> 1 | BN55: =COUNTIFS(B55:G55, ">=30", B55:G55, "<=39") -> 3 | BO55: =COUNTIFS(B55:G55, ">=40", B55:G55, "<=45") -> 2 | BP55: =#REF! -> #REF! | BQ55: =#REF!*2 -> #REF! | BR55: =#REF! -> #REF! | BS55: =#REF!*2 -> #REF! | BT55: =#REF! -> #REF! | BU55: =#REF!*2 -> #REF! | BV55: =#REF! -> #REF! | BW55: =#REF!*2 -> #REF! | BX55: =#REF! -> #REF! | BY55: =#REF!*2 -> #REF! | BZ55: =#REF! -> #REF! | CA55: =#REF!*2 -> #REF! | CB55: =C55-B55 -> 12 | CC55: =D55-C55 -> 2 | CD55: =E55-D55 -> 3 | CE55: =F55-E55 -> 4 | CF55: =G55-F55 -> 2 | CH55: =C55-B55 -> 12 | CI55: =D55-C55 -> 2 | CJ55: =E55-D55 -> 3 | CK55: =F55-E55 -> 4 | CL55: =G55-F55 -> 2 | CN55: =IF(OR(CH55="",ISBLANK(CH55),CH55=0),0,IF(MOD(CH55,2)=1,1,2)) -> 2 | CO55: =IF(OR(CI55="",ISBLANK(CI55),CI55=0),0,IF(MOD(CI55,2)=1,1,2)) -> 2 | CP55: =IF(OR(CJ55="",ISBLANK(CJ55),CJ55=0),0,IF(MOD(CJ55,2)=1,1,2)) -> 1 | CQ55: =IF(OR(CK55="",ISBLANK(CK55),CK55=0),0,IF(MOD(CK55,2)=1,1,2)) -> 2 | CR55: =IF(OR(CL55="",ISBLANK(CL55),CL55=0),0,IF(MOD(CL55,2)=1,1,2)) -> 2 | CT55: {=SUMPRODUCT(--(MOD(CH55:CL55,2)=1))} -> 1 | CU55: =5-CT55 -> 4 | CW55: {=SUMPRODUCT(--(MOD(CH55:CL55,10)>=1), --(MOD(CH55:CL55,10)<=5))} -> 5 | CX55: =5-CW55 -> 0 | CZ55: {=IFERROR(COUNT(_xlfn._xlws.FILTER(CH55:CL55, ISNUMBER(MATCH(CH55:CL55, {2,3,5,7,11,13,17,19,23,29,31,37,41,43}, 0)))), 0)} -> 3 | DA55: {=IFERROR(COUNT(_xlfn._xlws.FILTER(CH55:CL55, ISNUMBER(MATCH(CH55:CL55, {1,4,8,10,14,16,20,22,25,26,28,32,34,35,38,40,44}, 0)))), 0)} -> 1 | DB55: {=IFERROR(COUNT(_xlfn._xlws.FILTER(CH55:CL55, ISNUMBER(MATCH(CH55:CL55, {6,9,12,15,18,21,24,27,30,33,36,39,42,45}, 0)))), 0)} -> 1 | DD55: =#REF! -> #REF! | DE55: =#REF!*2 -> #REF! | DF55: =#REF! -> #REF! | DG55: =#REF!*2 -> #REF! | DH55: =#REF! -> #REF! | DI55: =#REF!*2 -> #REF! | DJ55: =#REF! -> #REF! | DK55: =#REF!*2 -> #REF! | DL55: =#REF! -> #REF! | DM55: =#REF!*2 -> #REF! | DO55: {=_xlfn.IFS( OR(CH55="",ISBLANK(CH55),CH55=0),0, ISNUMBER(MATCH(CH55,{2,3,5,7,11,13,17,19,23,29,31,37,41,43},0)),"소", AND(ISNUMBER(CH55),MOD(CH55,3)=0),"배", AND(ISNUMBER(CH55),CH55>0),"자" )} -> 배 | DP55: {=_xlfn.IFS( OR(CI55="",ISBLANK(CI55),CI55=0),0, ISNUMBER(MATCH(CI55,{2,3,5,7,11,13,17,19,23,29,31,37,41,43},0)),"소", AND(ISNUMBER(CI55),MOD(CI55,3)=0),"배", AND(ISNUMBER(CI55),CI55>0),"자" )} -> 소 | DQ55: {=_xlfn.IFS( OR(CJ55="",ISBLANK(CJ55),CJ55=0),0, ISNUMBER(MATCH(CJ55,{2,3,5,7,11,13,17,19,23,29,31,37,41,43},0)),"소", AND(ISNUMBER(CJ55),MOD(CJ55,3)=0),"배", AND(ISNUMBER(CJ55),CJ55>0),"자" )} -> 소 | DR55: {=_xlfn.IFS( OR(CK55="",ISBLANK(CK55),CK55=0),0, ISNUMBER(MATCH(CK55,{2,3,5,7,11,13,17,19,23,29,31,37,41,43},0)),"소", AND(ISNUMBER(CK55),MOD(CK55,3)=0),"배", AND(ISNUMBER(CK55),CK55>0),"자" )} -> 자 | DS55: {=_xlfn.IFS( OR(CL55="",ISBLANK(CL55),CL55=0),0, ISNUMBER(MATCH(CL55,{2,3,5,7,11,13,17,19,23,29,31,37,41,43},0)),"소", AND(ISNUMBER(CL55),MOD(CL55,3)=0),"배", AND(ISNUMBER(CL55),CL55>0),"자" )} -> 소
... B152: 0 | C152: 0 | D152: 0 | E152: 0 | F152: 0 | G152: 0 | I152: =IF(OR(B152="",ISBLANK(B152),B152=0),0,IF(MOD(B152,2)=1,1,2)) -> 0 | J152: =IF(OR(C152="",ISBLANK(C152),C152=0),0,IF(MOD(C152,2)=1,1,2)) -> 0 | K152: =IF(OR(D152="",ISBLANK(D152),D152=0),0,IF(MOD(D152,2)=1,1,2)) -> 0 | L152: =IF(OR(E152="",ISBLANK(E152),E152=0),0,IF(MOD(E152,2)=1,1,2)) -> 0 | M152: =IF(OR(F152="",ISBLANK(F152),F152=0),0,IF(MOD(F152,2)=1,1,2)) -> 0 | N152: =IF(OR(G152="",ISBLANK(G152),G152=0),0,IF(MOD(G152,2)=1,1,2)) -> 0 | P152: {=SUMPRODUCT(--(MOD(B152:G152,2)=1))} -> 0 | Q152: =6-P152 -> 6 | S152: =COUNTIFS(B152:G152,">=1",B152:G152,"<=23") -> 0 | T152: =6-S152 -> 6 | V152: {=SUMPRODUCT(--(MOD(B152:G152,10)>=1), --(MOD(B152:G152,10)<=5))} -> 0 | W152: =6-V152 -> 6 | Y152: {=IFERROR(COUNT(_xlfn._xlws.FILTER(B152:G152, ISNUMBER(MATCH(B152:G152, {2,3,5,7,11,13,17,19,23,29,31,37,41,43}, 0)))), 0)} -> 0 | Z152: {=IFERROR(COUNT(_xlfn._xlws.FILTER(B152:G152, ISNUMBER(MATCH(B152:G152, {1,4,8,10,14,16,20,22,25,26,28,32,34,35,38,40,44}, 0)))), 0)} -> 0 | AA152: {=IFERROR(COUNT(_xlfn._xlws.FILTER(B152:G152, ISNUMBER(MATCH(B152:G152, {6,9,12,15,18,21,24,27,30,33,36,39,42,45}, 0)))), 0)} -> 0 | AC152: {=_xlfn.IFS( OR(B152="",ISBLANK(B152),B152=0),0, ISNUMBER(MATCH(B152,{2,3,5,7,11,13,17,19,23,29,31,37,41,43},0)),"소", AND(ISNUMBER(B152),MOD(B152,3)=0),"배", AND(ISNUMBER(B152),B152>0),"자" )} -> 0 | AD152: {=_xlfn.IFS( OR(C152="",ISBLANK(C152),C152=0),0, ISNUMBER(MATCH(C152,{2,3,5,7,11,13,17,19,23,29,31,37,41,43},0)),"소", AND(ISNUMBER(C152),MOD(C152,3)=0),"배", AND(ISNUMBER(C152),C152>0),"자" )} -> 0 | AE152: {=_xlfn.IFS( OR(D152="",ISBLANK(D152),D152=0),0, ISNUMBER(MATCH(D152,{2,3,5,7,11,13,17,19,23,29,31,37,41,43},0)),"소", AND(ISNUMBER(D152),MOD(D152,3)=0),"배", AND(ISNUMBER(D152),D152>0),"자" )} -> 0 | AF152: {=_xlfn.IFS( OR(E152="",ISBLANK(E152),E152=0),0, ISNUMBER(MATCH(E152,{2,3,5,7,11,13,17,19,23,29,31,37,41,43},0)),"소", AND(ISNUMBER(E152),MOD(E152,3)=0),"배", AND(ISNUMBER(E152),E152>0),"자" )} -> 0 | AG152: {=_xlfn.IFS( OR(F152="",ISBLANK(F152),F152=0),0, ISNUMBER(MATCH(F152,{2,3,5,7,11,13,17,19,23,29,31,37,41,43},0)),"소", AND(ISNUMBER(F152),MOD(F152,3)=0),"배", AND(ISNUMBER(F152),F152>0),"자" )} -> 0 | AH152: {=_xlfn.IFS( OR(G152="",ISBLANK(G152),G152=0),0, ISNUMBER(MATCH(G152,{2,3,5,7,11,13,17,19,23,29,31,37,41,43},0)),"소", AND(ISNUMBER(G152),MOD(G152,3)=0),"배", AND(ISNUMBER(G152),G152>0),"자" )} -> 0 | AJ152: =COUNTIFS(B152:G152,">=1",B152:G152,"<=14") -> 0 | AK152: =COUNTIFS(B152:G152,">=15",B152:G152,"<=31") -> 0 | AL152: =6-AK152-AJ152 -> 6 | AN152: =COUNTIFS($B152:$G152, ">=1",$B152:$G152, "<=9") -> 0 | AO152: =COUNTIFS($B152:$G152, ">=10",$B152:$G152, "<=18") -> 0 | AP152: =COUNTIFS($B152:$G152, ">=19",$B152:$G152, "<=27") -> 0 | AQ152: =COUNTIFS($B152:$G152, ">=28",$B152:$G152, "<=36") -> 0 | AR152: =COUNTIFS($B152:$G152, ">=37",$B152:$G152, "<=45") -> 0 | AS152: =#REF! -> #REF! | AT152: =#REF!*2 -> #REF! | AU152: =#REF! -> #REF! | AV152: =#REF!*2 -> #REF! | AW152: =#REF! -> #REF! | AX152: =#REF!*2 -> #REF! | AY152: =#REF! -> #REF! | AZ152: =#REF!*2 -> #REF! | BA152: =#REF! -> #REF! | BB152: =#REF!*2 -> #REF! | BC152: =#REF! -> #REF! | BD152: =#REF!*2 -> #REF! | BE152: =#REF!-#REF! -> #REF! | BF152: =#REF!-#REF! -> #REF! | BG152: =#REF!-#REF! -> #REF! | BH152: =#REF!-#REF! -> #REF! | BI152: =#REF!-#REF! -> #REF! | BK152: =COUNTIFS(B152:G152, ">=1", B152:G152, "<=9") -> 0 | BL152: =COUNTIFS(B152:G152, ">=10", B152:G152, "<=19") -> 0 | BM152: =COUNTIFS(B152:G152, ">=20", B152:G152, "<=29") -> 0 | BN152: =COUNTIFS(B152:G152, ">=30", B152:G152, "<=39") -> 0 | BO152: =COUNTIFS(B152:G152, ">=40", B152:G152, "<=45") -> 0 | BP152: =#REF! -> #REF! | BQ152: =#REF!*2 -> #REF! | BR152: =#REF! -> #REF! | BS152: =#REF!*2 -> #REF! | BT152: =#REF! -> #REF! | BU152: =#REF!*2 -> #REF! | BV152: =#REF! -> #REF! | BW152: =#REF!*2 -> #REF! | BX152: =#REF! -> #REF! | BY152: =#REF!*2 -> #REF! | BZ152: =#REF! -> #REF! | CA152: =#REF!*2 -> #REF! | CB152: =C152-B152 -> 0 | CC152: =D152-C152 -> 0 | CD152: =E152-D152 -> 0 | CE152: =F152-E152 -> 0 | CF152: =G152-F152 -> 0 | CH152: =C152-B152 -> 0 | CI152: =D152-C152 -> 0 | CJ152: =E152-D152 -> 0 | CK152: =F152-E152 -> 0 | CL152: =G152-F152 -> 0 | CN152: =IF(OR(CH152="",ISBLANK(CH152),CH152=0),0,IF(MOD(CH152,2)=1,1,2)) -> 0 | CO152: =IF(OR(CI152="",ISBLANK(CI152),CI152=0),0,IF(MOD(CI152,2)=1,1,2)) -> 0 | CP152: =IF(OR(CJ152="",ISBLANK(CJ152),CJ152=0),0,IF(MOD(CJ152,2)=1,1,2)) -> 0 | CQ152: =IF(OR(CK152="",ISBLANK(CK152),CK152=0),0,IF(MOD(CK152,2)=1,1,2)) -> 0 | CR152: =IF(OR(CL152="",ISBLANK(CL152),CL152=0),0,IF(MOD(CL152,2)=1,1,2)) -> 0 | CT152: {=SUMPRODUCT(--(MOD(CH152:CL152,2)=1))} -> 0 | CU152: =5-CT152 -> 5 | CW152: {=SUMPRODUCT(--(MOD(CH152:CL152,10)>=1), --(MOD(CH152:CL152,10)<=5))} -> 0 | CX152: =5-CW152 -> 5 | CZ152: {=IFERROR(COUNT(_xlfn._xlws.FILTER(CH152:CL152, ISNUMBER(MATCH(CH152:CL152, {2,3,5,7,11,13,17,19,23,29,31,37,41,43}, 0)))), 0)} -> 0 | DA152: {=IFERROR(COUNT(_xlfn._xlws.FILTER(CH152:CL152, ISNUMBER(MATCH(CH152:CL152, {1,4,8,10,14,16,20,22,25,26,28,32,34,35,38,40,44}, 0)))), 0)} -> 0 | DB152: {=IFERROR(COUNT(_xlfn._xlws.FILTER(CH152:CL152, ISNUMBER(MATCH(CH152:CL152, {6,9,12,15,18,21,24,27,30,33,36,39,42,45}, 0)))), 0)} -> 0 | DD152: =#REF! -> #REF! | DE152: =#REF!*2 -> #REF! | DF152: =#REF! -> #REF! | DG152: =#REF!*2 -> #REF! | DH152: =#REF! -> #REF! | DI152: =#REF!*2 -> #REF! | DJ152: =#REF! -> #REF! | DK152: =#REF!*2 -> #REF! | DL152: =#REF! -> #REF! | DM152: =#REF!*2 -> #REF! | DO152: {=_xlfn.IFS( OR(CH152="",ISBLANK(CH152),CH152=0),0, ISNUMBER(MATCH(CH152,{2,3,5,7,11,13,17,19,23,29,31,37,41,43},0)),"소", AND(ISNUMBER(CH152),MOD(CH152,3)=0),"배", AND(ISNUMBER(CH152),CH152>0),"자" )} -> 0 | DP152: {=_xlfn.IFS( OR(CI152="",ISBLANK(CI152),CI152=0),0, ISNUMBER(MATCH(CI152,{2,3,5,7,11,13,17,19,23,29,31,37,41,43},0)),"소", AND(ISNUMBER(CI152),MOD(CI152,3)=0),"배", AND(ISNUMBER(CI152),CI152>0),"자" )} -> 0 | DQ152: {=_xlfn.IFS( OR(CJ152="",ISBLANK(CJ152),CJ152=0),0, ISNUMBER(MATCH(CJ152,{2,3,5,7,11,13,17,19,23,29,31,37,41,43},0)),"소", AND(ISNUMBER(CJ152),MOD(CJ152,3)=0),"배", AND(ISNUMBER(CJ152),CJ152>0),"자" )} -> 0 | DR152: {=_xlfn.IFS( OR(CK152="",ISBLANK(CK152),CK152=0),0, ISNUMBER(MATCH(CK152,{2,3,5,7,11,13,17,19,23,29,31,37,41,43},0)),"소", AND(ISNUMBER(CK152),MOD(CK152,3)=0),"배", AND(ISNUMBER(CK152),CK152>0),"자" )} -> 0 | DS152: {=_xlfn.IFS( OR(CL152="",ISBLANK(CL152),CL152=0),0, ISNUMBER(MATCH(CL152,{2,3,5,7,11,13,17,19,23,29,31,37,41,43},0)),"소", AND(ISNUMBER(CL152),MOD(CL152,3)=0),"배", AND(ISNUMBER(CL152),CL152>0),"자" )} -> 0
B153: 0 | C153: 0 | D153: 0 | E153: 0 | F153: 0 | G153: 0 | I153: =IF(OR(B153="",ISBLANK(B153),B153=0),0,IF(MOD(B153,2)=1,1,2)) -> 0 | J153: =IF(OR(C153="",ISBLANK(C153),C153=0),0,IF(MOD(C153,2)=1,1,2)) -> 0 | K153: =IF(OR(D153="",ISBLANK(D153),D153=0),0,IF(MOD(D153,2)=1,1,2)) -> 0 | L153: =IF(OR(E153="",ISBLANK(E153),E153=0),0,IF(MOD(E153,2)=1,1,2)) -> 0 | M153: =IF(OR(F153="",ISBLANK(F153),F153=0),0,IF(MOD(F153,2)=1,1,2)) -> 0 | N153: =IF(OR(G153="",ISBLANK(G153),G153=0),0,IF(MOD(G153,2)=1,1,2)) -> 0 | P153: {=SUMPRODUCT(--(MOD(B153:G153,2)=1))} -> 0 | Q153: =6-P153 -> 6 | S153: =COUNTIFS(B153:G153,">=1",B153:G153,"<=23") -> 0 | T153: =6-S153 -> 6 | V153: {=SUMPRODUCT(--(MOD(B153:G153,10)>=1), --(MOD(B153:G153,10)<=5))} -> 0 | W153: =6-V153 -> 6 | Y153: {=IFERROR(COUNT(_xlfn._xlws.FILTER(B153:G153, ISNUMBER(MATCH(B153:G153, {2,3,5,7,11,13,17,19,23,29,31,37,41,43}, 0)))), 0)} -> 0 | Z153: {=IFERROR(COUNT(_xlfn._xlws.FILTER(B153:G153, ISNUMBER(MATCH(B153:G153, {1,4,8,10,14,16,20,22,25,26,28,32,34,35,38,40,44}, 0)))), 0)} -> 0 | AA153: {=IFERROR(COUNT(_xlfn._xlws.FILTER(B153:G153, ISNUMBER(MATCH(B153:G153, {6,9,12,15,18,21,24,27,30,33,36,39,42,45}, 0)))), 0)} -> 0 | AC153: {=_xlfn.IFS( OR(B153="",ISBLANK(B153),B153=0),0, ISNUMBER(MATCH(B153,{2,3,5,7,11,13,17,19,23,29,31,37,41,43},0)),"소", AND(ISNUMBER(B153),MOD(B153,3)=0),"배", AND(ISNUMBER(B153),B153>0),"자" )} -> 0 | AD153: {=_xlfn.IFS( OR(C153="",ISBLANK(C153),C153=0),0, ISNUMBER(MATCH(C153,{2,3,5,7,11,13,17,19,23,29,31,37,41,43},0)),"소", AND(ISNUMBER(C153),MOD(C153,3)=0),"배", AND(ISNUMBER(C153),C153>0),"자" )} -> 0 | AE153: {=_xlfn.IFS( OR(D153="",ISBLANK(D153),D153=0),0, ISNUMBER(MATCH(D153,{2,3,5,7,11,13,17,19,23,29,31,37,41,43},0)),"소", AND(ISNUMBER(D153),MOD(D153,3)=0),"배", AND(ISNUMBER(D153),D153>0),"자" )} -> 0 | AF153: {=_xlfn.IFS( OR(E153="",ISBLANK(E153),E153=0),0, ISNUMBER(MATCH(E153,{2,3,5,7,11,13,17,19,23,29,31,37,41,43},0)),"소", AND(ISNUMBER(E153),MOD(E153,3)=0),"배", AND(ISNUMBER(E153),E153>0),"자" )} -> 0 | AG153: {=_xlfn.IFS( OR(F153="",ISBLANK(F153),F153=0),0, ISNUMBER(MATCH(F153,{2,3,5,7,11,13,17,19,23,29,31,37,41,43},0)),"소", AND(ISNUMBER(F153),MOD(F153,3)=0),"배", AND(ISNUMBER(F153),F153>0),"자" )} -> 0 | AH153: {=_xlfn.IFS( OR(G153="",ISBLANK(G153),G153=0),0, ISNUMBER(MATCH(G153,{2,3,5,7,11,13,17,19,23,29,31,37,41,43},0)),"소", AND(ISNUMBER(G153),MOD(G153,3)=0),"배", AND(ISNUMBER(G153),G153>0),"자" )} -> 0 | AJ153: =COUNTIFS(B153:G153,">=1",B153:G153,"<=14") -> 0 | AK153: =COUNTIFS(B153:G153,">=15",B153:G153,"<=31") -> 0 | AL153: =6-AK153-AJ153 -> 6 | AN153: =COUNTIFS($B153:$G153, ">=1",$B153:$G153, "<=9") -> 0 | AO153: =COUNTIFS($B153:$G153, ">=10",$B153:$G153, "<=18") -> 0 | AP153: =COUNTIFS($B153:$G153, ">=19",$B153:$G153, "<=27") -> 0 | AQ153: =COUNTIFS($B153:$G153, ">=28",$B153:$G153, "<=36") -> 0 | AR153: =COUNTIFS($B153:$G153, ">=37",$B153:$G153, "<=45") -> 0 | AS153: =#REF! -> #REF! | AT153: =#REF!*2 -> #REF! | AU153: =#REF! -> #REF! | AV153: =#REF!*2 -> #REF! | AW153: =#REF! -> #REF! | AX153: =#REF!*2 -> #REF! | AY153: =#REF! -> #REF! | AZ153: =#REF!*2 -> #REF! | BA153: =#REF! -> #REF! | BB153: =#REF!*2 -> #REF! | BC153: =#REF! -> #REF! | BD153: =#REF!*2 -> #REF! | BE153: =#REF!-#REF! -> #REF! | BF153: =#REF!-#REF! -> #REF! | BG153: =#REF!-#REF! -> #REF! | BH153: =#REF!-#REF! -> #REF! | BI153: =#REF!-#REF! -> #REF! | BK153: =COUNTIFS(B153:G153, ">=1", B153:G153, "<=9") -> 0 | BL153: =COUNTIFS(B153:G153, ">=10", B153:G153, "<=19") -> 0 | BM153: =COUNTIFS(B153:G153, ">=20", B153:G153, "<=29") -> 0 | BN153: =COUNTIFS(B153:G153, ">=30", B153:G153, "<=39") -> 0 | BO153: =COUNTIFS(B153:G153, ">=40", B153:G153, "<=45") -> 0 | BP153: =#REF! -> #REF! | BQ153: =#REF!*2 -> #REF! | BR153: =#REF! -> #REF! | BS153: =#REF!*2 -> #REF! | BT153: =#REF! -> #REF! | BU153: =#REF!*2 -> #REF! | BV153: =#REF! -> #REF! | BW153: =#REF!*2 -> #REF! | BX153: =#REF! -> #REF! | BY153: =#REF!*2 -> #REF! | BZ153: =#REF! -> #REF! | CA153: =#REF!*2 -> #REF! | CB153: =C153-B153 -> 0 | CC153: =D153-C153 -> 0 | CD153: =E153-D153 -> 0 | CE153: =F153-E153 -> 0 | CF153: =G153-F153 -> 0 | CH153: =C153-B153 -> 0 | CI153: =D153-C153 -> 0 | CJ153: =E153-D153 -> 0 | CK153: =F153-E153 -> 0 | CL153: =G153-F153 -> 0 | CN153: =IF(OR(CH153="",ISBLANK(CH153),CH153=0),0,IF(MOD(CH153,2)=1,1,2)) -> 0 | CO153: =IF(OR(CI153="",ISBLANK(CI153),CI153=0),0,IF(MOD(CI153,2)=1,1,2)) -> 0 | CP153: =IF(OR(CJ153="",ISBLANK(CJ153),CJ153=0),0,IF(MOD(CJ153,2)=1,1,2)) -> 0 | CQ153: =IF(OR(CK153="",ISBLANK(CK153),CK153=0),0,IF(MOD(CK153,2)=1,1,2)) -> 0 | CR153: =IF(OR(CL153="",ISBLANK(CL153),CL153=0),0,IF(MOD(CL153,2)=1,1,2)) -> 0 | CT153: {=SUMPRODUCT(--(MOD(CH153:CL153,2)=1))} -> 0 | CU153: =5-CT153 -> 5 | CW153: {=SUMPRODUCT(--(MOD(CH153:CL153,10)>=1), --(MOD(CH153:CL153,10)<=5))} -> 0 | CX153: =5-CW153 -> 5 | CZ153: {=IFERROR(COUNT(_xlfn._xlws.FILTER(CH153:CL153, ISNUMBER(MATCH(CH153:CL153, {2,3,5,7,11,13,17,19,23,29,31,37,41,43}, 0)))), 0)} -> 0 | DA153: {=IFERROR(COUNT(_xlfn._xlws.FILTER(CH153:CL153, ISNUMBER(MATCH(CH153:CL153, {1,4,8,10,14,16,20,22,25,26,28,32,34,35,38,40,44}, 0)))), 0)} -> 0 | DB153: {=IFERROR(COUNT(_xlfn._xlws.FILTER(CH153:CL153, ISNUMBER(MATCH(CH153:CL153, {6,9,12,15,18,21,24,27,30,33,36,39,42,45}, 0)))), 0)} -> 0 | DD153: =#REF! -> #REF! | DE153: =#REF!*2 -> #REF! | DF153: =#REF! -> #REF! | DG153: =#REF!*2 -> #REF! | DH153: =#REF! -> #REF! | DI153: =#REF!*2 -> #REF! | DJ153: =#REF! -> #REF! | DK153: =#REF!*2 -> #REF! | DL153: =#REF! -> #REF! | DM153: =#REF!*2 -> #REF!
B154: 0 | C154: 0 | D154: 0 | E154: 0 | F154: 0 | G154: 0 | I154: =IF(OR(B154="",ISBLANK(B154),B154=0),0,IF(MOD(B154,2)=1,1,2)) -> 0 | J154: =IF(OR(C154="",ISBLANK(C154),C154=0),0,IF(MOD(C154,2)=1,1,2)) -> 0 | K154: =IF(OR(D154="",ISBLANK(D154),D154=0),0,IF(MOD(D154,2)=1,1,2)) -> 0 | L154: =IF(OR(E154="",ISBLANK(E154),E154=0),0,IF(MOD(E154,2)=1,1,2)) -> 0 | M154: =IF(OR(F154="",ISBLANK(F154),F154=0),0,IF(MOD(F154,2)=1,1,2)) -> 0 | N154: =IF(OR(G154="",ISBLANK(G154),G154=0),0,IF(MOD(G154,2)=1,1,2)) -> 0 | P154: {=SUMPRODUCT(--(MOD(B154:G154,2)=1))} -> 0 | Q154: =6-P154 -> 6 | S154: =COUNTIFS(B154:G154,">=1",B154:G154,"<=23") -> 0 | T154: =6-S154 -> 6 | V154: {=SUMPRODUCT(--(MOD(B154:G154,10)>=1), --(MOD(B154:G154,10)<=5))} -> 0 | W154: =6-V154 -> 6 | Y154: {=IFERROR(COUNT(_xlfn._xlws.FILTER(B154:G154, ISNUMBER(MATCH(B154:G154, {2,3,5,7,11,13,17,19,23,29,31,37,41,43}, 0)))), 0)} -> 0 | Z154: {=IFERROR(COUNT(_xlfn._xlws.FILTER(B154:G154, ISNUMBER(MATCH(B154:G154, {1,4,8,10,14,16,20,22,25,26,28,32,34,35,38,40,44}, 0)))), 0)} -> 0 | AA154: {=IFERROR(COUNT(_xlfn._xlws.FILTER(B154:G154, ISNUMBER(MATCH(B154:G154, {6,9,12,15,18,21,24,27,30,33,36,39,42,45}, 0)))), 0)} -> 0 | AC154: {=_xlfn.IFS( OR(B154="",ISBLANK(B154),B154=0),0, ISNUMBER(MATCH(B154,{2,3,5,7,11,13,17,19,23,29,31,37,41,43},0)),"소", AND(ISNUMBER(B154),MOD(B154,3)=0),"배", AND(ISNUMBER(B154),B154>0),"자" )} -> 0 | AD154: {=_xlfn.IFS( OR(C154="",ISBLANK(C154),C154=0),0, ISNUMBER(MATCH(C154,{2,3,5,7,11,13,17,19,23,29,31,37,41,43},0)),"소", AND(ISNUMBER(C154),MOD(C154,3)=0),"배", AND(ISNUMBER(C154),C154>0),"자" )} -> 0 | AE154: {=_xlfn.IFS( OR(D154="",ISBLANK(D154),D154=0),0, ISNUMBER(MATCH(D154,{2,3,5,7,11,13,17,19,23,29,31,37,41,43},0)),"소", AND(ISNUMBER(D154),MOD(D154,3)=0),"배", AND(ISNUMBER(D154),D154>0),"자" )} -> 0 | AF154: {=_xlfn.IFS( OR(E154="",ISBLANK(E154),E154=0),0, ISNUMBER(MATCH(E154,{2,3,5,7,11,13,17,19,23,29,31,37,41,43},0)),"소", AND(ISNUMBER(E154),MOD(E154,3)=0),"배", AND(ISNUMBER(E154),E154>0),"자" )} -> 0 | AG154: {=_xlfn.IFS( OR(F154="",ISBLANK(F154),F154=0),0, ISNUMBER(MATCH(F154,{2,3,5,7,11,13,17,19,23,29,31,37,41,43},0)),"소", AND(ISNUMBER(F154),MOD(F154,3)=0),"배", AND(ISNUMBER(F154),F154>0),"자" )} -> 0 | AH154: {=_xlfn.IFS( OR(G154="",ISBLANK(G154),G154=0),0, ISNUMBER(MATCH(G154,{2,3,5,7,11,13,17,19,23,29,31,37,41,43},0)),"소", AND(ISNUMBER(G154),MOD(G154,3)=0),"배", AND(ISNUMBER(G154),G154>0),"자" )} -> 0 | AJ154: =COUNTIFS(B154:G154,">=1",B154:G154,"<=14") -> 0 | AK154: =COUNTIFS(B154:G154,">=15",B154:G154,"<=31") -> 0 | AL154: =6-AK154-AJ154 -> 6 | AN154: =COUNTIFS($B154:$G154, ">=1",$B154:$G154, "<=9") -> 0 | AO154: =COUNTIFS($B154:$G154, ">=10",$B154:$G154, "<=18") -> 0 | AP154: =COUNTIFS($B154:$G154, ">=19",$B154:$G154, "<=27") -> 0 | AQ154: =COUNTIFS($B154:$G154, ">=28",$B154:$G154, "<=36") -> 0 | AR154: =COUNTIFS($B154:$G154, ">=37",$B154:$G154, "<=45") -> 0 | AS154: =#REF! -> #REF! | AT154: =#REF!*2 -> #REF! | AU154: =#REF! -> #REF! | AV154: =#REF!*2 -> #REF! | AW154: =#REF! -> #REF! | AX154: =#REF!*2 -> #REF! | AY154: =#REF! -> #REF! | AZ154: =#REF!*2 -> #REF! | BA154: =#REF! -> #REF! | BB154: =#REF!*2 -> #REF! | BC154: =#REF! -> #REF! | BD154: =#REF!*2 -> #REF! | BE154: =#REF!-#REF! -> #REF! | BF154: =#REF!-#REF! -> #REF! | BG154: =#REF!-#REF! -> #REF! | BH154: =#REF!-#REF! -> #REF! | BI154: =#REF!-#REF! -> #REF! | BK154: =COUNTIFS(B154:G154, ">=1", B154:G154, "<=9") -> 0 | BL154: =COUNTIFS(B154:G154, ">=10", B154:G154, "<=19") -> 0 | BM154: =COUNTIFS(B154:G154, ">=20", B154:G154, "<=29") -> 0 | BN154: =COUNTIFS(B154:G154, ">=30", B154:G154, "<=39") -> 0 | BO154: =COUNTIFS(B154:G154, ">=40", B154:G154, "<=45") -> 0 | BP154: =#REF! -> #REF! | BQ154: =#REF!*2 -> #REF! | BR154: =#REF! -> #REF! | BS154: =#REF!*2 -> #REF! | BT154: =#REF! -> #REF! | BU154: =#REF!*2 -> #REF! | BV154: =#REF! -> #REF! | BW154: =#REF!*2 -> #REF! | BX154: =#REF! -> #REF! | BY154: =#REF!*2 -> #REF! | BZ154: =#REF! -> #REF! | CA154: =#REF!*2 -> #REF! | CB154: =C154-B154 -> 0 | CC154: =D154-C154 -> 0 | CD154: =E154-D154 -> 0 | CE154: =F154-E154 -> 0 | CF154: =G154-F154 -> 0 | CH154: =C154-B154 -> 0 | CI154: =D154-C154 -> 0 | CJ154: =E154-D154 -> 0 | CK154: =F154-E154 -> 0 | CL154: =G154-F154 -> 0 | CN154: =IF(OR(CH154="",ISBLANK(CH154),CH154=0),0,IF(MOD(CH154,2)=1,1,2)) -> 0 | CO154: =IF(OR(CI154="",ISBLANK(CI154),CI154=0),0,IF(MOD(CI154,2)=1,1,2)) -> 0 | CP154: =IF(OR(CJ154="",ISBLANK(CJ154),CJ154=0),0,IF(MOD(CJ154,2)=1,1,2)) -> 0 | CQ154: =IF(OR(CK154="",ISBLANK(CK154),CK154=0),0,IF(MOD(CK154,2)=1,1,2)) -> 0 | CR154: =IF(OR(CL154="",ISBLANK(CL154),CL154=0),0,IF(MOD(CL154,2)=1,1,2)) -> 0 | CT154: {=SUMPRODUCT(--(MOD(CH154:CL154,2)=1))} -> 0 | CU154: =5-CT154 -> 5 | CW154: {=SUMPRODUCT(--(MOD(CH154:CL154,10)>=1), --(MOD(CH154:CL154,10)<=5))} -> 0 | CX154: =5-CW154 -> 5 | CZ154: {=IFERROR(COUNT(_xlfn._xlws.FILTER(CH154:CL154, ISNUMBER(MATCH(CH154:CL154, {2,3,5,7,11,13,17,19,23,29,31,37,41,43}, 0)))), 0)} -> 0 | DA154: {=IFERROR(COUNT(_xlfn._xlws.FILTER(CH154:CL154, ISNUMBER(MATCH(CH154:CL154, {1,4,8,10,14,16,20,22,25,26,28,32,34,35,38,40,44}, 0)))), 0)} -> 0 | DB154: {=IFERROR(COUNT(_xlfn._xlws.FILTER(CH154:CL154, ISNUMBER(MATCH(CH154:CL154, {6,9,12,15,18,21,24,27,30,33,36,39,42,45}, 0)))), 0)} -> 0 | DD154: =#REF! -> #REF! | DE154: =#REF!*2 -> #REF! | DF154: =#REF! -> #REF! | DG154: =#REF!*2 -> #REF! | DH154: =#REF! -> #REF! | DI154: =#REF!*2 -> #REF! | DJ154: =#REF! -> #REF! | DK154: =#REF!*2 -> #REF! | DL154: =#REF! -> #REF! | DM154: =#REF!*2 -> #REF!
B155: 0 | C155: 0 | D155: 0 | E155: 0 | F155: 0 | G155: 0 | I155: =IF(OR(B155="",ISBLANK(B155),B155=0),0,IF(MOD(B155,2)=1,1,2)) -> 0 | J155: =IF(OR(C155="",ISBLANK(C155),C155=0),0,IF(MOD(C155,2)=1,1,2)) -> 0 | K155: =IF(OR(D155="",ISBLANK(D155),D155=0),0,IF(MOD(D155,2)=1,1,2)) -> 0 | L155: =IF(OR(E155="",ISBLANK(E155),E155=0),0,IF(MOD(E155,2)=1,1,2)) -> 0 | M155: =IF(OR(F155="",ISBLANK(F155),F155=0),0,IF(MOD(F155,2)=1,1,2)) -> 0 | N155: =IF(OR(G155="",ISBLANK(G155),G155=0),0,IF(MOD(G155,2)=1,1,2)) -> 0 | P155: {=SUMPRODUCT(--(MOD(B155:G155,2)=1))} -> 0 | Q155: =6-P155 -> 6 | S155: =COUNTIFS(B155:G155,">=1",B155:G155,"<=23") -> 0 | T155: =6-S155 -> 6 | V155: {=SUMPRODUCT(--(MOD(B155:G155,10)>=1), --(MOD(B155:G155,10)<=5))} -> 0 | W155: =6-V155 -> 6 | Y155: {=IFERROR(COUNT(_xlfn._xlws.FILTER(B155:G155, ISNUMBER(MATCH(B155:G155, {2,3,5,7,11,13,17,19,23,29,31,37,41,43}, 0)))), 0)} -> 0 | Z155: {=IFERROR(COUNT(_xlfn._xlws.FILTER(B155:G155, ISNUMBER(MATCH(B155:G155, {1,4,8,10,14,16,20,22,25,26,28,32,34,35,38,40,44}, 0)))), 0)} -> 0 | AA155: {=IFERROR(COUNT(_xlfn._xlws.FILTER(B155:G155, ISNUMBER(MATCH(B155:G155, {6,9,12,15,18,21,24,27,30,33,36,39,42,45}, 0)))), 0)} -> 0 | AC155: {=_xlfn.IFS( OR(B155="",ISBLANK(B155),B155=0),0, ISNUMBER(MATCH(B155,{2,3,5,7,11,13,17,19,23,29,31,37,41,43},0)),"소", AND(ISNUMBER(B155),MOD(B155,3)=0),"배", AND(ISNUMBER(B155),B155>0),"자" )} -> 0 | AD155: {=_xlfn.IFS( OR(C155="",ISBLANK(C155),C155=0),0, ISNUMBER(MATCH(C155,{2,3,5,7,11,13,17,19,23,29,31,37,41,43},0)),"소", AND(ISNUMBER(C155),MOD(C155,3)=0),"배", AND(ISNUMBER(C155),C155>0),"자" )} -> 0 | AE155: {=_xlfn.IFS( OR(D155="",ISBLANK(D155),D155=0),0, ISNUMBER(MATCH(D155,{2,3,5,7,11,13,17,19,23,29,31,37,41,43},0)),"소", AND(ISNUMBER(D155),MOD(D155,3)=0),"배", AND(ISNUMBER(D155),D155>0),"자" )} -> 0 | AF155: {=_xlfn.IFS( OR(E155="",ISBLANK(E155),E155=0),0, ISNUMBER(MATCH(E155,{2,3,5,7,11,13,17,19,23,29,31,37,41,43},0)),"소", AND(ISNUMBER(E155),MOD(E155,3)=0),"배", AND(ISNUMBER(E155),E155>0),"자" )} -> 0 | AG155: {=_xlfn.IFS( OR(F155="",ISBLANK(F155),F155=0),0, ISNUMBER(MATCH(F155,{2,3,5,7,11,13,17,19,23,29,31,37,41,43},0)),"소", AND(ISNUMBER(F155),MOD(F155,3)=0),"배", AND(ISNUMBER(F155),F155>0),"자" )} -> 0 | AH155: {=_xlfn.IFS( OR(G155="",ISBLANK(G155),G155=0),0, ISNUMBER(MATCH(G155,{2,3,5,7,11,13,17,19,23,29,31,37,41,43},0)),"소", AND(ISNUMBER(G155),MOD(G155,3)=0),"배", AND(ISNUMBER(G155),G155>0),"자" )} -> 0 | AJ155: =COUNTIFS(B155:G155,">=1",B155:G155,"<=14") -> 0 | AK155: =COUNTIFS(B155:G155,">=15",B155:G155,"<=31") -> 0 | AL155: =6-AK155-AJ155 -> 6 | AN155: =COUNTIFS($B155:$G155, ">=1",$B155:$G155, "<=9") -> 0 | AO155: =COUNTIFS($B155:$G155, ">=10",$B155:$G155, "<=18") -> 0 | AP155: =COUNTIFS($B155:$G155, ">=19",$B155:$G155, "<=27") -> 0 | AQ155: =COUNTIFS($B155:$G155, ">=28",$B155:$G155, "<=36") -> 0 | AR155: =COUNTIFS($B155:$G155, ">=37",$B155:$G155, "<=45") -> 0 | AS155: =#REF! -> #REF! | AT155: =#REF!*2 -> #REF! | AU155: =#REF! -> #REF! | AV155: =#REF!*2 -> #REF! | AW155: =#REF! -> #REF! | AX155: =#REF!*2 -> #REF! | AY155: =#REF! -> #REF! | AZ155: =#REF!*2 -> #REF! | BA155: =#REF! -> #REF! | BB155: =#REF!*2 -> #REF! | BC155: =#REF! -> #REF! | BD155: =#REF!*2 -> #REF! | BE155: =#REF!-#REF! -> #REF! | BF155: =#REF!-#REF! -> #REF! | BG155: =#REF!-#REF! -> #REF! | BH155: =#REF!-#REF! -> #REF! | BI155: =#REF!-#REF! -> #REF! | BK155: =COUNTIFS(B155:G155, ">=1", B155:G155, "<=9") -> 0 | BL155: =COUNTIFS(B155:G155, ">=10", B155:G155, "<=19") -> 0 | BM155: =COUNTIFS(B155:G155, ">=20", B155:G155, "<=29") -> 0 | BN155: =COUNTIFS(B155:G155, ">=30", B155:G155, "<=39") -> 0 | BO155: =COUNTIFS(B155:G155, ">=40", B155:G155, "<=45") -> 0 | BP155: =#REF! -> #REF! | BQ155: =#REF!*2 -> #REF! | BR155: =#REF! -> #REF! | BS155: =#REF!*2 -> #REF! | BT155: =#REF! -> #REF! | BU155: =#REF!*2 -> #REF! | BV155: =#REF! -> #REF! | BW155: =#REF!*2 -> #REF! | BX155: =#REF! -> #REF! | BY155: =#REF!*2 -> #REF! | BZ155: =#REF! -> #REF! | CA155: =#REF!*2 -> #REF! | CB155: =C155-B155 -> 0 | CC155: =D155-C155 -> 0 | CD155: =E155-D155 -> 0 | CE155: =F155-E155 -> 0 | CF155: =G155-F155 -> 0 | CH155: =C155-B155 -> 0 | CI155: =D155-C155 -> 0 | CJ155: =E155-D155 -> 0 | CK155: =F155-E155 -> 0 | CL155: =G155-F155 -> 0 | CN155: =IF(OR(CH155="",ISBLANK(CH155),CH155=0),0,IF(MOD(CH155,2)=1,1,2)) -> 0 | CO155: =IF(OR(CI155="",ISBLANK(CI155),CI155=0),0,IF(MOD(CI155,2)=1,1,2)) -> 0 | CP155: =IF(OR(CJ155="",ISBLANK(CJ155),CJ155=0),0,IF(MOD(CJ155,2)=1,1,2)) -> 0 | CQ155: =IF(OR(CK155="",ISBLANK(CK155),CK155=0),0,IF(MOD(CK155,2)=1,1,2)) -> 0 | CR155: =IF(OR(CL155="",ISBLANK(CL155),CL155=0),0,IF(MOD(CL155,2)=1,1,2)) -> 0 | CT155: {=SUMPRODUCT(--(MOD(CH155:CL155,2)=1))} -> 0 | CU155: =5-CT155 -> 5 | CW155: {=SUMPRODUCT(--(MOD(CH155:CL155,10)>=1), --(MOD(CH155:CL155,10)<=5))} -> 0 | CX155: =5-CW155 -> 5 | CZ155: {=IFERROR(COUNT(_xlfn._xlws.FILTER(CH155:CL155, ISNUMBER(MATCH(CH155:CL155, {2,3,5,7,11,13,17,19,23,29,31,37,41,43}, 0)))), 0)} -> 0 | DA155: {=IFERROR(COUNT(_xlfn._xlws.FILTER(CH155:CL155, ISNUMBER(MATCH(CH155:CL155, {1,4,8,10,14,16,20,22,25,26,28,32,34,35,38,40,44}, 0)))), 0)} -> 0 | DB155: {=IFERROR(COUNT(_xlfn._xlws.FILTER(CH155:CL155, ISNUMBER(MATCH(CH155:CL155, {6,9,12,15,18,21,24,27,30,33,36,39,42,45}, 0)))), 0)} -> 0 | DD155: =#REF! -> #REF! | DE155: =#REF!*2 -> #REF! | DF155: =#REF! -> #REF! | DG155: =#REF!*2 -> #REF! | DH155: =#REF! -> #REF! | DI155: =#REF!*2 -> #REF! | DJ155: =#REF! -> #REF! | DK155: =#REF!*2 -> #REF! | DL155: =#REF! -> #REF! | DM155: =#REF!*2 -> #REF!
B156: 0 | C156: 0 | D156: 0 | E156: 0 | F156: 0 | G156: 0 | I156: =IF(OR(B156="",ISBLANK(B156),B156=0),0,IF(MOD(B156,2)=1,1,2)) -> 0 | J156: =IF(OR(C156="",ISBLANK(C156),C156=0),0,IF(MOD(C156,2)=1,1,2)) -> 0 | K156: =IF(OR(D156="",ISBLANK(D156),D156=0),0,IF(MOD(D156,2)=1,1,2)) -> 0 | L156: =IF(OR(E156="",ISBLANK(E156),E156=0),0,IF(MOD(E156,2)=1,1,2)) -> 0 | M156: =IF(OR(F156="",ISBLANK(F156),F156=0),0,IF(MOD(F156,2)=1,1,2)) -> 0 | N156: =IF(OR(G156="",ISBLANK(G156),G156=0),0,IF(MOD(G156,2)=1,1,2)) -> 0 | P156: {=SUMPRODUCT(--(MOD(B156:G156,2)=1))} -> 0 | Q156: =6-P156 -> 6 | S156: =COUNTIFS(B156:G156,">=1",B156:G156,"<=23") -> 0 | T156: =6-S156 -> 6 | V156: {=SUMPRODUCT(--(MOD(B156:G156,10)>=1), --(MOD(B156:G156,10)<=5))} -> 0 | W156: =6-V156 -> 6 | Y156: {=IFERROR(COUNT(_xlfn._xlws.FILTER(B156:G156, ISNUMBER(MATCH(B156:G156, {2,3,5,7,11,13,17,19,23,29,31,37,41,43}, 0)))), 0)} -> 0 | Z156: {=IFERROR(COUNT(_xlfn._xlws.FILTER(B156:G156, ISNUMBER(MATCH(B156:G156, {1,4,8,10,14,16,20,22,25,26,28,32,34,35,38,40,44}, 0)))), 0)} -> 0 | AA156: {=IFERROR(COUNT(_xlfn._xlws.FILTER(B156:G156, ISNUMBER(MATCH(B156:G156, {6,9,12,15,18,21,24,27,30,33,36,39,42,45}, 0)))), 0)} -> 0 | AC156: {=_xlfn.IFS( OR(B156="",ISBLANK(B156),B156=0),0, ISNUMBER(MATCH(B156,{2,3,5,7,11,13,17,19,23,29,31,37,41,43},0)),"소", AND(ISNUMBER(B156),MOD(B156,3)=0),"배", AND(ISNUMBER(B156),B156>0),"자" )} -> 0 | AD156: {=_xlfn.IFS( OR(C156="",ISBLANK(C156),C156=0),0, ISNUMBER(MATCH(C156,{2,3,5,7,11,13,17,19,23,29,31,37,41,43},0)),"소", AND(ISNUMBER(C156),MOD(C156,3)=0),"배", AND(ISNUMBER(C156),C156>0),"자" )} -> 0 | AE156: {=_xlfn.IFS( OR(D156="",ISBLANK(D156),D156=0),0, ISNUMBER(MATCH(D156,{2,3,5,7,11,13,17,19,23,29,31,37,41,43},0)),"소", AND(ISNUMBER(D156),MOD(D156,3)=0),"배", AND(ISNUMBER(D156),D156>0),"자" )} -> 0 | AF156: {=_xlfn.IFS( OR(E156="",ISBLANK(E156),E156=0),0, ISNUMBER(MATCH(E156,{2,3,5,7,11,13,17,19,23,29,31,37,41,43},0)),"소", AND(ISNUMBER(E156),MOD(E156,3)=0),"배", AND(ISNUMBER(E156),E156>0),"자" )} -> 0 | AG156: {=_xlfn.IFS( OR(F156="",ISBLANK(F156),F156=0),0, ISNUMBER(MATCH(F156,{2,3,5,7,11,13,17,19,23,29,31,37,41,43},0)),"소", AND(ISNUMBER(F156),MOD(F156,3)=0),"배", AND(ISNUMBER(F156),F156>0),"자" )} -> 0 | AH156: {=_xlfn.IFS( OR(G156="",ISBLANK(G156),G156=0),0, ISNUMBER(MATCH(G156,{2,3,5,7,11,13,17,19,23,29,31,37,41,43},0)),"소", AND(ISNUMBER(G156),MOD(G156,3)=0),"배", AND(ISNUMBER(G156),G156>0),"자" )} -> 0 | AJ156: =COUNTIFS(B156:G156,">=1",B156:G156,"<=14") -> 0 | AK156: =COUNTIFS(B156:G156,">=15",B156:G156,"<=31") -> 0 | AL156: =6-AK156-AJ156 -> 6 | AN156: =COUNTIFS($B156:$G156, ">=1",$B156:$G156, "<=9") -> 0 | AO156: =COUNTIFS($B156:$G156, ">=10",$B156:$G156, "<=18") -> 0 | AP156: =COUNTIFS($B156:$G156, ">=19",$B156:$G156, "<=27") -> 0 | AQ156: =COUNTIFS($B156:$G156, ">=28",$B156:$G156, "<=36") -> 0 | AR156: =COUNTIFS($B156:$G156, ">=37",$B156:$G156, "<=45") -> 0 | AS156: =#REF! -> #REF! | AT156: =#REF!*2 -> #REF! | AU156: =#REF! -> #REF! | AV156: =#REF!*2 -> #REF! | AW156: =#REF! -> #REF! | AX156: =#REF!*2 -> #REF! | AY156: =#REF! -> #REF! | AZ156: =#REF!*2 -> #REF! | BA156: =#REF! -> #REF! | BB156: =#REF!*2 -> #REF! | BC156: =#REF! -> #REF! | BD156: =#REF!*2 -> #REF! | BE156: =#REF!-#REF! -> #REF! | BF156: =#REF!-#REF! -> #REF! | BG156: =#REF!-#REF! -> #REF! | BH156: =#REF!-#REF! -> #REF! | BI156: =#REF!-#REF! -> #REF! | BK156: =COUNTIFS(B156:G156, ">=1", B156:G156, "<=9") -> 0 | BL156: =COUNTIFS(B156:G156, ">=10", B156:G156, "<=19") -> 0 | BM156: =COUNTIFS(B156:G156, ">=20", B156:G156, "<=29") -> 0 | BN156: =COUNTIFS(B156:G156, ">=30", B156:G156, "<=39") -> 0 | BO156: =COUNTIFS(B156:G156, ">=40", B156:G156, "<=45") -> 0 | BP156: =#REF! -> #REF! | BQ156: =#REF!*2 -> #REF! | BR156: =#REF! -> #REF! | BS156: =#REF!*2 -> #REF! | BT156: =#REF! -> #REF! | BU156: =#REF!*2 -> #REF! | BV156: =#REF! -> #REF! | BW156: =#REF!*2 -> #REF! | BX156: =#REF! -> #REF! | BY156: =#REF!*2 -> #REF! | BZ156: =#REF! -> #REF! | CA156: =#REF!*2 -> #REF! | CB156: =C156-B156 -> 0 | CC156: =D156-C156 -> 0 | CD156: =E156-D156 -> 0 | CE156: =F156-E156 -> 0 | CF156: =G156-F156 -> 0 | CH156: =C156-B156 -> 0 | CI156: =D156-C156 -> 0 | CJ156: =E156-D156 -> 0 | CK156: =F156-E156 -> 0 | CL156: =G156-F156 -> 0 | CN156: =IF(OR(CH156="",ISBLANK(CH156),CH156=0),0,IF(MOD(CH156,2)=1,1,2)) -> 0 | CO156: =IF(OR(CI156="",ISBLANK(CI156),CI156=0),0,IF(MOD(CI156,2)=1,1,2)) -> 0 | CP156: =IF(OR(CJ156="",ISBLANK(CJ156),CJ156=0),0,IF(MOD(CJ156,2)=1,1,2)) -> 0 | CQ156: =IF(OR(CK156="",ISBLANK(CK156),CK156=0),0,IF(MOD(CK156,2)=1,1,2)) -> 0 | CR156: =IF(OR(CL156="",ISBLANK(CL156),CL156=0),0,IF(MOD(CL156,2)=1,1,2)) -> 0 | CT156: {=SUMPRODUCT(--(MOD(CH156:CL156,2)=1))} -> 0 | CU156: =5-CT156 -> 5 | CW156: {=SUMPRODUCT(--(MOD(CH156:CL156,10)>=1), --(MOD(CH156:CL156,10)<=5))} -> 0 | CX156: =5-CW156 -> 5 | CZ156: {=IFERROR(COUNT(_xlfn._xlws.FILTER(CH156:CL156, ISNUMBER(MATCH(CH156:CL156, {2,3,5,7,11,13,17,19,23,29,31,37,41,43}, 0)))), 0)} -> 0 | DA156: {=IFERROR(COUNT(_xlfn._xlws.FILTER(CH156:CL156, ISNUMBER(MATCH(CH156:CL156, {1,4,8,10,14,16,20,22,25,26,28,32,34,35,38,40,44}, 0)))), 0)} -> 0 | DB156: {=IFERROR(COUNT(_xlfn._xlws.FILTER(CH156:CL156, ISNUMBER(MATCH(CH156:CL156, {6,9,12,15,18,21,24,27,30,33,36,39,42,45}, 0)))), 0)} -> 0 | DD156: =#REF! -> #REF! | DE156: =#REF!*2 -> #REF! | DF156: =#REF! -> #REF! | DG156: =#REF!*2 -> #REF! | DH156: =#REF! -> #REF! | DI156: =#REF!*2 -> #REF! | DJ156: =#REF! -> #REF! | DK156: =#REF!*2 -> #REF! | DL156: =#REF! -> #REF! | DM156: =#REF!*2 -> #REF!
B157: 0 | C157: 0 | D157: 0 | E157: 0 | F157: 0 | G157: 0 | I157: =IF(OR(B157="",ISBLANK(B157),B157=0),0,IF(MOD(B157,2)=1,1,2)) -> 0 | J157: =IF(OR(C157="",ISBLANK(C157),C157=0),0,IF(MOD(C157,2)=1,1,2)) -> 0 | K157: =IF(OR(D157="",ISBLANK(D157),D157=0),0,IF(MOD(D157,2)=1,1,2)) -> 0 | L157: =IF(OR(E157="",ISBLANK(E157),E157=0),0,IF(MOD(E157,2)=1,1,2)) -> 0 | M157: =IF(OR(F157="",ISBLANK(F157),F157=0),0,IF(MOD(F157,2)=1,1,2)) -> 0 | N157: =IF(OR(G157="",ISBLANK(G157),G157=0),0,IF(MOD(G157,2)=1,1,2)) -> 0 | P157: {=SUMPRODUCT(--(MOD(B157:G157,2)=1))} -> 0 | Q157: =6-P157 -> 6 | S157: =COUNTIFS(B157:G157,">=1",B157:G157,"<=23") -> 0 | T157: =6-S157 -> 6 | V157: {=SUMPRODUCT(--(MOD(B157:G157,10)>=1), --(MOD(B157:G157,10)<=5))} -> 0 | W157: =6-V157 -> 6 | Y157: {=IFERROR(COUNT(_xlfn._xlws.FILTER(B157:G157, ISNUMBER(MATCH(B157:G157, {2,3,5,7,11,13,17,19,23,29,31,37,41,43}, 0)))), 0)} -> 0 | Z157: {=IFERROR(COUNT(_xlfn._xlws.FILTER(B157:G157, ISNUMBER(MATCH(B157:G157, {1,4,8,10,14,16,20,22,25,26,28,32,34,35,38,40,44}, 0)))), 0)} -> 0 | AA157: {=IFERROR(COUNT(_xlfn._xlws.FILTER(B157:G157, ISNUMBER(MATCH(B157:G157, {6,9,12,15,18,21,24,27,30,33,36,39,42,45}, 0)))), 0)} -> 0 | AC157: {=_xlfn.IFS( OR(B157="",ISBLANK(B157),B157=0),0, ISNUMBER(MATCH(B157,{2,3,5,7,11,13,17,19,23,29,31,37,41,43},0)),"소", AND(ISNUMBER(B157),MOD(B157,3)=0),"배", AND(ISNUMBER(B157),B157>0),"자" )} -> 0 | AD157: {=_xlfn.IFS( OR(C157="",ISBLANK(C157),C157=0),0, ISNUMBER(MATCH(C157,{2,3,5,7,11,13,17,19,23,29,31,37,41,43},0)),"소", AND(ISNUMBER(C157),MOD(C157,3)=0),"배", AND(ISNUMBER(C157),C157>0),"자" )} -> 0 | AE157: {=_xlfn.IFS( OR(D157="",ISBLANK(D157),D157=0),0, ISNUMBER(MATCH(D157,{2,3,5,7,11,13,17,19,23,29,31,37,41,43},0)),"소", AND(ISNUMBER(D157),MOD(D157,3)=0),"배", AND(ISNUMBER(D157),D157>0),"자" )} -> 0 | AF157: {=_xlfn.IFS( OR(E157="",ISBLANK(E157),E157=0),0, ISNUMBER(MATCH(E157,{2,3,5,7,11,13,17,19,23,29,31,37,41,43},0)),"소", AND(ISNUMBER(E157),MOD(E157,3)=0),"배", AND(ISNUMBER(E157),E157>0),"자" )} -> 0 | AG157: {=_xlfn.IFS( OR(F157="",ISBLANK(F157),F157=0),0, ISNUMBER(MATCH(F157,{2,3,5,7,11,13,17,19,23,29,31,37,41,43},0)),"소", AND(ISNUMBER(F157),MOD(F157,3)=0),"배", AND(ISNUMBER(F157),F157>0),"자" )} -> 0 | AH157: {=_xlfn.IFS( OR(G157="",ISBLANK(G157),G157=0),0, ISNUMBER(MATCH(G157,{2,3,5,7,11,13,17,19,23,29,31,37,41,43},0)),"소", AND(ISNUMBER(G157),MOD(G157,3)=0),"배", AND(ISNUMBER(G157),G157>0),"자" )} -> 0 | AJ157: =COUNTIFS(B157:G157,">=1",B157:G157,"<=14") -> 0 | AK157: =COUNTIFS(B157:G157,">=15",B157:G157,"<=31") -> 0 | AL157: =6-AK157-AJ157 -> 6 | AN157: =COUNTIFS($B157:$G157, ">=1",$B157:$G157, "<=9") -> 0 | AO157: =COUNTIFS($B157:$G157, ">=10",$B157:$G157, "<=18") -> 0 | AP157: =COUNTIFS($B157:$G157, ">=19",$B157:$G157, "<=27") -> 0 | AQ157: =COUNTIFS($B157:$G157, ">=28",$B157:$G157, "<=36") -> 0 | AR157: =COUNTIFS($B157:$G157, ">=37",$B157:$G157, "<=45") -> 0 | AS157: =#REF! -> #REF! | AT157: =#REF!*2 -> #REF! | AU157: =#REF! -> #REF! | AV157: =#REF!*2 -> #REF! | AW157: =#REF! -> #REF! | AX157: =#REF!*2 -> #REF! | AY157: =#REF! -> #REF! | AZ157: =#REF!*2 -> #REF! | BA157: =#REF! -> #REF! | BB157: =#REF!*2 -> #REF! | BC157: =#REF! -> #REF! | BD157: =#REF!*2 -> #REF! | BE157: =#REF!-#REF! -> #REF! | BF157: =#REF!-#REF! -> #REF! | BG157: =#REF!-#REF! -> #REF! | BH157: =#REF!-#REF! -> #REF! | BI157: =#REF!-#REF! -> #REF! | BK157: =COUNTIFS(B157:G157, ">=1", B157:G157, "<=9") -> 0 | BL157: =COUNTIFS(B157:G157, ">=10", B157:G157, "<=19") -> 0 | BM157: =COUNTIFS(B157:G157, ">=20", B157:G157, "<=29") -> 0 | BN157: =COUNTIFS(B157:G157, ">=30", B157:G157, "<=39") -> 0 | BO157: =COUNTIFS(B157:G157, ">=40", B157:G157, "<=45") -> 0 | BP157: =#REF! -> #REF! | BQ157: =#REF!*2 -> #REF! | BR157: =#REF! -> #REF! | BS157: =#REF!*2 -> #REF! | BT157: =#REF! -> #REF! | BU157: =#REF!*2 -> #REF! | BV157: =#REF! -> #REF! | BW157: =#REF!*2 -> #REF! | BX157: =#REF! -> #REF! | BY157: =#REF!*2 -> #REF! | BZ157: =#REF! -> #REF! | CA157: =#REF!*2 -> #REF! | CB157: =C157-B157 -> 0 | CC157: =D157-C157 -> 0 | CD157: =E157-D157 -> 0 | CE157: =F157-E157 -> 0 | CF157: =G157-F157 -> 0 | CH157: =C157-B157 -> 0 | CI157: =D157-C157 -> 0 | CJ157: =E157-D157 -> 0 | CK157: =F157-E157 -> 0 | CL157: =G157-F157 -> 0 | CN157: =IF(OR(CH157="",ISBLANK(CH157),CH157=0),0,IF(MOD(CH157,2)=1,1,2)) -> 0 | CO157: =IF(OR(CI157="",ISBLANK(CI157),CI157=0),0,IF(MOD(CI157,2)=1,1,2)) -> 0 | CP157: =IF(OR(CJ157="",ISBLANK(CJ157),CJ157=0),0,IF(MOD(CJ157,2)=1,1,2)) -> 0 | CQ157: =IF(OR(CK157="",ISBLANK(CK157),CK157=0),0,IF(MOD(CK157,2)=1,1,2)) -> 0 | CR157: =IF(OR(CL157="",ISBLANK(CL157),CL157=0),0,IF(MOD(CL157,2)=1,1,2)) -> 0 | CT157: {=SUMPRODUCT(--(MOD(CH157:CL157,2)=1))} -> 0 | CU157: =5-CT157 -> 5 | CW157: {=SUMPRODUCT(--(MOD(CH157:CL157,10)>=1), --(MOD(CH157:CL157,10)<=5))} -> 0 | CX157: =5-CW157 -> 5 | CZ157: {=IFERROR(COUNT(_xlfn._xlws.FILTER(CH157:CL157, ISNUMBER(MATCH(CH157:CL157, {2,3,5,7,11,13,17,19,23,29,31,37,41,43}, 0)))), 0)} -> 0 | DA157: {=IFERROR(COUNT(_xlfn._xlws.FILTER(CH157:CL157, ISNUMBER(MATCH(CH157:CL157, {1,4,8,10,14,16,20,22,25,26,28,32,34,35,38,40,44}, 0)))), 0)} -> 0 | DB157: {=IFERROR(COUNT(_xlfn._xlws.FILTER(CH157:CL157, ISNUMBER(MATCH(CH157:CL157, {6,9,12,15,18,21,24,27,30,33,36,39,42,45}, 0)))), 0)} -> 0 | DD157: =#REF! -> #REF! | DE157: =#REF!*2 -> #REF! | DF157: =#REF! -> #REF! | DG157: =#REF!*2 -> #REF! | DH157: =#REF! -> #REF! | DI157: =#REF!*2 -> #REF! | DJ157: =#REF! -> #REF! | DK157: =#REF!*2 -> #REF! | DL157: =#REF! -> #REF! | DM157: =#REF!*2 -> #REF!
B158: 0 | C158: 0 | D158: 0 | E158: 0 | F158: 0 | G158: 0 | I158: =IF(OR(B158="",ISBLANK(B158),B158=0),0,IF(MOD(B158,2)=1,1,2)) -> 0 | J158: =IF(OR(C158="",ISBLANK(C158),C158=0),0,IF(MOD(C158,2)=1,1,2)) -> 0 | K158: =IF(OR(D158="",ISBLANK(D158),D158=0),0,IF(MOD(D158,2)=1,1,2)) -> 0 | L158: =IF(OR(E158="",ISBLANK(E158),E158=0),0,IF(MOD(E158,2)=1,1,2)) -> 0 | M158: =IF(OR(F158="",ISBLANK(F158),F158=0),0,IF(MOD(F158,2)=1,1,2)) -> 0 | N158: =IF(OR(G158="",ISBLANK(G158),G158=0),0,IF(MOD(G158,2)=1,1,2)) -> 0 | P158: {=SUMPRODUCT(--(MOD(B158:G158,2)=1))} -> 0 | Q158: =6-P158 -> 6 | S158: =COUNTIFS(B158:G158,">=1",B158:G158,"<=23") -> 0 | T158: =6-S158 -> 6 | V158: {=SUMPRODUCT(--(MOD(B158:G158,10)>=1), --(MOD(B158:G158,10)<=5))} -> 0 | W158: =6-V158 -> 6 | Y158: {=IFERROR(COUNT(_xlfn._xlws.FILTER(B158:G158, ISNUMBER(MATCH(B158:G158, {2,3,5,7,11,13,17,19,23,29,31,37,41,43}, 0)))), 0)} -> 0 | Z158: {=IFERROR(COUNT(_xlfn._xlws.FILTER(B158:G158, ISNUMBER(MATCH(B158:G158, {1,4,8,10,14,16,20,22,25,26,28,32,34,35,38,40,44}, 0)))), 0)} -> 0 | AA158: {=IFERROR(COUNT(_xlfn._xlws.FILTER(B158:G158, ISNUMBER(MATCH(B158:G158, {6,9,12,15,18,21,24,27,30,33,36,39,42,45}, 0)))), 0)} -> 0 | AC158: {=_xlfn.IFS( OR(B158="",ISBLANK(B158),B158=0),0, ISNUMBER(MATCH(B158,{2,3,5,7,11,13,17,19,23,29,31,37,41,43},0)),"소", AND(ISNUMBER(B158),MOD(B158,3)=0),"배", AND(ISNUMBER(B158),B158>0),"자" )} -> 0 | AD158: {=_xlfn.IFS( OR(C158="",ISBLANK(C158),C158=0),0, ISNUMBER(MATCH(C158,{2,3,5,7,11,13,17,19,23,29,31,37,41,43},0)),"소", AND(ISNUMBER(C158),MOD(C158,3)=0),"배", AND(ISNUMBER(C158),C158>0),"자" )} -> 0 | AE158: {=_xlfn.IFS( OR(D158="",ISBLANK(D158),D158=0),0, ISNUMBER(MATCH(D158,{2,3,5,7,11,13,17,19,23,29,31,37,41,43},0)),"소", AND(ISNUMBER(D158),MOD(D158,3)=0),"배", AND(ISNUMBER(D158),D158>0),"자" )} -> 0 | AF158: {=_xlfn.IFS( OR(E158="",ISBLANK(E158),E158=0),0, ISNUMBER(MATCH(E158,{2,3,5,7,11,13,17,19,23,29,31,37,41,43},0)),"소", AND(ISNUMBER(E158),MOD(E158,3)=0),"배", AND(ISNUMBER(E158),E158>0),"자" )} -> 0 | AG158: {=_xlfn.IFS( OR(F158="",ISBLANK(F158),F158=0),0, ISNUMBER(MATCH(F158,{2,3,5,7,11,13,17,19,23,29,31,37,41,43},0)),"소", AND(ISNUMBER(F158),MOD(F158,3)=0),"배", AND(ISNUMBER(F158),F158>0),"자" )} -> 0 | AH158: {=_xlfn.IFS( OR(G158="",ISBLANK(G158),G158=0),0, ISNUMBER(MATCH(G158,{2,3,5,7,11,13,17,19,23,29,31,37,41,43},0)),"소", AND(ISNUMBER(G158),MOD(G158,3)=0),"배", AND(ISNUMBER(G158),G158>0),"자" )} -> 0 | AJ158: =COUNTIFS(B158:G158,">=1",B158:G158,"<=14") -> 0 | AK158: =COUNTIFS(B158:G158,">=15",B158:G158,"<=31") -> 0 | AL158: =6-AK158-AJ158 -> 6 | AN158: =COUNTIFS($B158:$G158, ">=1",$B158:$G158, "<=9") -> 0 | AO158: =COUNTIFS($B158:$G158, ">=10",$B158:$G158, "<=18") -> 0 | AP158: =COUNTIFS($B158:$G158, ">=19",$B158:$G158, "<=27") -> 0 | AQ158: =COUNTIFS($B158:$G158, ">=28",$B158:$G158, "<=36") -> 0 | AR158: =COUNTIFS($B158:$G158, ">=37",$B158:$G158, "<=45") -> 0 | AS158: =#REF! -> #REF! | AT158: =#REF!*2 -> #REF! | AU158: =#REF! -> #REF! | AV158: =#REF!*2 -> #REF! | AW158: =#REF! -> #REF! | AX158: =#REF!*2 -> #REF! | AY158: =#REF! -> #REF! | AZ158: =#REF!*2 -> #REF! | BA158: =#REF! -> #REF! | BB158: =#REF!*2 -> #REF! | BC158: =#REF! -> #REF! | BD158: =#REF!*2 -> #REF! | BE158: =#REF!-#REF! -> #REF! | BF158: =#REF!-#REF! -> #REF! | BG158: =#REF!-#REF! -> #REF! | BH158: =#REF!-#REF! -> #REF! | BI158: =#REF!-#REF! -> #REF! | BK158: =COUNTIFS(B158:G158, ">=1", B158:G158, "<=9") -> 0 | BL158: =COUNTIFS(B158:G158, ">=10", B158:G158, "<=19") -> 0 | BM158: =COUNTIFS(B158:G158, ">=20", B158:G158, "<=29") -> 0 | BN158: =COUNTIFS(B158:G158, ">=30", B158:G158, "<=39") -> 0 | BO158: =COUNTIFS(B158:G158, ">=40", B158:G158, "<=45") -> 0 | BP158: =#REF! -> #REF! | BQ158: =#REF!*2 -> #REF! | BR158: =#REF! -> #REF! | BS158: =#REF!*2 -> #REF! | BT158: =#REF! -> #REF! | BU158: =#REF!*2 -> #REF! | BV158: =#REF! -> #REF! | BW158: =#REF!*2 -> #REF! | BX158: =#REF! -> #REF! | BY158: =#REF!*2 -> #REF! | BZ158: =#REF! -> #REF! | CA158: =#REF!*2 -> #REF! | CB158: =C158-B158 -> 0 | CC158: =D158-C158 -> 0 | CD158: =E158-D158 -> 0 | CE158: =F158-E158 -> 0 | CF158: =G158-F158 -> 0 | CH158: =C158-B158 -> 0 | CI158: =D158-C158 -> 0 | CJ158: =E158-D158 -> 0 | CK158: =F158-E158 -> 0 | CL158: =G158-F158 -> 0 | CN158: =IF(OR(CH158="",ISBLANK(CH158),CH158=0),0,IF(MOD(CH158,2)=1,1,2)) -> 0 | CO158: =IF(OR(CI158="",ISBLANK(CI158),CI158=0),0,IF(MOD(CI158,2)=1,1,2)) -> 0 | CP158: =IF(OR(CJ158="",ISBLANK(CJ158),CJ158=0),0,IF(MOD(CJ158,2)=1,1,2)) -> 0 | CQ158: =IF(OR(CK158="",ISBLANK(CK158),CK158=0),0,IF(MOD(CK158,2)=1,1,2)) -> 0 | CR158: =IF(OR(CL158="",ISBLANK(CL158),CL158=0),0,IF(MOD(CL158,2)=1,1,2)) -> 0 | CT158: {=SUMPRODUCT(--(MOD(CH158:CL158,2)=1))} -> 0 | CU158: =5-CT158 -> 5 | CW158: {=SUMPRODUCT(--(MOD(CH158:CL158,10)>=1), --(MOD(CH158:CL158,10)<=5))} -> 0 | CX158: =5-CW158 -> 5 | CZ158: {=IFERROR(COUNT(_xlfn._xlws.FILTER(CH158:CL158, ISNUMBER(MATCH(CH158:CL158, {2,3,5,7,11,13,17,19,23,29,31,37,41,43}, 0)))), 0)} -> 0 | DA158: {=IFERROR(COUNT(_xlfn._xlws.FILTER(CH158:CL158, ISNUMBER(MATCH(CH158:CL158, {1,4,8,10,14,16,20,22,25,26,28,32,34,35,38,40,44}, 0)))), 0)} -> 0 | DB158: {=IFERROR(COUNT(_xlfn._xlws.FILTER(CH158:CL158, ISNUMBER(MATCH(CH158:CL158, {6,9,12,15,18,21,24,27,30,33,36,39,42,45}, 0)))), 0)} -> 0 | DD158: =#REF! -> #REF! | DE158: =#REF!*2 -> #REF! | DF158: =#REF! -> #REF! | DG158: =#REF!*2 -> #REF! | DH158: =#REF! -> #REF! | DI158: =#REF!*2 -> #REF! | DJ158: =#REF! -> #REF! | DK158: =#REF!*2 -> #REF! | DL158: =#REF! -> #REF! | DM158: =#REF!*2 -> #REF!
B159: 0 | C159: 0 | D159: 0 | E159: 0 | F159: 0 | G159: 0 | I159: =IF(OR(B159="",ISBLANK(B159),B159=0),0,IF(MOD(B159,2)=1,1,2)) -> 0 | J159: =IF(OR(C159="",ISBLANK(C159),C159=0),0,IF(MOD(C159,2)=1,1,2)) -> 0 | K159: =IF(OR(D159="",ISBLANK(D159),D159=0),0,IF(MOD(D159,2)=1,1,2)) -> 0 | L159: =IF(OR(E159="",ISBLANK(E159),E159=0),0,IF(MOD(E159,2)=1,1,2)) -> 0 | M159: =IF(OR(F159="",ISBLANK(F159),F159=0),0,IF(MOD(F159,2)=1,1,2)) -> 0 | N159: =IF(OR(G159="",ISBLANK(G159),G159=0),0,IF(MOD(G159,2)=1,1,2)) -> 0 | P159: {=SUMPRODUCT(--(MOD(B159:G159,2)=1))} -> 0 | Q159: =6-P159 -> 6 | S159: =COUNTIFS(B159:G159,">=1",B159:G159,"<=23") -> 0 | T159: =6-S159 -> 6 | V159: {=SUMPRODUCT(--(MOD(B159:G159,10)>=1), --(MOD(B159:G159,10)<=5))} -> 0 | W159: =6-V159 -> 6 | Y159: {=IFERROR(COUNT(_xlfn._xlws.FILTER(B159:G159, ISNUMBER(MATCH(B159:G159, {2,3,5,7,11,13,17,19,23,29,31,37,41,43}, 0)))), 0)} -> 0 | Z159: {=IFERROR(COUNT(_xlfn._xlws.FILTER(B159:G159, ISNUMBER(MATCH(B159:G159, {1,4,8,10,14,16,20,22,25,26,28,32,34,35,38,40,44}, 0)))), 0)} -> 0 | AA159: {=IFERROR(COUNT(_xlfn._xlws.FILTER(B159:G159, ISNUMBER(MATCH(B159:G159, {6,9,12,15,18,21,24,27,30,33,36,39,42,45}, 0)))), 0)} -> 0 | AC159: {=_xlfn.IFS( OR(B159="",ISBLANK(B159),B159=0),0, ISNUMBER(MATCH(B159,{2,3,5,7,11,13,17,19,23,29,31,37,41,43},0)),"소", AND(ISNUMBER(B159),MOD(B159,3)=0),"배", AND(ISNUMBER(B159),B159>0),"자" )} -> 0 | AD159: {=_xlfn.IFS( OR(C159="",ISBLANK(C159),C159=0),0, ISNUMBER(MATCH(C159,{2,3,5,7,11,13,17,19,23,29,31,37,41,43},0)),"소", AND(ISNUMBER(C159),MOD(C159,3)=0),"배", AND(ISNUMBER(C159),C159>0),"자" )} -> 0 | AE159: {=_xlfn.IFS( OR(D159="",ISBLANK(D159),D159=0),0, ISNUMBER(MATCH(D159,{2,3,5,7,11,13,17,19,23,29,31,37,41,43},0)),"소", AND(ISNUMBER(D159),MOD(D159,3)=0),"배", AND(ISNUMBER(D159),D159>0),"자" )} -> 0 | AF159: {=_xlfn.IFS( OR(E159="",ISBLANK(E159),E159=0),0, ISNUMBER(MATCH(E159,{2,3,5,7,11,13,17,19,23,29,31,37,41,43},0)),"소", AND(ISNUMBER(E159),MOD(E159,3)=0),"배", AND(ISNUMBER(E159),E159>0),"자" )} -> 0 | AG159: {=_xlfn.IFS( OR(F159="",ISBLANK(F159),F159=0),0, ISNUMBER(MATCH(F159,{2,3,5,7,11,13,17,19,23,29,31,37,41,43},0)),"소", AND(ISNUMBER(F159),MOD(F159,3)=0),"배", AND(ISNUMBER(F159),F159>0),"자" )} -> 0 | AH159: {=_xlfn.IFS( OR(G159="",ISBLANK(G159),G159=0),0, ISNUMBER(MATCH(G159,{2,3,5,7,11,13,17,19,23,29,31,37,41,43},0)),"소", AND(ISNUMBER(G159),MOD(G159,3)=0),"배", AND(ISNUMBER(G159),G159>0),"자" )} -> 0 | AJ159: =COUNTIFS(B159:G159,">=1",B159:G159,"<=14") -> 0 | AK159: =COUNTIFS(B159:G159,">=15",B159:G159,"<=31") -> 0 | AL159: =6-AK159-AJ159 -> 6 | AN159: =COUNTIFS($B159:$G159, ">=1",$B159:$G159, "<=9") -> 0 | AO159: =COUNTIFS($B159:$G159, ">=10",$B159:$G159, "<=18") -> 0 | AP159: =COUNTIFS($B159:$G159, ">=19",$B159:$G159, "<=27") -> 0 | AQ159: =COUNTIFS($B159:$G159, ">=28",$B159:$G159, "<=36") -> 0 | AR159: =COUNTIFS($B159:$G159, ">=37",$B159:$G159, "<=45") -> 0 | AS159: =#REF! -> #REF! | AT159: =#REF!*2 -> #REF! | AU159: =#REF! -> #REF! | AV159: =#REF!*2 -> #REF! | AW159: =#REF! -> #REF! | AX159: =#REF!*2 -> #REF! | AY159: =#REF! -> #REF! | AZ159: =#REF!*2 -> #REF! | BA159: =#REF! -> #REF! | BB159: =#REF!*2 -> #REF! | BC159: =#REF! -> #REF! | BD159: =#REF!*2 -> #REF! | BE159: =#REF!-#REF! -> #REF! | BF159: =#REF!-#REF! -> #REF! | BG159: =#REF!-#REF! -> #REF! | BH159: =#REF!-#REF! -> #REF! | BI159: =#REF!-#REF! -> #REF! | BK159: =COUNTIFS(B159:G159, ">=1", B159:G159, "<=9") -> 0 | BL159: =COUNTIFS(B159:G159, ">=10", B159:G159, "<=19") -> 0 | BM159: =COUNTIFS(B159:G159, ">=20", B159:G159, "<=29") -> 0 | BN159: =COUNTIFS(B159:G159, ">=30", B159:G159, "<=39") -> 0 | BO159: =COUNTIFS(B159:G159, ">=40", B159:G159, "<=45") -> 0 | BP159: =#REF! -> #REF! | BQ159: =#REF!*2 -> #REF! | BR159: =#REF! -> #REF! | BS159: =#REF!*2 -> #REF! | BT159: =#REF! -> #REF! | BU159: =#REF!*2 -> #REF! | BV159: =#REF! -> #REF! | BW159: =#REF!*2 -> #REF! | BX159: =#REF! -> #REF! | BY159: =#REF!*2 -> #REF! | BZ159: =#REF! -> #REF! | CA159: =#REF!*2 -> #REF! | CB159: =C159-B159 -> 0 | CC159: =D159-C159 -> 0 | CD159: =E159-D159 -> 0 | CE159: =F159-E159 -> 0 | CF159: =G159-F159 -> 0 | CH159: =C159-B159 -> 0 | CI159: =D159-C159 -> 0 | CJ159: =E159-D159 -> 0 | CK159: =F159-E159 -> 0 | CL159: =G159-F159 -> 0 | CN159: =IF(OR(CH159="",ISBLANK(CH159),CH159=0),0,IF(MOD(CH159,2)=1,1,2)) -> 0 | CO159: =IF(OR(CI159="",ISBLANK(CI159),CI159=0),0,IF(MOD(CI159,2)=1,1,2)) -> 0 | CP159: =IF(OR(CJ159="",ISBLANK(CJ159),CJ159=0),0,IF(MOD(CJ159,2)=1,1,2)) -> 0 | CQ159: =IF(OR(CK159="",ISBLANK(CK159),CK159=0),0,IF(MOD(CK159,2)=1,1,2)) -> 0 | CR159: =IF(OR(CL159="",ISBLANK(CL159),CL159=0),0,IF(MOD(CL159,2)=1,1,2)) -> 0 | CT159: {=SUMPRODUCT(--(MOD(CH159:CL159,2)=1))} -> 0 | CU159: =5-CT159 -> 5 | CW159: {=SUMPRODUCT(--(MOD(CH159:CL159,10)>=1), --(MOD(CH159:CL159,10)<=5))} -> 0 | CX159: =5-CW159 -> 5 | CZ159: {=IFERROR(COUNT(_xlfn._xlws.FILTER(CH159:CL159, ISNUMBER(MATCH(CH159:CL159, {2,3,5,7,11,13,17,19,23,29,31,37,41,43}, 0)))), 0)} -> 0 | DA159: {=IFERROR(COUNT(_xlfn._xlws.FILTER(CH159:CL159, ISNUMBER(MATCH(CH159:CL159, {1,4,8,10,14,16,20,22,25,26,28,32,34,35,38,40,44}, 0)))), 0)} -> 0 | DB159: {=IFERROR(COUNT(_xlfn._xlws.FILTER(CH159:CL159, ISNUMBER(MATCH(CH159:CL159, {6,9,12,15,18,21,24,27,30,33,36,39,42,45}, 0)))), 0)} -> 0 | DD159: =#REF! -> #REF! | DE159: =#REF!*2 -> #REF! | DF159: =#REF! -> #REF! | DG159: =#REF!*2 -> #REF! | DH159: =#REF! -> #REF! | DI159: =#REF!*2 -> #REF! | DJ159: =#REF! -> #REF! | DK159: =#REF!*2 -> #REF! | DL159: =#REF! -> #REF! | DM159: =#REF!*2 -> #REF!
B160: 0 | C160: 0 | D160: 0 | E160: 0 | F160: 0 | G160: 0 | I160: =IF(OR(B160="",ISBLANK(B160),B160=0),0,IF(MOD(B160,2)=1,1,2)) -> 0 | J160: =IF(OR(C160="",ISBLANK(C160),C160=0),0,IF(MOD(C160,2)=1,1,2)) -> 0 | K160: =IF(OR(D160="",ISBLANK(D160),D160=0),0,IF(MOD(D160,2)=1,1,2)) -> 0 | L160: =IF(OR(E160="",ISBLANK(E160),E160=0),0,IF(MOD(E160,2)=1,1,2)) -> 0 | M160: =IF(OR(F160="",ISBLANK(F160),F160=0),0,IF(MOD(F160,2)=1,1,2)) -> 0 | N160: =IF(OR(G160="",ISBLANK(G160),G160=0),0,IF(MOD(G160,2)=1,1,2)) -> 0 | P160: {=SUMPRODUCT(--(MOD(B160:G160,2)=1))} -> 0 | Q160: =6-P160 -> 6 | S160: =COUNTIFS(B160:G160,">=1",B160:G160,"<=23") -> 0 | T160: =6-S160 -> 6 | V160: {=SUMPRODUCT(--(MOD(B160:G160,10)>=1), --(MOD(B160:G160,10)<=5))} -> 0 | W160: =6-V160 -> 6 | Y160: {=IFERROR(COUNT(_xlfn._xlws.FILTER(B160:G160, ISNUMBER(MATCH(B160:G160, {2,3,5,7,11,13,17,19,23,29,31,37,41,43}, 0)))), 0)} -> 0 | Z160: {=IFERROR(COUNT(_xlfn._xlws.FILTER(B160:G160, ISNUMBER(MATCH(B160:G160, {1,4,8,10,14,16,20,22,25,26,28,32,34,35,38,40,44}, 0)))), 0)} -> 0 | AA160: {=IFERROR(COUNT(_xlfn._xlws.FILTER(B160:G160, ISNUMBER(MATCH(B160:G160, {6,9,12,15,18,21,24,27,30,33,36,39,42,45}, 0)))), 0)} -> 0 | AC160: {=_xlfn.IFS( OR(B160="",ISBLANK(B160),B160=0),0, ISNUMBER(MATCH(B160,{2,3,5,7,11,13,17,19,23,29,31,37,41,43},0)),"소", AND(ISNUMBER(B160),MOD(B160,3)=0),"배", AND(ISNUMBER(B160),B160>0),"자" )} -> 0 | AD160: {=_xlfn.IFS( OR(C160="",ISBLANK(C160),C160=0),0, ISNUMBER(MATCH(C160,{2,3,5,7,11,13,17,19,23,29,31,37,41,43},0)),"소", AND(ISNUMBER(C160),MOD(C160,3)=0),"배", AND(ISNUMBER(C160),C160>0),"자" )} -> 0 | AE160: {=_xlfn.IFS( OR(D160="",ISBLANK(D160),D160=0),0, ISNUMBER(MATCH(D160,{2,3,5,7,11,13,17,19,23,29,31,37,41,43},0)),"소", AND(ISNUMBER(D160),MOD(D160,3)=0),"배", AND(ISNUMBER(D160),D160>0),"자" )} -> 0 | AF160: {=_xlfn.IFS( OR(E160="",ISBLANK(E160),E160=0),0, ISNUMBER(MATCH(E160,{2,3,5,7,11,13,17,19,23,29,31,37,41,43},0)),"소", AND(ISNUMBER(E160),MOD(E160,3)=0),"배", AND(ISNUMBER(E160),E160>0),"자" )} -> 0 | AG160: {=_xlfn.IFS( OR(F160="",ISBLANK(F160),F160=0),0, ISNUMBER(MATCH(F160,{2,3,5,7,11,13,17,19,23,29,31,37,41,43},0)),"소", AND(ISNUMBER(F160),MOD(F160,3)=0),"배", AND(ISNUMBER(F160),F160>0),"자" )} -> 0 | AH160: {=_xlfn.IFS( OR(G160="",ISBLANK(G160),G160=0),0, ISNUMBER(MATCH(G160,{2,3,5,7,11,13,17,19,23,29,31,37,41,43},0)),"소", AND(ISNUMBER(G160),MOD(G160,3)=0),"배", AND(ISNUMBER(G160),G160>0),"자" )} -> 0 | AJ160: =COUNTIFS(B160:G160,">=1",B160:G160,"<=14") -> 0 | AK160: =COUNTIFS(B160:G160,">=15",B160:G160,"<=31") -> 0 | AL160: =6-AK160-AJ160 -> 6 | AN160: =COUNTIFS($B160:$G160, ">=1",$B160:$G160, "<=9") -> 0 | AO160: =COUNTIFS($B160:$G160, ">=10",$B160:$G160, "<=18") -> 0 | AP160: =COUNTIFS($B160:$G160, ">=19",$B160:$G160, "<=27") -> 0 | AQ160: =COUNTIFS($B160:$G160, ">=28",$B160:$G160, "<=36") -> 0 | AR160: =COUNTIFS($B160:$G160, ">=37",$B160:$G160, "<=45") -> 0 | AS160: =#REF! -> #REF! | AT160: =#REF!*2 -> #REF! | AU160: =#REF! -> #REF! | AV160: =#REF!*2 -> #REF! | AW160: =#REF! -> #REF! | AX160: =#REF!*2 -> #REF! | AY160: =#REF! -> #REF! | AZ160: =#REF!*2 -> #REF! | BA160: =#REF! -> #REF! | BB160: =#REF!*2 -> #REF! | BC160: =#REF! -> #REF! | BD160: =#REF!*2 -> #REF! | BE160: =#REF!-#REF! -> #REF! | BF160: =#REF!-#REF! -> #REF! | BG160: =#REF!-#REF! -> #REF! | BH160: =#REF!-#REF! -> #REF! | BI160: =#REF!-#REF! -> #REF! | BK160: =COUNTIFS(B160:G160, ">=1", B160:G160, "<=9") -> 0 | BL160: =COUNTIFS(B160:G160, ">=10", B160:G160, "<=19") -> 0 | BM160: =COUNTIFS(B160:G160, ">=20", B160:G160, "<=29") -> 0 | BN160: =COUNTIFS(B160:G160, ">=30", B160:G160, "<=39") -> 0 | BO160: =COUNTIFS(B160:G160, ">=40", B160:G160, "<=45") -> 0 | BP160: =#REF! -> #REF! | BQ160: =#REF!*2 -> #REF! | BR160: =#REF! -> #REF! | BS160: =#REF!*2 -> #REF! | BT160: =#REF! -> #REF! | BU160: =#REF!*2 -> #REF! | BV160: =#REF! -> #REF! | BW160: =#REF!*2 -> #REF! | BX160: =#REF! -> #REF! | BY160: =#REF!*2 -> #REF! | BZ160: =#REF! -> #REF! | CA160: =#REF!*2 -> #REF! | CB160: =C160-B160 -> 0 | CC160: =D160-C160 -> 0 | CD160: =E160-D160 -> 0 | CE160: =F160-E160 -> 0 | CF160: =G160-F160 -> 0 | CH160: =C160-B160 -> 0 | CI160: =D160-C160 -> 0 | CJ160: =E160-D160 -> 0 | CK160: =F160-E160 -> 0 | CL160: =G160-F160 -> 0 | CN160: =IF(OR(CH160="",ISBLANK(CH160),CH160=0),0,IF(MOD(CH160,2)=1,1,2)) -> 0 | CO160: =IF(OR(CI160="",ISBLANK(CI160),CI160=0),0,IF(MOD(CI160,2)=1,1,2)) -> 0 | CP160: =IF(OR(CJ160="",ISBLANK(CJ160),CJ160=0),0,IF(MOD(CJ160,2)=1,1,2)) -> 0 | CQ160: =IF(OR(CK160="",ISBLANK(CK160),CK160=0),0,IF(MOD(CK160,2)=1,1,2)) -> 0 | CR160: =IF(OR(CL160="",ISBLANK(CL160),CL160=0),0,IF(MOD(CL160,2)=1,1,2)) -> 0 | CT160: {=SUMPRODUCT(--(MOD(CH160:CL160,2)=1))} -> 0 | CU160: =5-CT160 -> 5 | CW160: {=SUMPRODUCT(--(MOD(CH160:CL160,10)>=1), --(MOD(CH160:CL160,10)<=5))} -> 0 | CX160: =5-CW160 -> 5 | CZ160: {=IFERROR(COUNT(_xlfn._xlws.FILTER(CH160:CL160, ISNUMBER(MATCH(CH160:CL160, {2,3,5,7,11,13,17,19,23,29,31,37,41,43}, 0)))), 0)} -> 0 | DA160: {=IFERROR(COUNT(_xlfn._xlws.FILTER(CH160:CL160, ISNUMBER(MATCH(CH160:CL160, {1,4,8,10,14,16,20,22,25,26,28,32,34,35,38,40,44}, 0)))), 0)} -> 0 | DB160: {=IFERROR(COUNT(_xlfn._xlws.FILTER(CH160:CL160, ISNUMBER(MATCH(CH160:CL160, {6,9,12,15,18,21,24,27,30,33,36,39,42,45}, 0)))), 0)} -> 0 | DD160: =#REF! -> #REF! | DE160: =#REF!*2 -> #REF! | DF160: =#REF! -> #REF! | DG160: =#REF!*2 -> #REF! | DH160: =#REF! -> #REF! | DI160: =#REF!*2 -> #REF! | DJ160: =#REF! -> #REF! | DK160: =#REF!*2 -> #REF! | DL160: =#REF! -> #REF! | DM160: =#REF!*2 -> #REF!
B161: 0 | C161: 0 | D161: 0 | E161: 0 | F161: 0 | G161: 0 | I161: =IF(OR(B161="",ISBLANK(B161),B161=0),0,IF(MOD(B161,2)=1,1,2)) -> 0 | J161: =IF(OR(C161="",ISBLANK(C161),C161=0),0,IF(MOD(C161,2)=1,1,2)) -> 0 | K161: =IF(OR(D161="",ISBLANK(D161),D161=0),0,IF(MOD(D161,2)=1,1,2)) -> 0 | L161: =IF(OR(E161="",ISBLANK(E161),E161=0),0,IF(MOD(E161,2)=1,1,2)) -> 0 | M161: =IF(OR(F161="",ISBLANK(F161),F161=0),0,IF(MOD(F161,2)=1,1,2)) -> 0 | N161: =IF(OR(G161="",ISBLANK(G161),G161=0),0,IF(MOD(G161,2)=1,1,2)) -> 0 | P161: {=SUMPRODUCT(--(MOD(B161:G161,2)=1))} -> 0 | Q161: =6-P161 -> 6 | S161: =COUNTIFS(B161:G161,">=1",B161:G161,"<=23") -> 0 | T161: =6-S161 -> 6 | V161: {=SUMPRODUCT(--(MOD(B161:G161,10)>=1), --(MOD(B161:G161,10)<=5))} -> 0 | W161: =6-V161 -> 6 | Y161: {=IFERROR(COUNT(_xlfn._xlws.FILTER(B161:G161, ISNUMBER(MATCH(B161:G161, {2,3,5,7,11,13,17,19,23,29,31,37,41,43}, 0)))), 0)} -> 0 | Z161: {=IFERROR(COUNT(_xlfn._xlws.FILTER(B161:G161, ISNUMBER(MATCH(B161:G161, {1,4,8,10,14,16,20,22,25,26,28,32,34,35,38,40,44}, 0)))), 0)} -> 0 | AA161: {=IFERROR(COUNT(_xlfn._xlws.FILTER(B161:G161, ISNUMBER(MATCH(B161:G161, {6,9,12,15,18,21,24,27,30,33,36,39,42,45}, 0)))), 0)} -> 0 | AC161: {=_xlfn.IFS( OR(B161="",ISBLANK(B161),B161=0),0, ISNUMBER(MATCH(B161,{2,3,5,7,11,13,17,19,23,29,31,37,41,43},0)),"소", AND(ISNUMBER(B161),MOD(B161,3)=0),"배", AND(ISNUMBER(B161),B161>0),"자" )} -> 0 | AD161: {=_xlfn.IFS( OR(C161="",ISBLANK(C161),C161=0),0, ISNUMBER(MATCH(C161,{2,3,5,7,11,13,17,19,23,29,31,37,41,43},0)),"소", AND(ISNUMBER(C161),MOD(C161,3)=0),"배", AND(ISNUMBER(C161),C161>0),"자" )} -> 0 | AE161: {=_xlfn.IFS( OR(D161="",ISBLANK(D161),D161=0),0, ISNUMBER(MATCH(D161,{2,3,5,7,11,13,17,19,23,29,31,37,41,43},0)),"소", AND(ISNUMBER(D161),MOD(D161,3)=0),"배", AND(ISNUMBER(D161),D161>0),"자" )} -> 0 | AF161: {=_xlfn.IFS( OR(E161="",ISBLANK(E161),E161=0),0, ISNUMBER(MATCH(E161,{2,3,5,7,11,13,17,19,23,29,31,37,41,43},0)),"소", AND(ISNUMBER(E161),MOD(E161,3)=0),"배", AND(ISNUMBER(E161),E161>0),"자" )} -> 0 | AG161: {=_xlfn.IFS( OR(F161="",ISBLANK(F161),F161=0),0, ISNUMBER(MATCH(F161,{2,3,5,7,11,13,17,19,23,29,31,37,41,43},0)),"소", AND(ISNUMBER(F161),MOD(F161,3)=0),"배", AND(ISNUMBER(F161),F161>0),"자" )} -> 0 | AH161: {=_xlfn.IFS( OR(G161="",ISBLANK(G161),G161=0),0, ISNUMBER(MATCH(G161,{2,3,5,7,11,13,17,19,23,29,31,37,41,43},0)),"소", AND(ISNUMBER(G161),MOD(G161,3)=0),"배", AND(ISNUMBER(G161),G161>0),"자" )} -> 0 | AJ161: =COUNTIFS(B161:G161,">=1",B161:G161,"<=14") -> 0 | AK161: =COUNTIFS(B161:G161,">=15",B161:G161,"<=31") -> 0 | AL161: =6-AK161-AJ161 -> 6 | AN161: =COUNTIFS($B161:$G161, ">=1",$B161:$G161, "<=9") -> 0 | AO161: =COUNTIFS($B161:$G161, ">=10",$B161:$G161, "<=18") -> 0 | AP161: =COUNTIFS($B161:$G161, ">=19",$B161:$G161, "<=27") -> 0 | AQ161: =COUNTIFS($B161:$G161, ">=28",$B161:$G161, "<=36") -> 0 | AR161: =COUNTIFS($B161:$G161, ">=37",$B161:$G161, "<=45") -> 0 | AS161: =#REF! -> #REF! | AT161: =#REF!*2 -> #REF! | AU161: =#REF! -> #REF! | AV161: =#REF!*2 -> #REF! | AW161: =#REF! -> #REF! | AX161: =#REF!*2 -> #REF! | AY161: =#REF! -> #REF! | AZ161: =#REF!*2 -> #REF! | BA161: =#REF! -> #REF! | BB161: =#REF!*2 -> #REF! | BC161: =#REF! -> #REF! | BD161: =#REF!*2 -> #REF! | BE161: =#REF!-#REF! -> #REF! | BF161: =#REF!-#REF! -> #REF! | BG161: =#REF!-#REF! -> #REF! | BH161: =#REF!-#REF! -> #REF! | BI161: =#REF!-#REF! -> #REF! | BK161: =COUNTIFS(B161:G161, ">=1", B161:G161, "<=9") -> 0 | BL161: =COUNTIFS(B161:G161, ">=10", B161:G161, "<=19") -> 0 | BM161: =COUNTIFS(B161:G161, ">=20", B161:G161, "<=29") -> 0 | BN161: =COUNTIFS(B161:G161, ">=30", B161:G161, "<=39") -> 0 | BO161: =COUNTIFS(B161:G161, ">=40", B161:G161, "<=45") -> 0 | BP161: =#REF! -> #REF! | BQ161: =#REF!*2 -> #REF! | BR161: =#REF! -> #REF! | BS161: =#REF!*2 -> #REF! | BT161: =#REF! -> #REF! | BU161: =#REF!*2 -> #REF! | BV161: =#REF! -> #REF! | BW161: =#REF!*2 -> #REF! | BX161: =#REF! -> #REF! | BY161: =#REF!*2 -> #REF! | BZ161: =#REF! -> #REF! | CA161: =#REF!*2 -> #REF! | CB161: =C161-B161 -> 0 | CC161: =D161-C161 -> 0 | CD161: =E161-D161 -> 0 | CE161: =F161-E161 -> 0 | CF161: =G161-F161 -> 0 | CH161: =C161-B161 -> 0 | CI161: =D161-C161 -> 0 | CJ161: =E161-D161 -> 0 | CK161: =F161-E161 -> 0 | CL161: =G161-F161 -> 0 | CN161: =IF(OR(CH161="",ISBLANK(CH161),CH161=0),0,IF(MOD(CH161,2)=1,1,2)) -> 0 | CO161: =IF(OR(CI161="",ISBLANK(CI161),CI161=0),0,IF(MOD(CI161,2)=1,1,2)) -> 0 | CP161: =IF(OR(CJ161="",ISBLANK(CJ161),CJ161=0),0,IF(MOD(CJ161,2)=1,1,2)) -> 0 | CQ161: =IF(OR(CK161="",ISBLANK(CK161),CK161=0),0,IF(MOD(CK161,2)=1,1,2)) -> 0 | CR161: =IF(OR(CL161="",ISBLANK(CL161),CL161=0),0,IF(MOD(CL161,2)=1,1,2)) -> 0 | CT161: {=SUMPRODUCT(--(MOD(CH161:CL161,2)=1))} -> 0 | CU161: =5-CT161 -> 5 | CW161: {=SUMPRODUCT(--(MOD(CH161:CL161,10)>=1), --(MOD(CH161:CL161,10)<=5))} -> 0 | CX161: =5-CW161 -> 5 | CZ161: {=IFERROR(COUNT(_xlfn._xlws.FILTER(CH161:CL161, ISNUMBER(MATCH(CH161:CL161, {2,3,5,7,11,13,17,19,23,29,31,37,41,43}, 0)))), 0)} -> 0 | DA161: {=IFERROR(COUNT(_xlfn._xlws.FILTER(CH161:CL161, ISNUMBER(MATCH(CH161:CL161, {1,4,8,10,14,16,20,22,25,26,28,32,34,35,38,40,44}, 0)))), 0)} -> 0 | DB161: {=IFERROR(COUNT(_xlfn._xlws.FILTER(CH161:CL161, ISNUMBER(MATCH(CH161:CL161, {6,9,12,15,18,21,24,27,30,33,36,39,42,45}, 0)))), 0)} -> 0 | DD161: =#REF! -> #REF! | DE161: =#REF!*2 -> #REF! | DF161: =#REF! -> #REF! | DG161: =#REF!*2 -> #REF! | DH161: =#REF! -> #REF! | DI161: =#REF!*2 -> #REF! | DJ161: =#REF! -> #REF! | DK161: =#REF!*2 -> #REF! | DL161: =#REF! -> #REF! | DM161: =#REF!*2 -> #REF!
B162: 0 | C162: 0 | D162: 0 | E162: 0 | F162: 0 | G162: 0 | I162: =IF(OR(B162="",ISBLANK(B162),B162=0),0,IF(MOD(B162,2)=1,1,2)) -> 0 | J162: =IF(OR(C162="",ISBLANK(C162),C162=0),0,IF(MOD(C162,2)=1,1,2)) -> 0 | K162: =IF(OR(D162="",ISBLANK(D162),D162=0),0,IF(MOD(D162,2)=1,1,2)) -> 0 | L162: =IF(OR(E162="",ISBLANK(E162),E162=0),0,IF(MOD(E162,2)=1,1,2)) -> 0 | M162: =IF(OR(F162="",ISBLANK(F162),F162=0),0,IF(MOD(F162,2)=1,1,2)) -> 0 | N162: =IF(OR(G162="",ISBLANK(G162),G162=0),0,IF(MOD(G162,2)=1,1,2)) -> 0 | P162: {=SUMPRODUCT(--(MOD(B162:G162,2)=1))} -> 0 | Q162: =6-P162 -> 6 | S162: =COUNTIFS(B162:G162,">=1",B162:G162,"<=23") -> 0 | T162: =6-S162 -> 6 | V162: {=SUMPRODUCT(--(MOD(B162:G162,10)>=1), --(MOD(B162:G162,10)<=5))} -> 0 | W162: =6-V162 -> 6 | Y162: {=IFERROR(COUNT(_xlfn._xlws.FILTER(B162:G162, ISNUMBER(MATCH(B162:G162, {2,3,5,7,11,13,17,19,23,29,31,37,41,43}, 0)))), 0)} -> 0 | Z162: {=IFERROR(COUNT(_xlfn._xlws.FILTER(B162:G162, ISNUMBER(MATCH(B162:G162, {1,4,8,10,14,16,20,22,25,26,28,32,34,35,38,40,44}, 0)))), 0)} -> 0 | AA162: {=IFERROR(COUNT(_xlfn._xlws.FILTER(B162:G162, ISNUMBER(MATCH(B162:G162, {6,9,12,15,18,21,24,27,30,33,36,39,42,45}, 0)))), 0)} -> 0 | AC162: {=_xlfn.IFS( OR(B162="",ISBLANK(B162),B162=0),0, ISNUMBER(MATCH(B162,{2,3,5,7,11,13,17,19,23,29,31,37,41,43},0)),"소", AND(ISNUMBER(B162),MOD(B162,3)=0),"배", AND(ISNUMBER(B162),B162>0),"자" )} -> 0 | AD162: {=_xlfn.IFS( OR(C162="",ISBLANK(C162),C162=0),0, ISNUMBER(MATCH(C162,{2,3,5,7,11,13,17,19,23,29,31,37,41,43},0)),"소", AND(ISNUMBER(C162),MOD(C162,3)=0),"배", AND(ISNUMBER(C162),C162>0),"자" )} -> 0 | AE162: {=_xlfn.IFS( OR(D162="",ISBLANK(D162),D162=0),0, ISNUMBER(MATCH(D162,{2,3,5,7,11,13,17,19,23,29,31,37,41,43},0)),"소", AND(ISNUMBER(D162),MOD(D162,3)=0),"배", AND(ISNUMBER(D162),D162>0),"자" )} -> 0 | AF162: {=_xlfn.IFS( OR(E162="",ISBLANK(E162),E162=0),0, ISNUMBER(MATCH(E162,{2,3,5,7,11,13,17,19,23,29,31,37,41,43},0)),"소", AND(ISNUMBER(E162),MOD(E162,3)=0),"배", AND(ISNUMBER(E162),E162>0),"자" )} -> 0 | AG162: {=_xlfn.IFS( OR(F162="",ISBLANK(F162),F162=0),0, ISNUMBER(MATCH(F162,{2,3,5,7,11,13,17,19,23,29,31,37,41,43},0)),"소", AND(ISNUMBER(F162),MOD(F162,3)=0),"배", AND(ISNUMBER(F162),F162>0),"자" )} -> 0 | AH162: {=_xlfn.IFS( OR(G162="",ISBLANK(G162),G162=0),0, ISNUMBER(MATCH(G162,{2,3,5,7,11,13,17,19,23,29,31,37,41,43},0)),"소", AND(ISNUMBER(G162),MOD(G162,3)=0),"배", AND(ISNUMBER(G162),G162>0),"자" )} -> 0 | AJ162: =COUNTIFS(B162:G162,">=1",B162:G162,"<=14") -> 0 | AK162: =COUNTIFS(B162:G162,">=15",B162:G162,"<=31") -> 0 | AL162: =6-AK162-AJ162 -> 6 | AN162: =COUNTIFS($B162:$G162, ">=1",$B162:$G162, "<=9") -> 0 | AO162: =COUNTIFS($B162:$G162, ">=10",$B162:$G162, "<=18") -> 0 | AP162: =COUNTIFS($B162:$G162, ">=19",$B162:$G162, "<=27") -> 0 | AQ162: =COUNTIFS($B162:$G162, ">=28",$B162:$G162, "<=36") -> 0 | AR162: =COUNTIFS($B162:$G162, ">=37",$B162:$G162, "<=45") -> 0 | AS162: =#REF! -> #REF! | AT162: =#REF!*2 -> #REF! | AU162: =#REF! -> #REF! | AV162: =#REF!*2 -> #REF! | AW162: =#REF! -> #REF! | AX162: =#REF!*2 -> #REF! | AY162: =#REF! -> #REF! | AZ162: =#REF!*2 -> #REF! | BA162: =#REF! -> #REF! | BB162: =#REF!*2 -> #REF! | BC162: =#REF! -> #REF! | BD162: =#REF!*2 -> #REF! | BE162: =#REF!-#REF! -> #REF! | BF162: =#REF!-#REF! -> #REF! | BG162: =#REF!-#REF! -> #REF! | BH162: =#REF!-#REF! -> #REF! | BI162: =#REF!-#REF! -> #REF! | BK162: =COUNTIFS(B162:G162, ">=1", B162:G162, "<=9") -> 0 | BL162: =COUNTIFS(B162:G162, ">=10", B162:G162, "<=19") -> 0 | BM162: =COUNTIFS(B162:G162, ">=20", B162:G162, "<=29") -> 0 | BN162: =COUNTIFS(B162:G162, ">=30", B162:G162, "<=39") -> 0 | BO162: =COUNTIFS(B162:G162, ">=40", B162:G162, "<=45") -> 0 | BP162: =#REF! -> #REF! | BQ162: =#REF!*2 -> #REF! | BR162: =#REF! -> #REF! | BS162: =#REF!*2 -> #REF! | BT162: =#REF! -> #REF! | BU162: =#REF!*2 -> #REF! | BV162: =#REF! -> #REF! | BW162: =#REF!*2 -> #REF! | BX162: =#REF! -> #REF! | BY162: =#REF!*2 -> #REF! | BZ162: =#REF! -> #REF! | CA162: =#REF!*2 -> #REF! | CB162: =C162-B162 -> 0 | CC162: =D162-C162 -> 0 | CD162: =E162-D162 -> 0 | CE162: =F162-E162 -> 0 | CF162: =G162-F162 -> 0 | CH162: =C162-B162 -> 0 | CI162: =D162-C162 -> 0 | CJ162: =E162-D162 -> 0 | CK162: =F162-E162 -> 0 | CL162: =G162-F162 -> 0 | CN162: =IF(OR(CH162="",ISBLANK(CH162),CH162=0),0,IF(MOD(CH162,2)=1,1,2)) -> 0 | CO162: =IF(OR(CI162="",ISBLANK(CI162),CI162=0),0,IF(MOD(CI162,2)=1,1,2)) -> 0 | CP162: =IF(OR(CJ162="",ISBLANK(CJ162),CJ162=0),0,IF(MOD(CJ162,2)=1,1,2)) -> 0 | CQ162: =IF(OR(CK162="",ISBLANK(CK162),CK162=0),0,IF(MOD(CK162,2)=1,1,2)) -> 0 | CR162: =IF(OR(CL162="",ISBLANK(CL162),CL162=0),0,IF(MOD(CL162,2)=1,1,2)) -> 0 | CT162: {=SUMPRODUCT(--(MOD(CH162:CL162,2)=1))} -> 0 | CU162: =5-CT162 -> 5 | CW162: {=SUMPRODUCT(--(MOD(CH162:CL162,10)>=1), --(MOD(CH162:CL162,10)<=5))} -> 0 | CX162: =5-CW162 -> 5 | CZ162: {=IFERROR(COUNT(_xlfn._xlws.FILTER(CH162:CL162, ISNUMBER(MATCH(CH162:CL162, {2,3,5,7,11,13,17,19,23,29,31,37,41,43}, 0)))), 0)} -> 0 | DA162: {=IFERROR(COUNT(_xlfn._xlws.FILTER(CH162:CL162, ISNUMBER(MATCH(CH162:CL162, {1,4,8,10,14,16,20,22,25,26,28,32,34,35,38,40,44}, 0)))), 0)} -> 0 | DB162: {=IFERROR(COUNT(_xlfn._xlws.FILTER(CH162:CL162, ISNUMBER(MATCH(CH162:CL162, {6,9,12,15,18,21,24,27,30,33,36,39,42,45}, 0)))), 0)} -> 0 | DD162: =#REF! -> #REF! | DE162: =#REF!*2 -> #REF! | DF162: =#REF! -> #REF! | DG162: =#REF!*2 -> #REF! | DH162: =#REF! -> #REF! | DI162: =#REF!*2 -> #REF! | DJ162: =#REF! -> #REF! | DK162: =#REF!*2 -> #REF! | DL162: =#REF! -> #REF! | DM162: =#REF!*2 -> #REF!
B163: 0 | C163: 0 | D163: 0 | E163: 0 | F163: 0 | G163: 0 | I163: =IF(OR(B163="",ISBLANK(B163),B163=0),0,IF(MOD(B163,2)=1,1,2)) -> 0 | J163: =IF(OR(C163="",ISBLANK(C163),C163=0),0,IF(MOD(C163,2)=1,1,2)) -> 0 | K163: =IF(OR(D163="",ISBLANK(D163),D163=0),0,IF(MOD(D163,2)=1,1,2)) -> 0 | L163: =IF(OR(E163="",ISBLANK(E163),E163=0),0,IF(MOD(E163,2)=1,1,2)) -> 0 | M163: =IF(OR(F163="",ISBLANK(F163),F163=0),0,IF(MOD(F163,2)=1,1,2)) -> 0 | N163: =IF(OR(G163="",ISBLANK(G163),G163=0),0,IF(MOD(G163,2)=1,1,2)) -> 0 | P163: {=SUMPRODUCT(--(MOD(B163:G163,2)=1))} -> 0 | Q163: =6-P163 -> 6 | S163: =COUNTIFS(B163:G163,">=1",B163:G163,"<=23") -> 0 | T163: =6-S163 -> 6 | V163: {=SUMPRODUCT(--(MOD(B163:G163,10)>=1), --(MOD(B163:G163,10)<=5))} -> 0 | W163: =6-V163 -> 6 | Y163: {=IFERROR(COUNT(_xlfn._xlws.FILTER(B163:G163, ISNUMBER(MATCH(B163:G163, {2,3,5,7,11,13,17,19,23,29,31,37,41,43}, 0)))), 0)} -> 0 | Z163: {=IFERROR(COUNT(_xlfn._xlws.FILTER(B163:G163, ISNUMBER(MATCH(B163:G163, {1,4,8,10,14,16,20,22,25,26,28,32,34,35,38,40,44}, 0)))), 0)} -> 0 | AA163: {=IFERROR(COUNT(_xlfn._xlws.FILTER(B163:G163, ISNUMBER(MATCH(B163:G163, {6,9,12,15,18,21,24,27,30,33,36,39,42,45}, 0)))), 0)} -> 0 | AC163: {=_xlfn.IFS( OR(B163="",ISBLANK(B163),B163=0),0, ISNUMBER(MATCH(B163,{2,3,5,7,11,13,17,19,23,29,31,37,41,43},0)),"소", AND(ISNUMBER(B163),MOD(B163,3)=0),"배", AND(ISNUMBER(B163),B163>0),"자" )} -> 0 | AD163: {=_xlfn.IFS( OR(C163="",ISBLANK(C163),C163=0),0, ISNUMBER(MATCH(C163,{2,3,5,7,11,13,17,19,23,29,31,37,41,43},0)),"소", AND(ISNUMBER(C163),MOD(C163,3)=0),"배", AND(ISNUMBER(C163),C163>0),"자" )} -> 0 | AE163: {=_xlfn.IFS( OR(D163="",ISBLANK(D163),D163=0),0, ISNUMBER(MATCH(D163,{2,3,5,7,11,13,17,19,23,29,31,37,41,43},0)),"소", AND(ISNUMBER(D163),MOD(D163,3)=0),"배", AND(ISNUMBER(D163),D163>0),"자" )} -> 0 | AF163: {=_xlfn.IFS( OR(E163="",ISBLANK(E163),E163=0),0, ISNUMBER(MATCH(E163,{2,3,5,7,11,13,17,19,23,29,31,37,41,43},0)),"소", AND(ISNUMBER(E163),MOD(E163,3)=0),"배", AND(ISNUMBER(E163),E163>0),"자" )} -> 0 | AG163: {=_xlfn.IFS( OR(F163="",ISBLANK(F163),F163=0),0, ISNUMBER(MATCH(F163,{2,3,5,7,11,13,17,19,23,29,31,37,41,43},0)),"소", AND(ISNUMBER(F163),MOD(F163,3)=0),"배", AND(ISNUMBER(F163),F163>0),"자" )} -> 0 | AH163: {=_xlfn.IFS( OR(G163="",ISBLANK(G163),G163=0),0, ISNUMBER(MATCH(G163,{2,3,5,7,11,13,17,19,23,29,31,37,41,43},0)),"소", AND(ISNUMBER(G163),MOD(G163,3)=0),"배", AND(ISNUMBER(G163),G163>0),"자" )} -> 0 | AJ163: =COUNTIFS(B163:G163,">=1",B163:G163,"<=14") -> 0 | AK163: =COUNTIFS(B163:G163,">=15",B163:G163,"<=31") -> 0 | AL163: =6-AK163-AJ163 -> 6 | AN163: =COUNTIFS($B163:$G163, ">=1",$B163:$G163, "<=9") -> 0 | AO163: =COUNTIFS($B163:$G163, ">=10",$B163:$G163, "<=18") -> 0 | AP163: =COUNTIFS($B163:$G163, ">=19",$B163:$G163, "<=27") -> 0 | AQ163: =COUNTIFS($B163:$G163, ">=28",$B163:$G163, "<=36") -> 0 | AR163: =COUNTIFS($B163:$G163, ">=37",$B163:$G163, "<=45") -> 0 | AS163: =#REF! -> #REF! | AT163: =#REF!*2 -> #REF! | AU163: =#REF! -> #REF! | AV163: =#REF!*2 -> #REF! | AW163: =#REF! -> #REF! | AX163: =#REF!*2 -> #REF! | AY163: =#REF! -> #REF! | AZ163: =#REF!*2 -> #REF! | BA163: =#REF! -> #REF! | BB163: =#REF!*2 -> #REF! | BC163: =#REF! -> #REF! | BD163: =#REF!*2 -> #REF! | BE163: =#REF!-#REF! -> #REF! | BF163: =#REF!-#REF! -> #REF! | BG163: =#REF!-#REF! -> #REF! | BH163: =#REF!-#REF! -> #REF! | BI163: =#REF!-#REF! -> #REF! | BK163: =COUNTIFS(B163:G163, ">=1", B163:G163, "<=9") -> 0 | BL163: =COUNTIFS(B163:G163, ">=10", B163:G163, "<=19") -> 0 | BM163: =COUNTIFS(B163:G163, ">=20", B163:G163, "<=29") -> 0 | BN163: =COUNTIFS(B163:G163, ">=30", B163:G163, "<=39") -> 0 | BO163: =COUNTIFS(B163:G163, ">=40", B163:G163, "<=45") -> 0 | BP163: =#REF! -> #REF! | BQ163: =#REF!*2 -> #REF! | BR163: =#REF! -> #REF! | BS163: =#REF!*2 -> #REF! | BT163: =#REF! -> #REF! | BU163: =#REF!*2 -> #REF! | BV163: =#REF! -> #REF! | BW163: =#REF!*2 -> #REF! | BX163: =#REF! -> #REF! | BY163: =#REF!*2 -> #REF! | BZ163: =#REF! -> #REF! | CA163: =#REF!*2 -> #REF! | CB163: =C163-B163 -> 0 | CC163: =D163-C163 -> 0 | CD163: =E163-D163 -> 0 | CE163: =F163-E163 -> 0 | CF163: =G163-F163 -> 0 | CH163: =C163-B163 -> 0 | CI163: =D163-C163 -> 0 | CJ163: =E163-D163 -> 0 | CK163: =F163-E163 -> 0 | CL163: =G163-F163 -> 0 | CN163: =IF(OR(CH163="",ISBLANK(CH163),CH163=0),0,IF(MOD(CH163,2)=1,1,2)) -> 0 | CO163: =IF(OR(CI163="",ISBLANK(CI163),CI163=0),0,IF(MOD(CI163,2)=1,1,2)) -> 0 | CP163: =IF(OR(CJ163="",ISBLANK(CJ163),CJ163=0),0,IF(MOD(CJ163,2)=1,1,2)) -> 0 | CQ163: =IF(OR(CK163="",ISBLANK(CK163),CK163=0),0,IF(MOD(CK163,2)=1,1,2)) -> 0 | CR163: =IF(OR(CL163="",ISBLANK(CL163),CL163=0),0,IF(MOD(CL163,2)=1,1,2)) -> 0 | CT163: {=SUMPRODUCT(--(MOD(CH163:CL163,2)=1))} -> 0 | CU163: =5-CT163 -> 5 | CW163: {=SUMPRODUCT(--(MOD(CH163:CL163,10)>=1), --(MOD(CH163:CL163,10)<=5))} -> 0 | CX163: =5-CW163 -> 5 | CZ163: {=IFERROR(COUNT(_xlfn._xlws.FILTER(CH163:CL163, ISNUMBER(MATCH(CH163:CL163, {2,3,5,7,11,13,17,19,23,29,31,37,41,43}, 0)))), 0)} -> 0 | DA163: {=IFERROR(COUNT(_xlfn._xlws.FILTER(CH163:CL163, ISNUMBER(MATCH(CH163:CL163, {1,4,8,10,14,16,20,22,25,26,28,32,34,35,38,40,44}, 0)))), 0)} -> 0 | DB163: {=IFERROR(COUNT(_xlfn._xlws.FILTER(CH163:CL163, ISNUMBER(MATCH(CH163:CL163, {6,9,12,15,18,21,24,27,30,33,36,39,42,45}, 0)))), 0)} -> 0 | DD163: =#REF! -> #REF! | DE163: =#REF!*2 -> #REF! | DF163: =#REF! -> #REF! | DG163: =#REF!*2 -> #REF! | DH163: =#REF! -> #REF! | DI163: =#REF!*2 -> #REF! | DJ163: =#REF! -> #REF! | DK163: =#REF!*2 -> #REF! | DL163: =#REF! -> #REF! | DM163: =#REF!*2 -> #REF!
