Workbook

Sheet 전체당첨내역
A1: 회차 | B1: 1구 | C1: 2구 | D1: 3구 | E1: 4구 | F1: 5구 | G1: 6구 | H1: 보너스
A2: 1 | B2: 10 | C2: 23 | D2: 29 | E2: 33 | F2: 37 | G2: 40 | H2: 16
A3: 2 | B3: 9 | C3: 13 | D3: 21 | E3: 25 | F3: 32 | G3: 42 | H3: 2
A4: 3 | B4: 11 | C4: 16 | D4: 19 | E4: 21 | F4: 27 | G4: 31 | H4: 30
A5: 4 | B5: 14 | C5: 27 | D5: 30 | E5: 31 | F5: 40 | G5: 42 | H5: 2
A6: 5 | B6: 16 | C6: 24 | D6: 29 | E6: 40 | F6: 41 | G6: 42 | H6: 3
A7: 6 | B7: 14 | C7: 15 | D7: 26 | E7: 27 | F7: 40 | G7: 42 | H7: 34
A8: 7 | B8: 2 | C8: 9 | D8: 16 | E8: 25 | F8: 26 | G8: 40 | H8: 42
A9: 8 | B9: 8 | C9: 19 | D9: 25 | E9: 34 | F9: 37 | G9: 39 | H9: 9
A10: 9 | B10: 2 | C10: 4 | D10: 16 | E10: 17 | F10: 36 | G10: 39 | H10: 14
A11: 10 | B11: 9 | C11: 25 | D11: 30 | E11: 33 | F11: 41 | G11: 44 | H11: 6
A12: 11 | B12: 1 | C12: 7 | D12: 36 | E12: 37 | F12: 41 | G12: 42 | H12: 14
A13: 12 | B13: 2 | C13: 11 | D13: 21 | E13: 25 | F13: 39 | G13: 45 | H13: 44
... A1244: 1243 | B1244: 9 | C1244: 18 | D1244: 24 | E1244: 38 | F1244: 43 | G1244: 44 | H1244: 35

Sheet 기준100회_후보
A1: 기준빈도 회차수(이 값만 바꾸면 전체 재계산) | B1: 100 | L1: 1 | M1: 2 | N1: 3 | O1: 4 | P1: 5 | Q1: 6 | R1: 7 | S1: 8 | T1: 9 | U1: 10 | V1: 11 | W1: 12 | X1: 13 | Y1: 14 | Z1: 15 | AA1: 16 | AB1: 17 | AC1: 18 | AD1: 19 | AE1: 20 | AF1: 21 | AG1: 22 | AH1: 23 | AI1: 24 | AJ1: 25 | AK1: 26 | AL1: 27 | AM1: 28 | AN1: 29 | AO1: 30 | AP1: 31 | AQ1: 32 | AR1: 33 | AS1: 34 | AT1: 35 | AU1: 36 | AV1: 37 | AW1: 38 | AX1: 39 | AY1: 40 | AZ1: 41 | BA1: 42 | BB1: 43 | BC1: 44 | BD1: 45
K2: ="기준빈도(최근"&$B$1&"회)" -> 기준빈도(최근100회) | L2: =SUMPRODUCT((전체당첨내역!$A$2:$A$1500>=(MAX(전체당첨내역!$A$2:$A$1500)-($B$1-1)))*((전체당첨내역!$B$2:$B$1500=L$1)+(전체당첨내역!$C$2:$C$1500=L$1)+(전체당첨내역!$D$2:$D$1500=L$1)+(전체당첨내역!$E$2:$E$1500=L$1)+(전체당첨내역!$F$2:$F$1500=L$1)+(전체당첨내역!$G$2:$G$1500=L$1))) -> 12 | M2: =SUMPRODUCT((전체당첨내역!$A$2:$A$1500>=(MAX(전체당첨내역!$A$2:$A$1500)-($B$1-1)))*((전체당첨내역!$B$2:$B$1500=M$1)+(전체당첨내역!$C$2:$C$1500=M$1)+(전체당첨내역!$D$2:$D$1500=M$1)+(전체당첨내역!$E$2:$E$1500=M$1)+(전체당첨내역!$F$2:$F$1500=M$1)+(전체당첨내역!$G$2:$G$1500=M$1))) -> 12 | N2: =SUMPRODUCT((전체당첨내역!$A$2:$A$1500>=(MAX(전체당첨내역!$A$2:$A$1500)-($B$1-1)))*((전체당첨내역!$B$2:$B$1500=N$1)+(전체당첨내역!$C$2:$C$1500=N$1)+(전체당첨내역!$D$2:$D$1500=N$1)+(전체당첨내역!$E$2:$E$1500=N$1)+(전체당첨내역!$F$2:$F$1500=N$1)+(전체당첨내역!$G$2:$G$1500=N$1))) -> 17 | O2: =SUMPRODUCT((전체당첨내역!$A$2:$A$1500>=(MAX(전체당첨내역!$A$2:$A$1500)-($B$1-1)))*((전체당첨내역!$B$2:$B$1500=O$1)+(전체당첨내역!$C$2:$C$1500=O$1)+(전체당첨내역!$D$2:$D$1500=O$1)+(전체당첨내역!$E$2:$E$1500=O$1)+(전체당첨내역!$F$2:$F$1500=O$1)+(전체당첨내역!$G$2:$G$1500=O$1))) -> 12 | P2: =SUMPRODUCT((전체당첨내역!$A$2:$A$1500>=(MAX(전체당첨내역!$A$2:$A$1500)-($B$1-1)))*((전체당첨내역!$B$2:$B$1500=P$1)+(전체당첨내역!$C$2:$C$1500=P$1)+(전체당첨내역!$D$2:$D$1500=P$1)+(전체당첨내역!$E$2:$E$1500=P$1)+(전체당첨내역!$F$2:$F$1500=P$1)+(전체당첨내역!$G$2:$G$1500=P$1))) -> 9 | Q2: =SUMPRODUCT((전체당첨내역!$A$2:$A$1500>=(MAX(전체당첨내역!$A$2:$A$1500)-($B$1-1)))*((전체당첨내역!$B$2:$B$1500=Q$1)+(전체당첨내역!$C$2:$C$1500=Q$1)+(전체당첨내역!$D$2:$D$1500=Q$1)+(전체당첨내역!$E$2:$E$1500=Q$1)+(전체당첨내역!$F$2:$F$1500=Q$1)+(전체당첨내역!$G$2:$G$1500=Q$1))) -> 14 | R2: =SUMPRODUCT((전체당첨내역!$A$2:$A$1500>=(MAX(전체당첨내역!$A$2:$A$1500)-($B$1-1)))*((전체당첨내역!$B$2:$B$1500=R$1)+(전체당첨내역!$C$2:$C$1500=R$1)+(전체당첨내역!$D$2:$D$1500=R$1)+(전체당첨내역!$E$2:$E$1500=R$1)+(전체당첨내역!$F$2:$F$1500=R$1)+(전체당첨내역!$G$2:$G$1500=R$1))) -> 15 | S2: =SUMPRODUCT((전체당첨내역!$A$2:$A$1500>=(MAX(전체당첨내역!$A$2:$A$1500)-($B$1-1)))*((전체당첨내역!$B$2:$B$1500=S$1)+(전체당첨내역!$C$2:$C$1500=S$1)+(전체당첨내역!$D$2:$D$1500=S$1)+(전체당첨내역!$E$2:$E$1500=S$1)+(전체당첨내역!$F$2:$F$1500=S$1)+(전체당첨내역!$G$2:$G$1500=S$1))) -> 14 | ... BD2: =SUMPRODUCT((전체당첨내역!$A$2:$A$1500>=(MAX(전체당첨내역!$A$2:$A$1500)-($B$1-1)))*((전체당첨내역!$B$2:$B$1500=BD$1)+(전체당첨내역!$C$2:$C$1500=BD$1)+(전체당첨내역!$D$2:$D$1500=BD$1)+(전체당첨내역!$E$2:$E$1500=BD$1)+(전체당첨내역!$F$2:$F$1500=BD$1)+(전체당첨내역!$G$2:$G$1500=BD$1))) -> 11
A3: 순위 | B3: 후보숫자 | K3: 최근50회 빈도(고정) | L3: =SUMPRODUCT((전체당첨내역!$A$2:$A$1500>=(MAX(전체당첨내역!$A$2:$A$1500)-49))*((전체당첨내역!$B$2:$B$1500=L$1)+(전체당첨내역!$C$2:$C$1500=L$1)+(전체당첨내역!$D$2:$D$1500=L$1)+(전체당첨내역!$E$2:$E$1500=L$1)+(전체당첨내역!$F$2:$F$1500=L$1)+(전체당첨내역!$G$2:$G$1500=L$1))) -> 8 | M3: =SUMPRODUCT((전체당첨내역!$A$2:$A$1500>=(MAX(전체당첨내역!$A$2:$A$1500)-49))*((전체당첨내역!$B$2:$B$1500=M$1)+(전체당첨내역!$C$2:$C$1500=M$1)+(전체당첨내역!$D$2:$D$1500=M$1)+(전체당첨내역!$E$2:$E$1500=M$1)+(전체당첨내역!$F$2:$F$1500=M$1)+(전체당첨내역!$G$2:$G$1500=M$1))) -> 7 | N3: =SUMPRODUCT((전체당첨내역!$A$2:$A$1500>=(MAX(전체당첨내역!$A$2:$A$1500)-49))*((전체당첨내역!$B$2:$B$1500=N$1)+(전체당첨내역!$C$2:$C$1500=N$1)+(전체당첨내역!$D$2:$D$1500=N$1)+(전체당첨내역!$E$2:$E$1500=N$1)+(전체당첨내역!$F$2:$F$1500=N$1)+(전체당첨내역!$G$2:$G$1500=N$1))) -> 7 | O3: =SUMPRODUCT((전체당첨내역!$A$2:$A$1500>=(MAX(전체당첨내역!$A$2:$A$1500)-49))*((전체당첨내역!$B$2:$B$1500=O$1)+(전체당첨내역!$C$2:$C$1500=O$1)+(전체당첨내역!$D$2:$D$1500=O$1)+(전체당첨내역!$E$2:$E$1500=O$1)+(전체당첨내역!$F$2:$F$1500=O$1)+(전체당첨내역!$G$2:$G$1500=O$1))) -> 6 | P3: =SUMPRODUCT((전체당첨내역!$A$2:$A$1500>=(MAX(전체당첨내역!$A$2:$A$1500)-49))*((전체당첨내역!$B$2:$B$1500=P$1)+(전체당첨내역!$C$2:$C$1500=P$1)+(전체당첨내역!$D$2:$D$1500=P$1)+(전체당첨내역!$E$2:$E$1500=P$1)+(전체당첨내역!$F$2:$F$1500=P$1)+(전체당첨내역!$G$2:$G$1500=P$1))) -> 4 | Q3: =SUMPRODUCT((전체당첨내역!$A$2:$A$1500>=(MAX(전체당첨내역!$A$2:$A$1500)-49))*((전체당첨내역!$B$2:$B$1500=Q$1)+(전체당첨내역!$C$2:$C$1500=Q$1)+(전체당첨내역!$D$2:$D$1500=Q$1)+(전체당첨내역!$E$2:$E$1500=Q$1)+(전체당첨내역!$F$2:$F$1500=Q$1)+(전체당첨내역!$G$2:$G$1500=Q$1))) -> 5 | R3: =SUMPRODUCT((전체당첨내역!$A$2:$A$1500>=(MAX(전체당첨내역!$A$2:$A$1500)-49))*((전체당첨내역!$B$2:$B$1500=R$1)+(전체당첨내역!$C$2:$C$1500=R$1)+(전체당첨내역!$D$2:$D$1500=R$1)+(전체당첨내역!$E$2:$E$1500=R$1)+(전체당첨내역!$F$2:$F$1500=R$1)+(전체당첨내역!$G$2:$G$1500=R$1))) -> 6 | S3: =SUMPRODUCT((전체당첨내역!$A$2:$A$1500>=(MAX(전체당첨내역!$A$2:$A$1500)-49))*((전체당첨내역!$B$2:$B$1500=S$1)+(전체당첨내역!$C$2:$C$1500=S$1)+(전체당첨내역!$D$2:$D$1500=S$1)+(전체당첨내역!$E$2:$E$1500=S$1)+(전체당첨내역!$F$2:$F$1500=S$1)+(전체당첨내역!$G$2:$G$1500=S$1))) -> 6 | ... BD3: =SUMPRODUCT((전체당첨내역!$A$2:$A$1500>=(MAX(전체당첨내역!$A$2:$A$1500)-49))*((전체당첨내역!$B$2:$B$1500=BD$1)+(전체당첨내역!$C$2:$C$1500=BD$1)+(전체당첨내역!$D$2:$D$1500=BD$1)+(전체당첨내역!$E$2:$E$1500=BD$1)+(전체당첨내역!$F$2:$F$1500=BD$1)+(전체당첨내역!$G$2:$G$1500=BD$1))) -> 6
A4: 1 | B4: =INDEX($L$1:$BD$1,MATCH(A4,$L$5:$BD$5,0)) -> 6 | K4: 오차(출현임박) | L4: =(RANK(L$3,$L$3:$BD$3,0)+COUNTIFS($L$3:$BD$3,L$3,$L$1:$BD$1,"<"&L$1))-(RANK(L$2,$L$2:$BD$2,0)+COUNTIFS($L$2:$BD$2,L$2,$L$1:$BD$1,"<"&L$1)) -> -22 | M4: =(RANK(M$3,$L$3:$BD$3,0)+COUNTIFS($L$3:$BD$3,M$3,$L$1:$BD$1,"<"&M$1))-(RANK(M$2,$L$2:$BD$2,0)+COUNTIFS($L$2:$BD$2,M$2,$L$1:$BD$1,"<"&M$1)) -> -18 | N4: =(RANK(N$3,$L$3:$BD$3,0)+COUNTIFS($L$3:$BD$3,N$3,$L$1:$BD$1,"<"&N$1))-(RANK(N$2,$L$2:$BD$2,0)+COUNTIFS($L$2:$BD$2,N$2,$L$1:$BD$1,"<"&N$1)) -> 8 | O4: =(RANK(O$3,$L$3:$BD$3,0)+COUNTIFS($L$3:$BD$3,O$3,$L$1:$BD$1,"<"&O$1))-(RANK(O$2,$L$2:$BD$2,0)+COUNTIFS($L$2:$BD$2,O$2,$L$1:$BD$1,"<"&O$1)) -> -10 | P4: =(RANK(P$3,$L$3:$BD$3,0)+COUNTIFS($L$3:$BD$3,P$3,$L$1:$BD$1,"<"&P$1))-(RANK(P$2,$L$2:$BD$2,0)+COUNTIFS($L$2:$BD$2,P$2,$L$1:$BD$1,"<"&P$1)) -> -1 | Q4: =(RANK(Q$3,$L$3:$BD$3,0)+COUNTIFS($L$3:$BD$3,Q$3,$L$1:$BD$1,"<"&Q$1))-(RANK(Q$2,$L$2:$BD$2,0)+COUNTIFS($L$2:$BD$2,Q$2,$L$1:$BD$1,"<"&Q$1)) -> 22 | R4: =(RANK(R$3,$L$3:$BD$3,0)+COUNTIFS($L$3:$BD$3,R$3,$L$1:$BD$1,"<"&R$1))-(RANK(R$2,$L$2:$BD$2,0)+COUNTIFS($L$2:$BD$2,R$2,$L$1:$BD$1,"<"&R$1)) -> 11 | S4: =(RANK(S$3,$L$3:$BD$3,0)+COUNTIFS($L$3:$BD$3,S$3,$L$1:$BD$1,"<"&S$1))-(RANK(S$2,$L$2:$BD$2,0)+COUNTIFS($L$2:$BD$2,S$2,$L$1:$BD$1,"<"&S$1)) -> 8 | ... BD4: =(RANK(BD$3,$L$3:$BD$3,0)+COUNTIFS($L$3:$BD$3,BD$3,$L$1:$BD$1,"<"&BD$1))-(RANK(BD$2,$L$2:$BD$2,0)+COUNTIFS($L$2:$BD$2,BD$2,$L$1:$BD$1,"<"&BD$1)) -> -4
A5: 2 | B5: =INDEX($L$1:$BD$1,MATCH(A5,$L$5:$BD$5,0)) -> 37 | K5: 순위(1~45) | L5: =RANK(L4,$L$4:$BD$4,0)+COUNTIFS($L$4:$BD$4,L4,$L$1:$BD$1,"<"&L$1) -> 45 | M5: =RANK(M4,$L$4:$BD$4,0)+COUNTIFS($L$4:$BD$4,M4,$L$1:$BD$1,"<"&M$1) -> 41 | N5: =RANK(N4,$L$4:$BD$4,0)+COUNTIFS($L$4:$BD$4,N4,$L$1:$BD$1,"<"&N$1) -> 11 | O5: =RANK(O4,$L$4:$BD$4,0)+COUNTIFS($L$4:$BD$4,O4,$L$1:$BD$1,"<"&O$1) -> 37 | P5: =RANK(P4,$L$4:$BD$4,0)+COUNTIFS($L$4:$BD$4,P4,$L$1:$BD$1,"<"&P$1) -> 24 | Q5: =RANK(Q4,$L$4:$BD$4,0)+COUNTIFS($L$4:$BD$4,Q4,$L$1:$BD$1,"<"&Q$1) -> 1 | R5: =RANK(R4,$L$4:$BD$4,0)+COUNTIFS($L$4:$BD$4,R4,$L$1:$BD$1,"<"&R$1) -> 8 | S5: =RANK(S4,$L$4:$BD$4,0)+COUNTIFS($L$4:$BD$4,S4,$L$1:$BD$1,"<"&S$1) -> 12 | ... BD5: =RANK(BD4,$L$4:$BD$4,0)+COUNTIFS($L$4:$BD$4,BD4,$L$1:$BD$1,"<"&BD$1) -> 28
A6: 3 | B6: =INDEX($L$1:$BD$1,MATCH(A6,$L$5:$BD$5,0)) -> 39 | K6: 적중회수(현재순위 기준, 최근50회 실적) | L6: =SUMPRODUCT(($L$13:$L$62=$B$13:$B$62)+($L$13:$L$62=$C$13:$C$62)+($L$13:$L$62=$D$13:$D$62)+($L$13:$L$62=$E$13:$E$62)+($L$13:$L$62=$F$13:$F$62)+($L$13:$L$62=$G$13:$G$62)) -> 7 | M6: =SUMPRODUCT(($M$13:$M$62=$B$13:$B$62)+($M$13:$M$62=$C$13:$C$62)+($M$13:$M$62=$D$13:$D$62)+($M$13:$M$62=$E$13:$E$62)+($M$13:$M$62=$F$13:$F$62)+($M$13:$M$62=$G$13:$G$62)) -> 9 | N6: =SUMPRODUCT(($N$13:$N$62=$B$13:$B$62)+($N$13:$N$62=$C$13:$C$62)+($N$13:$N$62=$D$13:$D$62)+($N$13:$N$62=$E$13:$E$62)+($N$13:$N$62=$F$13:$F$62)+($N$13:$N$62=$G$13:$G$62)) -> 6 | O6: =SUMPRODUCT(($O$13:$O$62=$B$13:$B$62)+($O$13:$O$62=$C$13:$C$62)+($O$13:$O$62=$D$13:$D$62)+($O$13:$O$62=$E$13:$E$62)+($O$13:$O$62=$F$13:$F$62)+($O$13:$O$62=$G$13:$G$62)) -> 8 | P6: =SUMPRODUCT(($P$13:$P$62=$B$13:$B$62)+($P$13:$P$62=$C$13:$C$62)+($P$13:$P$62=$D$13:$D$62)+($P$13:$P$62=$E$13:$E$62)+($P$13:$P$62=$F$13:$F$62)+($P$13:$P$62=$G$13:$G$62)) -> 7 | Q6: =SUMPRODUCT(($Q$13:$Q$62=$B$13:$B$62)+($Q$13:$Q$62=$C$13:$C$62)+($Q$13:$Q$62=$D$13:$D$62)+($Q$13:$Q$62=$E$13:$E$62)+($Q$13:$Q$62=$F$13:$F$62)+($Q$13:$Q$62=$G$13:$G$62)) -> 8 | R6: =SUMPRODUCT(($R$13:$R$62=$B$13:$B$62)+($R$13:$R$62=$C$13:$C$62)+($R$13:$R$62=$D$13:$D$62)+($R$13:$R$62=$E$13:$E$62)+($R$13:$R$62=$F$13:$F$62)+($R$13:$R$62=$G$13:$G$62)) -> 3 | S6: =SUMPRODUCT(($S$13:$S$62=$B$13:$B$62)+($S$13:$S$62=$C$13:$C$62)+($S$13:$S$62=$D$13:$D$62)+($S$13:$S$62=$E$13:$E$62)+($S$13:$S$62=$F$13:$F$62)+($S$13:$S$62=$G$13:$G$62)) -> 5 | T6: =SUMPRODUCT(($T$13:$T$62=$B$13:$B$62)+($T$13:$T$62=$C$13:$C$62)+($T$13:$T$62=$D$13:$D$62)+($T$13:$T$62=$E$13:$E$62)+($T$13:$T$62=$F$13:$F$62)+($T$13:$T$62=$G$13:$G$62)) -> 7 | U6: =SUMPRODUCT(($U$13:$U$62=$B$13:$B$62)+($U$13:$U$62=$C$13:$C$62)+($U$13:$U$62=$D$13:$D$62)+($U$13:$U$62=$E$13:$E$62)+($U$13:$U$62=$F$13:$F$62)+($U$13:$U$62=$G$13:$G$62)) -> 7 | V6: =SUMPRODUCT(($V$13:$V$62=$B$13:$B$62)+($V$13:$V$62=$C$13:$C$62)+($V$13:$V$62=$D$13:$D$62)+($V$13:$V$62=$E$13:$E$62)+($V$13:$V$62=$F$13:$F$62)+($V$13:$V$62=$G$13:$G$62)) -> 8 | W6: =SUMPRODUCT(($W$13:$W$62=$B$13:$B$62)+($W$13:$W$62=$C$13:$C$62)+($W$13:$W$62=$D$13:$D$62)+($W$13:$W$62=$E$13:$E$62)+($W$13:$W$62=$F$13:$F$62)+($W$13:$W$62=$G$13:$G$62)) -> 7 | X6: =SUMPRODUCT(($X$13:$X$62=$B$13:$B$62)+($X$13:$X$62=$C$13:$C$62)+($X$13:$X$62=$D$13:$D$62)+($X$13:$X$62=$E$13:$E$62)+($X$13:$X$62=$F$13:$F$62)+($X$13:$X$62=$G$13:$G$62)) -> 7 | Y6: =SUMPRODUCT(($Y$13:$Y$62=$B$13:$B$62)+($Y$13:$Y$62=$C$13:$C$62)+($Y$13:$Y$62=$D$13:$D$62)+($Y$13:$Y$62=$E$13:$E$62)+($Y$13:$Y$62=$F$13:$F$62)+($Y$13:$Y$62=$G$13:$G$62)) -> 8 | Z6: =SUMPRODUCT(($Z$13:$Z$62=$B$13:$B$62)+($Z$13:$Z$62=$C$13:$C$62)+($Z$13:$Z$62=$D$13:$D$62)+($Z$13:$Z$62=$E$13:$E$62)+($Z$13:$Z$62=$F$13:$F$62)+($Z$13:$Z$62=$G$13:$G$62)) -> 7 | AA6: =SUMPRODUCT(($AA$13:$AA$62=$B$13:$B$62)+($AA$13:$AA$62=$C$13:$C$62)+($AA$13:$AA$62=$D$13:$D$62)+($AA$13:$AA$62=$E$13:$E$62)+($AA$13:$AA$62=$F$13:$F$62)+($AA$13:$AA$62=$G$13:$G$62)) -> 9 | AB6: =SUMPRODUCT(($AB$13:$AB$62=$B$13:$B$62)+($AB$13:$AB$62=$C$13:$C$62)+($AB$13:$AB$62=$D$13:$D$62)+($AB$13:$AB$62=$E$13:$E$62)+($AB$13:$AB$62=$F$13:$F$62)+($AB$13:$AB$62=$G$13:$G$62)) -> 9 | AC6: =SUMPRODUCT(($AC$13:$AC$62=$B$13:$B$62)+($AC$13:$AC$62=$C$13:$C$62)+($AC$13:$AC$62=$D$13:$D$62)+($AC$13:$AC$62=$E$13:$E$62)+($AC$13:$AC$62=$F$13:$F$62)+($AC$13:$AC$62=$G$13:$G$62)) -> 7 | AD6: =SUMPRODUCT(($AD$13:$AD$62=$B$13:$B$62)+($AD$13:$AD$62=$C$13:$C$62)+($AD$13:$AD$62=$D$13:$D$62)+($AD$13:$AD$62=$E$13:$E$62)+($AD$13:$AD$62=$F$13:$F$62)+($AD$13:$AD$62=$G$13:$G$62)) -> 5 | AE6: =SUMPRODUCT(($AE$13:$AE$62=$B$13:$B$62)+($AE$13:$AE$62=$C$13:$C$62)+($AE$13:$AE$62=$D$13:$D$62)+($AE$13:$AE$62=$E$13:$E$62)+($AE$13:$AE$62=$F$13:$F$62)+($AE$13:$AE$62=$G$13:$G$62)) -> 7 | AF6: =SUMPRODUCT(($AF$13:$AF$62=$B$13:$B$62)+($AF$13:$AF$62=$C$13:$C$62)+($AF$13:$AF$62=$D$13:$D$62)+($AF$13:$AF$62=$E$13:$E$62)+($AF$13:$AF$62=$F$13:$F$62)+($AF$13:$AF$62=$G$13:$G$62)) -> 8 | AG6: =SUMPRODUCT(($AG$13:$AG$62=$B$13:$B$62)+($AG$13:$AG$62=$C$13:$C$62)+($AG$13:$AG$62=$D$13:$D$62)+($AG$13:$AG$62=$E$13:$E$62)+($AG$13:$AG$62=$F$13:$F$62)+($AG$13:$AG$62=$G$13:$G$62)) -> 12 | AH6: =SUMPRODUCT(($AH$13:$AH$62=$B$13:$B$62)+($AH$13:$AH$62=$C$13:$C$62)+($AH$13:$AH$62=$D$13:$D$62)+($AH$13:$AH$62=$E$13:$E$62)+($AH$13:$AH$62=$F$13:$F$62)+($AH$13:$AH$62=$G$13:$G$62)) -> 6 | AI6: =SUMPRODUCT(($AI$13:$AI$62=$B$13:$B$62)+($AI$13:$AI$62=$C$13:$C$62)+($AI$13:$AI$62=$D$13:$D$62)+($AI$13:$AI$62=$E$13:$E$62)+($AI$13:$AI$62=$F$13:$F$62)+($AI$13:$AI$62=$G$13:$G$62)) -> 8 | AJ6: =SUMPRODUCT(($AJ$13:$AJ$62=$B$13:$B$62)+($AJ$13:$AJ$62=$C$13:$C$62)+($AJ$13:$AJ$62=$D$13:$D$62)+($AJ$13:$AJ$62=$E$13:$E$62)+($AJ$13:$AJ$62=$F$13:$F$62)+($AJ$13:$AJ$62=$G$13:$G$62)) -> 6 | AK6: =SUMPRODUCT(($AK$13:$AK$62=$B$13:$B$62)+($AK$13:$AK$62=$C$13:$C$62)+($AK$13:$AK$62=$D$13:$D$62)+($AK$13:$AK$62=$E$13:$E$62)+($AK$13:$AK$62=$F$13:$F$62)+($AK$13:$AK$62=$G$13:$G$62)) -> 8 | AL6: =SUMPRODUCT(($AL$13:$AL$62=$B$13:$B$62)+($AL$13:$AL$62=$C$13:$C$62)+($AL$13:$AL$62=$D$13:$D$62)+($AL$13:$AL$62=$E$13:$E$62)+($AL$13:$AL$62=$F$13:$F$62)+($AL$13:$AL$62=$G$13:$G$62)) -> 7 | AM6: =SUMPRODUCT(($AM$13:$AM$62=$B$13:$B$62)+($AM$13:$AM$62=$C$13:$C$62)+($AM$13:$AM$62=$D$13:$D$62)+($AM$13:$AM$62=$E$13:$E$62)+($AM$13:$AM$62=$F$13:$F$62)+($AM$13:$AM$62=$G$13:$G$62)) -> 4 | AN6: =SUMPRODUCT(($AN$13:$AN$62=$B$13:$B$62)+($AN$13:$AN$62=$C$13:$C$62)+($AN$13:$AN$62=$D$13:$D$62)+($AN$13:$AN$62=$E$13:$E$62)+($AN$13:$AN$62=$F$13:$F$62)+($AN$13:$AN$62=$G$13:$G$62)) -> 8 | AO6: =SUMPRODUCT(($AO$13:$AO$62=$B$13:$B$62)+($AO$13:$AO$62=$C$13:$C$62)+($AO$13:$AO$62=$D$13:$D$62)+($AO$13:$AO$62=$E$13:$E$62)+($AO$13:$AO$62=$F$13:$F$62)+($AO$13:$AO$62=$G$13:$G$62)) -> 8 | AP6: =SUMPRODUCT(($AP$13:$AP$62=$B$13:$B$62)+($AP$13:$AP$62=$C$13:$C$62)+($AP$13:$AP$62=$D$13:$D$62)+($AP$13:$AP$62=$E$13:$E$62)+($AP$13:$AP$62=$F$13:$F$62)+($AP$13:$AP$62=$G$13:$G$62)) -> 5 | AQ6: =SUMPRODUCT(($AQ$13:$AQ$62=$B$13:$B$62)+($AQ$13:$AQ$62=$C$13:$C$62)+($AQ$13:$AQ$62=$D$13:$D$62)+($AQ$13:$AQ$62=$E$13:$E$62)+($AQ$13:$AQ$62=$F$13:$F$62)+($AQ$13:$AQ$62=$G$13:$G$62)) -> 6 | AR6: =SUMPRODUCT(($AR$13:$AR$62=$B$13:$B$62)+($AR$13:$AR$62=$C$13:$C$62)+($AR$13:$AR$62=$D$13:$D$62)+($AR$13:$AR$62=$E$13:$E$62)+($AR$13:$AR$62=$F$13:$F$62)+($AR$13:$AR$62=$G$13:$G$62)) -> 6 | AS6: =SUMPRODUCT(($AS$13:$AS$62=$B$13:$B$62)+($AS$13:$AS$62=$C$13:$C$62)+($AS$13:$AS$62=$D$13:$D$62)+($AS$13:$AS$62=$E$13:$E$62)+($AS$13:$AS$62=$F$13:$F$62)+($AS$13:$AS$62=$G$13:$G$62)) -> 4 | AT6: =SUMPRODUCT(($AT$13:$AT$62=$B$13:$B$62)+($AT$13:$AT$62=$C$13:$C$62)+($AT$13:$AT$62=$D$13:$D$62)+($AT$13:$AT$62=$E$13:$E$62)+($AT$13:$AT$62=$F$13:$F$62)+($AT$13:$AT$62=$G$13:$G$62)) -> 6 | AU6: =SUMPRODUCT(($AU$13:$AU$62=$B$13:$B$62)+($AU$13:$AU$62=$C$13:$C$62)+($AU$13:$AU$62=$D$13:$D$62)+($AU$13:$AU$62=$E$13:$E$62)+($AU$13:$AU$62=$F$13:$F$62)+($AU$13:$AU$62=$G$13:$G$62)) -> 7 | AV6: =SUMPRODUCT(($AV$13:$AV$62=$B$13:$B$62)+($AV$13:$AV$62=$C$13:$C$62)+($AV$13:$AV$62=$D$13:$D$62)+($AV$13:$AV$62=$E$13:$E$62)+($AV$13:$AV$62=$F$13:$F$62)+($AV$13:$AV$62=$G$13:$G$62)) -> 7 | AW6: =SUMPRODUCT(($AW$13:$AW$62=$B$13:$B$62)+($AW$13:$AW$62=$C$13:$C$62)+($AW$13:$AW$62=$D$13:$D$62)+($AW$13:$AW$62=$E$13:$E$62)+($AW$13:$AW$62=$F$13:$F$62)+($AW$13:$AW$62=$G$13:$G$62)) -> 11 | AX6: =SUMPRODUCT(($AX$13:$AX$62=$B$13:$B$62)+($AX$13:$AX$62=$C$13:$C$62)+($AX$13:$AX$62=$D$13:$D$62)+($AX$13:$AX$62=$E$13:$E$62)+($AX$13:$AX$62=$F$13:$F$62)+($AX$13:$AX$62=$G$13:$G$62)) -> 1 | AY6: =SUMPRODUCT(($AY$13:$AY$62=$B$13:$B$62)+($AY$13:$AY$62=$C$13:$C$62)+($AY$13:$AY$62=$D$13:$D$62)+($AY$13:$AY$62=$E$13:$E$62)+($AY$13:$AY$62=$F$13:$F$62)+($AY$13:$AY$62=$G$13:$G$62)) -> 5 | AZ6: =SUMPRODUCT(($AZ$13:$AZ$62=$B$13:$B$62)+($AZ$13:$AZ$62=$C$13:$C$62)+($AZ$13:$AZ$62=$D$13:$D$62)+($AZ$13:$AZ$62=$E$13:$E$62)+($AZ$13:$AZ$62=$F$13:$F$62)+($AZ$13:$AZ$62=$G$13:$G$62)) -> 4 | BA6: =SUMPRODUCT(($BA$13:$BA$62=$B$13:$B$62)+($BA$13:$BA$62=$C$13:$C$62)+($BA$13:$BA$62=$D$13:$D$62)+($BA$13:$BA$62=$E$13:$E$62)+($BA$13:$BA$62=$F$13:$F$62)+($BA$13:$BA$62=$G$13:$G$62)) -> 8 | BB6: =SUMPRODUCT(($BB$13:$BB$62=$B$13:$B$62)+($BB$13:$BB$62=$C$13:$C$62)+($BB$13:$BB$62=$D$13:$D$62)+($BB$13:$BB$62=$E$13:$E$62)+($BB$13:$BB$62=$F$13:$F$62)+($BB$13:$BB$62=$G$13:$G$62)) -> 6 | BC6: =SUMPRODUCT(($BC$13:$BC$62=$B$13:$B$62)+($BC$13:$BC$62=$C$13:$C$62)+($BC$13:$BC$62=$D$13:$D$62)+($BC$13:$BC$62=$E$13:$E$62)+($BC$13:$BC$62=$F$13:$F$62)+($BC$13:$BC$62=$G$13:$G$62)) -> 4 | BD6: =SUMPRODUCT(($BD$13:$BD$62=$B$13:$B$62)+($BD$13:$BD$62=$C$13:$C$62)+($BD$13:$BD$62=$D$13:$D$62)+($BD$13:$BD$62=$E$13:$E$62)+($BD$13:$BD$62=$F$13:$F$62)+($BD$13:$BD$62=$G$13:$G$62)) -> 4
A7: 4 | B7: =INDEX($L$1:$BD$1,MATCH(A7,$L$5:$BD$5,0)) -> 11
A8: 5 | B8: =INDEX($L$1:$BD$1,MATCH(A8,$L$5:$BD$5,0)) -> 12
A9: ▼ 회차별 후보숫자 순위표 (자동 재계산 — B1 변경 시 전체 회차 재계산됨)
A10: 회차 | B10: 1구 | C10: 2구 | D10: 3구 | E10: 4구 | F10: 5구 | G10: 6구 | H10: 보너스 | L10: 상위(1~15위) | AA10: 중위(16~30위) | AP10: 하위(31~45위)
A11: 회차 | B11: 1구 | C11: 2구 | D11: 3구 | E11: 4구 | F11: 5구 | G11: 6구 | H11: 보너스 | I11: 상위 | J11: 중위 | K11: 하위 | L11: 1 | M11: 2 | N11: 3 | O11: 4 | P11: 5 | Q11: 6 | R11: 7 | S11: 8 | T11: 9 | U11: 10 | V11: 11 | W11: 12 | X11: 13 | Y11: 14 | Z11: 15 | AA11: 16 | AB11: 17 | AC11: 18 | AD11: 19 | AE11: 20 | AF11: 21 | AG11: 22 | AH11: 23 | AI11: 24 | AJ11: 25 | AK11: 26 | AL11: 27 | AM11: 28 | AN11: 29 | AO11: 30 | AP11: 31 | AQ11: 32 | AR11: 33 | AS11: 34 | AT11: 35 | AU11: 36 | AV11: 37 | AW11: 38 | AX11: 39 | AY11: 40 | AZ11: 41 | BA11: 42 | BB11: 43 | BC11: 44 | BD11: 45
A12: =MAX(전체당첨내역!$A$2:$A$1500)+1 -> 1244 | B12: =IFERROR(INDEX(전체당첨내역!$B:$B,MATCH($A12,전체당첨내역!$A:$A,0)),"") | C12: =IFERROR(INDEX(전체당첨내역!$C:$C,MATCH($A12,전체당첨내역!$A:$A,0)),"") | D12: =IFERROR(INDEX(전체당첨내역!$D:$D,MATCH($A12,전체당첨내역!$A:$A,0)),"") | E12: =IFERROR(INDEX(전체당첨내역!$E:$E,MATCH($A12,전체당첨내역!$A:$A,0)),"") | F12: =IFERROR(INDEX(전체당첨내역!$F:$F,MATCH($A12,전체당첨내역!$A:$A,0)),"") | G12: =IFERROR(INDEX(전체당첨내역!$G:$G,MATCH($A12,전체당첨내역!$A:$A,0)),"") | H12: =IFERROR(INDEX(전체당첨내역!$H:$H,MATCH($A12,전체당첨내역!$A:$A,0)),"") | I12: =IFERROR((INDEX(_calc_기준100!$CN$2:$EF$2,1,$B12)>0)*(INDEX(_calc_기준100!$CN$2:$EF$2,1,$B12)<=15)+(INDEX(_calc_기준100!$CN$2:$EF$2,1,$C12)>0)*(INDEX(_calc_기준100!$CN$2:$EF$2,1,$C12)<=15)+(INDEX(_calc_기준100!$CN$2:$EF$2,1,$D12)>0)*(INDEX(_calc_기준100!$CN$2:$EF$2,1,$D12)<=15)+(INDEX(_calc_기준100!$CN$2:$EF$2,1,$E12)>0)*(INDEX(_calc_기준100!$CN$2:$EF$2,1,$E12)<=15)+(INDEX(_calc_기준100!$CN$2:$EF$2,1,$F12)>0)*(INDEX(_calc_기준100!$CN$2:$EF$2,1,$F12)<=15)+(INDEX(_calc_기준100!$CN$2:$EF$2,1,$G12)>0)*(INDEX(_calc_기준100!$CN$2:$EF$2,1,$G12)<=15),"") | J12: =IFERROR((INDEX(_calc_기준100!$CN$2:$EF$2,1,$B12)>15)*(INDEX(_calc_기준100!$CN$2:$EF$2,1,$B12)<=30)+(INDEX(_calc_기준100!$CN$2:$EF$2,1,$C12)>15)*(INDEX(_calc_기준100!$CN$2:$EF$2,1,$C12)<=30)+(INDEX(_calc_기준100!$CN$2:$EF$2,1,$D12)>15)*(INDEX(_calc_기준100!$CN$2:$EF$2,1,$D12)<=30)+(INDEX(_calc_기준100!$CN$2:$EF$2,1,$E12)>15)*(INDEX(_calc_기준100!$CN$2:$EF$2,1,$E12)<=30)+(INDEX(_calc_기준100!$CN$2:$EF$2,1,$F12)>15)*(INDEX(_calc_기준100!$CN$2:$EF$2,1,$F12)<=30)+(INDEX(_calc_기준100!$CN$2:$EF$2,1,$G12)>15)*(INDEX(_calc_기준100!$CN$2:$EF$2,1,$G12)<=30),"") | K12: =IFERROR((INDEX(_calc_기준100!$CN$2:$EF$2,1,$B12)>30)+(INDEX(_calc_기준100!$CN$2:$EF$2,1,$C12)>30)+(INDEX(_calc_기준100!$CN$2:$EF$2,1,$D12)>30)+(INDEX(_calc_기준100!$CN$2:$EF$2,1,$E12)>30)+(INDEX(_calc_기준100!$CN$2:$EF$2,1,$F12)>30)+(INDEX(_calc_기준100!$CN$2:$EF$2,1,$G12)>30),"") | L12: =IFERROR(MATCH(L$11,_calc_기준100!$CN$2:$EF$2,0),"") -> 6 | M12: =IFERROR(MATCH(M$11,_calc_기준100!$CN$2:$EF$2,0),"") -> 37 | N12: =IFERROR(MATCH(N$11,_calc_기준100!$CN$2:$EF$2,0),"") -> 39 | O12: =IFERROR(MATCH(O$11,_calc_기준100!$CN$2:$EF$2,0),"") -> 11 | P12: =IFERROR(MATCH(P$11,_calc_기준100!$CN$2:$EF$2,0),"") -> 12 | Q12: =IFERROR(MATCH(Q$11,_calc_기준100!$CN$2:$EF$2,0),"") -> 23 | R12: =IFERROR(MATCH(R$11,_calc_기준100!$CN$2:$EF$2,0),"") -> 9 | S12: =IFERROR(MATCH(S$11,_calc_기준100!$CN$2:$EF$2,0),"") -> 7 | ... BD12: =IFERROR(MATCH(BD$11,_calc_기준100!$CN$2:$EF$2,0),"") -> 1
A13: =MAX(전체당첨내역!$A$2:$A$1500) -> 1243 | B13: =IFERROR(INDEX(전체당첨내역!$B:$B,MATCH($A13,전체당첨내역!$A:$A,0)),"") -> 9 | C13: =IFERROR(INDEX(전체당첨내역!$C:$C,MATCH($A13,전체당첨내역!$A:$A,0)),"") -> 18 | D13: =IFERROR(INDEX(전체당첨내역!$D:$D,MATCH($A13,전체당첨내역!$A:$A,0)),"") -> 24 | E13: =IFERROR(INDEX(전체당첨내역!$E:$E,MATCH($A13,전체당첨내역!$A:$A,0)),"") -> 38 | F13: =IFERROR(INDEX(전체당첨내역!$F:$F,MATCH($A13,전체당첨내역!$A:$A,0)),"") -> 43 | G13: =IFERROR(INDEX(전체당첨내역!$G:$G,MATCH($A13,전체당첨내역!$A:$A,0)),"") -> 44 | H13: =IFERROR(INDEX(전체당첨내역!$H:$H,MATCH($A13,전체당첨내역!$A:$A,0)),"") -> 35 | I13: =IFERROR((INDEX(_calc_기준100!$CN$3:$EF$3,1,$B13)>0)*(INDEX(_calc_기준100!$CN$3:$EF$3,1,$B13)<=15)+(INDEX(_calc_기준100!$CN$3:$EF$3,1,$C13)>0)*(INDEX(_calc_기준100!$CN$3:$EF$3,1,$C13)<=15)+(INDEX(_calc_기준100!$CN$3:$EF$3,1,$D13)>0)*(INDEX(_calc_기준100!$CN$3:$EF$3,1,$D13)<=15)+(INDEX(_calc_기준100!$CN$3:$EF$3,1,$E13)>0)*(INDEX(_calc_기준100!$CN$3:$EF$3,1,$E13)<=15)+(INDEX(_calc_기준100!$CN$3:$EF$3,1,$F13)>0)*(INDEX(_calc_기준100!$CN$3:$EF$3,1,$F13)<=15)+(INDEX(_calc_기준100!$CN$3:$EF$3,1,$G13)>0)*(INDEX(_calc_기준100!$CN$3:$EF$3,1,$G13)<=15),"") -> 1 | J13: =IFERROR((INDEX(_calc_기준100!$CN$3:$EF$3,1,$B13)>15)*(INDEX(_calc_기준100!$CN$3:$EF$3,1,$B13)<=30)+(INDEX(_calc_기준100!$CN$3:$EF$3,1,$C13)>15)*(INDEX(_calc_기준100!$CN$3:$EF$3,1,$C13)<=30)+(INDEX(_calc_기준100!$CN$3:$EF$3,1,$D13)>15)*(INDEX(_calc_기준100!$CN$3:$EF$3,1,$D13)<=30)+(INDEX(_calc_기준100!$CN$3:$EF$3,1,$E13)>15)*(INDEX(_calc_기준100!$CN$3:$EF$3,1,$E13)<=30)+(INDEX(_calc_기준100!$CN$3:$EF$3,1,$F13)>15)*(INDEX(_calc_기준100!$CN$3:$EF$3,1,$F13)<=30)+(INDEX(_calc_기준100!$CN$3:$EF$3,1,$G13)>15)*(INDEX(_calc_기준100!$CN$3:$EF$3,1,$G13)<=30),"") -> 2 | K13: =IFERROR((INDEX(_calc_기준100!$CN$3:$EF$3,1,$B13)>30)+(INDEX(_calc_기준100!$CN$3:$EF$3,1,$C13)>30)+(INDEX(_calc_기준100!$CN$3:$EF$3,1,$D13)>30)+(INDEX(_calc_기준100!$CN$3:$EF$3,1,$E13)>30)+(INDEX(_calc_기준100!$CN$3:$EF$3,1,$F13)>30)+(INDEX(_calc_기준100!$CN$3:$EF$3,1,$G13)>30),"") -> 3 | L13: =IFERROR(MATCH(L$11,_calc_기준100!$CN$3:$EF$3,0),"") -> 37 | M13: =IFERROR(MATCH(M$11,_calc_기준100!$CN$3:$EF$3,0),"") -> 39 | N13: =IFERROR(MATCH(N$11,_calc_기준100!$CN$3:$EF$3,0),"") -> 11 | O13: =IFERROR(MATCH(O$11,_calc_기준100!$CN$3:$EF$3,0),"") -> 12 | P13: =IFERROR(MATCH(P$11,_calc_기준100!$CN$3:$EF$3,0),"") -> 23 | Q13: =IFERROR(MATCH(Q$11,_calc_기준100!$CN$3:$EF$3,0),"") -> 9 | R13: =IFERROR(MATCH(R$11,_calc_기준100!$CN$3:$EF$3,0),"") -> 7 | S13: =IFERROR(MATCH(S$11,_calc_기준100!$CN$3:$EF$3,0),"") -> 8 | ... BD13: =IFERROR(MATCH(BD$11,_calc_기준100!$CN$3:$EF$3,0),"") -> 33
A14: =A13-1 -> 1242 | B14: =IFERROR(INDEX(전체당첨내역!$B:$B,MATCH($A14,전체당첨내역!$A:$A,0)),"") -> 2 | C14: =IFERROR(INDEX(전체당첨내역!$C:$C,MATCH($A14,전체당첨내역!$A:$A,0)),"") -> 4 | D14: =IFERROR(INDEX(전체당첨내역!$D:$D,MATCH($A14,전체당첨내역!$A:$A,0)),"") -> 10 | E14: =IFERROR(INDEX(전체당첨내역!$E:$E,MATCH($A14,전체당첨내역!$A:$A,0)),"") -> 16 | F14: =IFERROR(INDEX(전체당첨내역!$F:$F,MATCH($A14,전체당첨내역!$A:$A,0)),"") -> 31 | G14: =IFERROR(INDEX(전체당첨내역!$G:$G,MATCH($A14,전체당첨내역!$A:$A,0)),"") -> 41 | H14: =IFERROR(INDEX(전체당첨내역!$H:$H,MATCH($A14,전체당첨내역!$A:$A,0)),"") -> 9 | I14: =IFERROR((INDEX(_calc_기준100!$CN$4:$EF$4,1,$B14)>0)*(INDEX(_calc_기준100!$CN$4:$EF$4,1,$B14)<=15)+(INDEX(_calc_기준100!$CN$4:$EF$4,1,$C14)>0)*(INDEX(_calc_기준100!$CN$4:$EF$4,1,$C14)<=15)+(INDEX(_calc_기준100!$CN$4:$EF$4,1,$D14)>0)*(INDEX(_calc_기준100!$CN$4:$EF$4,1,$D14)<=15)+(INDEX(_calc_기준100!$CN$4:$EF$4,1,$E14)>0)*(INDEX(_calc_기준100!$CN$4:$EF$4,1,$E14)<=15)+(INDEX(_calc_기준100!$CN$4:$EF$4,1,$F14)>0)*(INDEX(_calc_기준100!$CN$4:$EF$4,1,$F14)<=15)+(INDEX(_calc_기준100!$CN$4:$EF$4,1,$G14)>0)*(INDEX(_calc_기준100!$CN$4:$EF$4,1,$G14)<=15),"") -> 0 | J14: =IFERROR((INDEX(_calc_기준100!$CN$4:$EF$4,1,$B14)>15)*(INDEX(_calc_기준100!$CN$4:$EF$4,1,$B14)<=30)+(INDEX(_calc_기준100!$CN$4:$EF$4,1,$C14)>15)*(INDEX(_calc_기준100!$CN$4:$EF$4,1,$C14)<=30)+(INDEX(_calc_기준100!$CN$4:$EF$4,1,$D14)>15)*(INDEX(_calc_기준100!$CN$4:$EF$4,1,$D14)<=30)+(INDEX(_calc_기준100!$CN$4:$EF$4,1,$E14)>15)*(INDEX(_calc_기준100!$CN$4:$EF$4,1,$E14)<=30)+(INDEX(_calc_기준100!$CN$4:$EF$4,1,$F14)>15)*(INDEX(_calc_기준100!$CN$4:$EF$4,1,$F14)<=30)+(INDEX(_calc_기준100!$CN$4:$EF$4,1,$G14)>15)*(INDEX(_calc_기준100!$CN$4:$EF$4,1,$G14)<=30),"") -> 3 | K14: =IFERROR((INDEX(_calc_기준100!$CN$4:$EF$4,1,$B14)>30)+(INDEX(_calc_기준100!$CN$4:$EF$4,1,$C14)>30)+(INDEX(_calc_기준100!$CN$4:$EF$4,1,$D14)>30)+(INDEX(_calc_기준100!$CN$4:$EF$4,1,$E14)>30)+(INDEX(_calc_기준100!$CN$4:$EF$4,1,$F14)>30)+(INDEX(_calc_기준100!$CN$4:$EF$4,1,$G14)>30),"") -> 3 | L14: =IFERROR(MATCH(L$11,_calc_기준100!$CN$4:$EF$4,0),"") -> 37 | M14: =IFERROR(MATCH(M$11,_calc_기준100!$CN$4:$EF$4,0),"") -> 11 | N14: =IFERROR(MATCH(N$11,_calc_기준100!$CN$4:$EF$4,0),"") -> 12 | O14: =IFERROR(MATCH(O$11,_calc_기준100!$CN$4:$EF$4,0),"") -> 7 | P14: =IFERROR(MATCH(P$11,_calc_기준100!$CN$4:$EF$4,0),"") -> 8 | Q14: =IFERROR(MATCH(Q$11,_calc_기준100!$CN$4:$EF$4,0),"") -> 9 | R14: =IFERROR(MATCH(R$11,_calc_기준100!$CN$4:$EF$4,0),"") -> 17 | S14: =IFERROR(MATCH(S$11,_calc_기준100!$CN$4:$EF$4,0),"") -> 26 | ... BD14: =IFERROR(MATCH(BD$11,_calc_기준100!$CN$4:$EF$4,0),"") -> 33
A15: =A14-1 -> 1241 | B15: =IFERROR(INDEX(전체당첨내역!$B:$B,MATCH($A15,전체당첨내역!$A:$A,0)),"") -> 7 | C15: =IFERROR(INDEX(전체당첨내역!$C:$C,MATCH($A15,전체당첨내역!$A:$A,0)),"") -> 13 | D15: =IFERROR(INDEX(전체당첨내역!$D:$D,MATCH($A15,전체당첨내역!$A:$A,0)),"") -> 16 | E15: =IFERROR(INDEX(전체당첨내역!$E:$E,MATCH($A15,전체당첨내역!$A:$A,0)),"") -> 23 | F15: =IFERROR(INDEX(전체당첨내역!$F:$F,MATCH($A15,전체당첨내역!$A:$A,0)),"") -> 24 | G15: =IFERROR(INDEX(전체당첨내역!$G:$G,MATCH($A15,전체당첨내역!$A:$A,0)),"") -> 43 | H15: =IFERROR(INDEX(전체당첨내역!$H:$H,MATCH($A15,전체당첨내역!$A:$A,0)),"") -> 9 | I15: =IFERROR((INDEX(_calc_기준100!$CN$5:$EF$5,1,$B15)>0)*(INDEX(_calc_기준100!$CN$5:$EF$5,1,$B15)<=15)+(INDEX(_calc_기준100!$CN$5:$EF$5,1,$C15)>0)*(INDEX(_calc_기준100!$CN$5:$EF$5,1,$C15)<=15)+(INDEX(_calc_기준100!$CN$5:$EF$5,1,$D15)>0)*(INDEX(_calc_기준100!$CN$5:$EF$5,1,$D15)<=15)+(INDEX(_calc_기준100!$CN$5:$EF$5,1,$E15)>0)*(INDEX(_calc_기준100!$CN$5:$EF$5,1,$E15)<=15)+(INDEX(_calc_기준100!$CN$5:$EF$5,1,$F15)>0)*(INDEX(_calc_기준100!$CN$5:$EF$5,1,$F15)<=15)+(INDEX(_calc_기준100!$CN$5:$EF$5,1,$G15)>0)*(INDEX(_calc_기준100!$CN$5:$EF$5,1,$G15)<=15),"") -> 2 | J15: =IFERROR((INDEX(_calc_기준100!$CN$5:$EF$5,1,$B15)>15)*(INDEX(_calc_기준100!$CN$5:$EF$5,1,$B15)<=30)+(INDEX(_calc_기준100!$CN$5:$EF$5,1,$C15)>15)*(INDEX(_calc_기준100!$CN$5:$EF$5,1,$C15)<=30)+(INDEX(_calc_기준100!$CN$5:$EF$5,1,$D15)>15)*(INDEX(_calc_기준100!$CN$5:$EF$5,1,$D15)<=30)+(INDEX(_calc_기준100!$CN$5:$EF$5,1,$E15)>15)*(INDEX(_calc_기준100!$CN$5:$EF$5,1,$E15)<=30)+(INDEX(_calc_기준100!$CN$5:$EF$5,1,$F15)>15)*(INDEX(_calc_기준100!$CN$5:$EF$5,1,$F15)<=30)+(INDEX(_calc_기준100!$CN$5:$EF$5,1,$G15)>15)*(INDEX(_calc_기준100!$CN$5:$EF$5,1,$G15)<=30),"") -> 3 | K15: =IFERROR((INDEX(_calc_기준100!$CN$5:$EF$5,1,$B15)>30)+(INDEX(_calc_기준100!$CN$5:$EF$5,1,$C15)>30)+(INDEX(_calc_기준100!$CN$5:$EF$5,1,$D15)>30)+(INDEX(_calc_기준100!$CN$5:$EF$5,1,$E15)>30)+(INDEX(_calc_기준100!$CN$5:$EF$5,1,$F15)>30)+(INDEX(_calc_기준100!$CN$5:$EF$5,1,$G15)>30),"") -> 1 | L15: =IFERROR(MATCH(L$11,_calc_기준100!$CN$5:$EF$5,0),"") -> 37 | M15: =IFERROR(MATCH(M$11,_calc_기준100!$CN$5:$EF$5,0),"") -> 7 | N15: =IFERROR(MATCH(N$11,_calc_기준100!$CN$5:$EF$5,0),"") -> 26 | O15: =IFERROR(MATCH(O$11,_calc_기준100!$CN$5:$EF$5,0),"") -> 35 | P15: =IFERROR(MATCH(P$11,_calc_기준100!$CN$5:$EF$5,0),"") -> 8 | Q15: =IFERROR(MATCH(Q$11,_calc_기준100!$CN$5:$EF$5,0),"") -> 9 | R15: =IFERROR(MATCH(R$11,_calc_기준100!$CN$5:$EF$5,0),"") -> 11 | S15: =IFERROR(MATCH(S$11,_calc_기준100!$CN$5:$EF$5,0),"") -> 12 | ... BD15: =IFERROR(MATCH(BD$11,_calc_기준100!$CN$5:$EF$5,0),"") -> 1
A16: =A15-1 -> 1240 | B16: =IFERROR(INDEX(전체당첨내역!$B:$B,MATCH($A16,전체당첨내역!$A:$A,0)),"") -> 11 | C16: =IFERROR(INDEX(전체당첨내역!$C:$C,MATCH($A16,전체당첨내역!$A:$A,0)),"") -> 13 | D16: =IFERROR(INDEX(전체당첨내역!$D:$D,MATCH($A16,전체당첨내역!$A:$A,0)),"") -> 19 | E16: =IFERROR(INDEX(전체당첨내역!$E:$E,MATCH($A16,전체당첨내역!$A:$A,0)),"") -> 20 | F16: =IFERROR(INDEX(전체당첨내역!$F:$F,MATCH($A16,전체당첨내역!$A:$A,0)),"") -> 31 | G16: =IFERROR(INDEX(전체당첨내역!$G:$G,MATCH($A16,전체당첨내역!$A:$A,0)),"") -> 44 | H16: =IFERROR(INDEX(전체당첨내역!$H:$H,MATCH($A16,전체당첨내역!$A:$A,0)),"") -> 27 | I16: =IFERROR((INDEX(_calc_기준100!$CN$6:$EF$6,1,$B16)>0)*(INDEX(_calc_기준100!$CN$6:$EF$6,1,$B16)<=15)+(INDEX(_calc_기준100!$CN$6:$EF$6,1,$C16)>0)*(INDEX(_calc_기준100!$CN$6:$EF$6,1,$C16)<=15)+(INDEX(_calc_기준100!$CN$6:$EF$6,1,$D16)>0)*(INDEX(_calc_기준100!$CN$6:$EF$6,1,$D16)<=15)+(INDEX(_calc_기준100!$CN$6:$EF$6,1,$E16)>0)*(INDEX(_calc_기준100!$CN$6:$EF$6,1,$E16)<=15)+(INDEX(_calc_기준100!$CN$6:$EF$6,1,$F16)>0)*(INDEX(_calc_기준100!$CN$6:$EF$6,1,$F16)<=15)+(INDEX(_calc_기준100!$CN$6:$EF$6,1,$G16)>0)*(INDEX(_calc_기준100!$CN$6:$EF$6,1,$G16)<=15),"") -> 1 | J16: =IFERROR((INDEX(_calc_기준100!$CN$6:$EF$6,1,$B16)>15)*(INDEX(_calc_기준100!$CN$6:$EF$6,1,$B16)<=30)+(INDEX(_calc_기준100!$CN$6:$EF$6,1,$C16)>15)*(INDEX(_calc_기준100!$CN$6:$EF$6,1,$C16)<=30)+(INDEX(_calc_기준100!$CN$6:$EF$6,1,$D16)>15)*(INDEX(_calc_기준100!$CN$6:$EF$6,1,$D16)<=30)+(INDEX(_calc_기준100!$CN$6:$EF$6,1,$E16)>15)*(INDEX(_calc_기준100!$CN$6:$EF$6,1,$E16)<=30)+(INDEX(_calc_기준100!$CN$6:$EF$6,1,$F16)>15)*(INDEX(_calc_기준100!$CN$6:$EF$6,1,$F16)<=30)+(INDEX(_calc_기준100!$CN$6:$EF$6,1,$G16)>15)*(INDEX(_calc_기준100!$CN$6:$EF$6,1,$G16)<=30),"") -> 3 | K16: =IFERROR((INDEX(_calc_기준100!$CN$6:$EF$6,1,$B16)>30)+(INDEX(_calc_기준100!$CN$6:$EF$6,1,$C16)>30)+(INDEX(_calc_기준100!$CN$6:$EF$6,1,$D16)>30)+(INDEX(_calc_기준100!$CN$6:$EF$6,1,$E16)>30)+(INDEX(_calc_기준100!$CN$6:$EF$6,1,$F16)>30)+(INDEX(_calc_기준100!$CN$6:$EF$6,1,$G16)>30),"") -> 2 | L16: =IFERROR(MATCH(L$11,_calc_기준100!$CN$6:$EF$6,0),"") -> 37 | M16: =IFERROR(MATCH(M$11,_calc_기준100!$CN$6:$EF$6,0),"") -> 11 | N16: =IFERROR(MATCH(N$11,_calc_기준100!$CN$6:$EF$6,0),"") -> 7 | O16: =IFERROR(MATCH(O$11,_calc_기준100!$CN$6:$EF$6,0),"") -> 35 | P16: =IFERROR(MATCH(P$11,_calc_기준100!$CN$6:$EF$6,0),"") -> 29 | Q16: =IFERROR(MATCH(Q$11,_calc_기준100!$CN$6:$EF$6,0),"") -> 8 | R16: =IFERROR(MATCH(R$11,_calc_기준100!$CN$6:$EF$6,0),"") -> 12 | S16: =IFERROR(MATCH(S$11,_calc_기준100!$CN$6:$EF$6,0),"") -> 6 | ... BD16: =IFERROR(MATCH(BD$11,_calc_기준100!$CN$6:$EF$6,0),"") -> 1
A17: =A16-1 -> 1239 | B17: =IFERROR(INDEX(전체당첨내역!$B:$B,MATCH($A17,전체당첨내역!$A:$A,0)),"") -> 11 | C17: =IFERROR(INDEX(전체당첨내역!$C:$C,MATCH($A17,전체당첨내역!$A:$A,0)),"") -> 13 | D17: =IFERROR(INDEX(전체당첨내역!$D:$D,MATCH($A17,전체당첨내역!$A:$A,0)),"") -> 22 | E17: =IFERROR(INDEX(전체당첨내역!$E:$E,MATCH($A17,전체당첨내역!$A:$A,0)),"") -> 32 | F17: =IFERROR(INDEX(전체당첨내역!$F:$F,MATCH($A17,전체당첨내역!$A:$A,0)),"") -> 33 | G17: =IFERROR(INDEX(전체당첨내역!$G:$G,MATCH($A17,전체당첨내역!$A:$A,0)),"") -> 36 | H17: =IFERROR(INDEX(전체당첨내역!$H:$H,MATCH($A17,전체당첨내역!$A:$A,0)),"") -> 8 | I17: =IFERROR((INDEX(_calc_기준100!$CN$7:$EF$7,1,$B17)>0)*(INDEX(_calc_기준100!$CN$7:$EF$7,1,$B17)<=15)+(INDEX(_calc_기준100!$CN$7:$EF$7,1,$C17)>0)*(INDEX(_calc_기준100!$CN$7:$EF$7,1,$C17)<=15)+(INDEX(_calc_기준100!$CN$7:$EF$7,1,$D17)>0)*(INDEX(_calc_기준100!$CN$7:$EF$7,1,$D17)<=15)+(INDEX(_calc_기준100!$CN$7:$EF$7,1,$E17)>0)*(INDEX(_calc_기준100!$CN$7:$EF$7,1,$E17)<=15)+(INDEX(_calc_기준100!$CN$7:$EF$7,1,$F17)>0)*(INDEX(_calc_기준100!$CN$7:$EF$7,1,$F17)<=15)+(INDEX(_calc_기준100!$CN$7:$EF$7,1,$G17)>0)*(INDEX(_calc_기준100!$CN$7:$EF$7,1,$G17)<=15),"") -> 2 | J17: =IFERROR((INDEX(_calc_기준100!$CN$7:$EF$7,1,$B17)>15)*(INDEX(_calc_기준100!$CN$7:$EF$7,1,$B17)<=30)+(INDEX(_calc_기준100!$CN$7:$EF$7,1,$C17)>15)*(INDEX(_calc_기준100!$CN$7:$EF$7,1,$C17)<=30)+(INDEX(_calc_기준100!$CN$7:$EF$7,1,$D17)>15)*(INDEX(_calc_기준100!$CN$7:$EF$7,1,$D17)<=30)+(INDEX(_calc_기준100!$CN$7:$EF$7,1,$E17)>15)*(INDEX(_calc_기준100!$CN$7:$EF$7,1,$E17)<=30)+(INDEX(_calc_기준100!$CN$7:$EF$7,1,$F17)>15)*(INDEX(_calc_기준100!$CN$7:$EF$7,1,$F17)<=30)+(INDEX(_calc_기준100!$CN$7:$EF$7,1,$G17)>15)*(INDEX(_calc_기준100!$CN$7:$EF$7,1,$G17)<=30),"") -> 2 | K17: =IFERROR((INDEX(_calc_기준100!$CN$7:$EF$7,1,$B17)>30)+(INDEX(_calc_기준100!$CN$7:$EF$7,1,$C17)>30)+(INDEX(_calc_기준100!$CN$7:$EF$7,1,$D17)>30)+(INDEX(_calc_기준100!$CN$7:$EF$7,1,$E17)>30)+(INDEX(_calc_기준100!$CN$7:$EF$7,1,$F17)>30)+(INDEX(_calc_기준100!$CN$7:$EF$7,1,$G17)>30),"") -> 2 | L17: =IFERROR(MATCH(L$11,_calc_기준100!$CN$7:$EF$7,0),"") -> 7 | M17: =IFERROR(MATCH(M$11,_calc_기준100!$CN$7:$EF$7,0),"") -> 8 | N17: =IFERROR(MATCH(N$11,_calc_기준100!$CN$7:$EF$7,0),"") -> 12 | O17: =IFERROR(MATCH(O$11,_calc_기준100!$CN$7:$EF$7,0),"") -> 37 | P17: =IFERROR(MATCH(P$11,_calc_기준100!$CN$7:$EF$7,0),"") -> 11 | Q17: =IFERROR(MATCH(Q$11,_calc_기준100!$CN$7:$EF$7,0),"") -> 40 | R17: =IFERROR(MATCH(R$11,_calc_기준100!$CN$7:$EF$7,0),"") -> 6 | S17: =IFERROR(MATCH(S$11,_calc_기준100!$CN$7:$EF$7,0),"") -> 25 | ... BD17: =IFERROR(MATCH(BD$11,_calc_기준100!$CN$7:$EF$7,0),"") -> 1
A18: =A17-1 -> 1238 | B18: =IFERROR(INDEX(전체당첨내역!$B:$B,MATCH($A18,전체당첨내역!$A:$A,0)),"") -> 2 | C18: =IFERROR(INDEX(전체당첨내역!$C:$C,MATCH($A18,전체당첨내역!$A:$A,0)),"") -> 13 | D18: =IFERROR(INDEX(전체당첨내역!$D:$D,MATCH($A18,전체당첨내역!$A:$A,0)),"") -> 18 | E18: =IFERROR(INDEX(전체당첨내역!$E:$E,MATCH($A18,전체당첨내역!$A:$A,0)),"") -> 32 | F18: =IFERROR(INDEX(전체당첨내역!$F:$F,MATCH($A18,전체당첨내역!$A:$A,0)),"") -> 38 | G18: =IFERROR(INDEX(전체당첨내역!$G:$G,MATCH($A18,전체당첨내역!$A:$A,0)),"") -> 42 | H18: =IFERROR(INDEX(전체당첨내역!$H:$H,MATCH($A18,전체당첨내역!$A:$A,0)),"") -> 22 | I18: =IFERROR((INDEX(_calc_기준100!$CN$8:$EF$8,1,$B18)>0)*(INDEX(_calc_기준100!$CN$8:$EF$8,1,$B18)<=15)+(INDEX(_calc_기준100!$CN$8:$EF$8,1,$C18)>0)*(INDEX(_calc_기준100!$CN$8:$EF$8,1,$C18)<=15)+(INDEX(_calc_기준100!$CN$8:$EF$8,1,$D18)>0)*(INDEX(_calc_기준100!$CN$8:$EF$8,1,$D18)<=15)+(INDEX(_calc_기준100!$CN$8:$EF$8,1,$E18)>0)*(INDEX(_calc_기준100!$CN$8:$EF$8,1,$E18)<=15)+(INDEX(_calc_기준100!$CN$8:$EF$8,1,$F18)>0)*(INDEX(_calc_기준100!$CN$8:$EF$8,1,$F18)<=15)+(INDEX(_calc_기준100!$CN$8:$EF$8,1,$G18)>0)*(INDEX(_calc_기준100!$CN$8:$EF$8,1,$G18)<=15),"") -> 3 | J18: =IFERROR((INDEX(_calc_기준100!$CN$8:$EF$8,1,$B18)>15)*(INDEX(_calc_기준100!$CN$8:$EF$8,1,$B18)<=30)+(INDEX(_calc_기준100!$CN$8:$EF$8,1,$C18)>15)*(INDEX(_calc_기준100!$CN$8:$EF$8,1,$C18)<=30)+(INDEX(_calc_기준100!$CN$8:$EF$8,1,$D18)>15)*(INDEX(_calc_기준100!$CN$8:$EF$8,1,$D18)<=30)+(INDEX(_calc_기준100!$CN$8:$EF$8,1,$E18)>15)*(INDEX(_calc_기준100!$CN$8:$EF$8,1,$E18)<=30)+(INDEX(_calc_기준100!$CN$8:$EF$8,1,$F18)>15)*(INDEX(_calc_기준100!$CN$8:$EF$8,1,$F18)<=30)+(INDEX(_calc_기준100!$CN$8:$EF$8,1,$G18)>15)*(INDEX(_calc_기준100!$CN$8:$EF$8,1,$G18)<=30),"") -> 3 | K18: =IFERROR((INDEX(_calc_기준100!$CN$8:$EF$8,1,$B18)>30)+(INDEX(_calc_기준100!$CN$8:$EF$8,1,$C18)>30)+(INDEX(_calc_기준100!$CN$8:$EF$8,1,$D18)>30)+(INDEX(_calc_기준100!$CN$8:$EF$8,1,$E18)>30)+(INDEX(_calc_기준100!$CN$8:$EF$8,1,$F18)>30)+(INDEX(_calc_기준100!$CN$8:$EF$8,1,$G18)>30),"") -> 0 | L18: =IFERROR(MATCH(L$11,_calc_기준100!$CN$8:$EF$8,0),"") -> 7 | M18: =IFERROR(MATCH(M$11,_calc_기준100!$CN$8:$EF$8,0),"") -> 37 | N18: =IFERROR(MATCH(N$11,_calc_기준100!$CN$8:$EF$8,0),"") -> 8 | O18: =IFERROR(MATCH(O$11,_calc_기준100!$CN$8:$EF$8,0),"") -> 11 | P18: =IFERROR(MATCH(P$11,_calc_기준100!$CN$8:$EF$8,0),"") -> 13 | Q18: =IFERROR(MATCH(Q$11,_calc_기준100!$CN$8:$EF$8,0),"") -> 17 | R18: =IFERROR(MATCH(R$11,_calc_기준100!$CN$8:$EF$8,0),"") -> 40 | S18: =IFERROR(MATCH(S$11,_calc_기준100!$CN$8:$EF$8,0),"") -> 25 | ... BD18: =IFERROR(MATCH(BD$11,_calc_기준100!$CN$8:$EF$8,0),"") -> 1
A19: =A18-1 -> 1237 | B19: =IFERROR(INDEX(전체당첨내역!$B:$B,MATCH($A19,전체당첨내역!$A:$A,0)),"") -> 10 | C19: =IFERROR(INDEX(전체당첨내역!$C:$C,MATCH($A19,전체당첨내역!$A:$A,0)),"") -> 20 | D19: =IFERROR(INDEX(전체당첨내역!$D:$D,MATCH($A19,전체당첨내역!$A:$A,0)),"") -> 23 | E19: =IFERROR(INDEX(전체당첨내역!$E:$E,MATCH($A19,전체당첨내역!$A:$A,0)),"") -> 34 | F19: =IFERROR(INDEX(전체당첨내역!$F:$F,MATCH($A19,전체당첨내역!$A:$A,0)),"") -> 37 | G19: =IFERROR(INDEX(전체당첨내역!$G:$G,MATCH($A19,전체당첨내역!$A:$A,0)),"") -> 40 | H19: =IFERROR(INDEX(전체당첨내역!$H:$H,MATCH($A19,전체당첨내역!$A:$A,0)),"") -> 36 | I19: =IFERROR((INDEX(_calc_기준100!$CN$9:$EF$9,1,$B19)>0)*(INDEX(_calc_기준100!$CN$9:$EF$9,1,$B19)<=15)+(INDEX(_calc_기준100!$CN$9:$EF$9,1,$C19)>0)*(INDEX(_calc_기준100!$CN$9:$EF$9,1,$C19)<=15)+(INDEX(_calc_기준100!$CN$9:$EF$9,1,$D19)>0)*(INDEX(_calc_기준100!$CN$9:$EF$9,1,$D19)<=15)+(INDEX(_calc_기준100!$CN$9:$EF$9,1,$E19)>0)*(INDEX(_calc_기준100!$CN$9:$EF$9,1,$E19)<=15)+(INDEX(_calc_기준100!$CN$9:$EF$9,1,$F19)>0)*(INDEX(_calc_기준100!$CN$9:$EF$9,1,$F19)<=15)+(INDEX(_calc_기준100!$CN$9:$EF$9,1,$G19)>0)*(INDEX(_calc_기준100!$CN$9:$EF$9,1,$G19)<=15),"") -> 2 | J19: =IFERROR((INDEX(_calc_기준100!$CN$9:$EF$9,1,$B19)>15)*(INDEX(_calc_기준100!$CN$9:$EF$9,1,$B19)<=30)+(INDEX(_calc_기준100!$CN$9:$EF$9,1,$C19)>15)*(INDEX(_calc_기준100!$CN$9:$EF$9,1,$C19)<=30)+(INDEX(_calc_기준100!$CN$9:$EF$9,1,$D19)>15)*(INDEX(_calc_기준100!$CN$9:$EF$9,1,$D19)<=30)+(INDEX(_calc_기준100!$CN$9:$EF$9,1,$E19)>15)*(INDEX(_calc_기준100!$CN$9:$EF$9,1,$E19)<=30)+(INDEX(_calc_기준100!$CN$9:$EF$9,1,$F19)>15)*(INDEX(_calc_기준100!$CN$9:$EF$9,1,$F19)<=30)+(INDEX(_calc_기준100!$CN$9:$EF$9,1,$G19)>15)*(INDEX(_calc_기준100!$CN$9:$EF$9,1,$G19)<=30),"") -> 3 | K19: =IFERROR((INDEX(_calc_기준100!$CN$9:$EF$9,1,$B19)>30)+(INDEX(_calc_기준100!$CN$9:$EF$9,1,$C19)>30)+(INDEX(_calc_기준100!$CN$9:$EF$9,1,$D19)>30)+(INDEX(_calc_기준100!$CN$9:$EF$9,1,$E19)>30)+(INDEX(_calc_기준100!$CN$9:$EF$9,1,$F19)>30)+(INDEX(_calc_기준100!$CN$9:$EF$9,1,$G19)>30),"") -> 1 | L19: =IFERROR(MATCH(L$11,_calc_기준100!$CN$9:$EF$9,0),"") -> 7 | M19: =IFERROR(MATCH(M$11,_calc_기준100!$CN$9:$EF$9,0),"") -> 11 | N19: =IFERROR(MATCH(N$11,_calc_기준100!$CN$9:$EF$9,0),"") -> 8 | O19: =IFERROR(MATCH(O$11,_calc_기준100!$CN$9:$EF$9,0),"") -> 37 | P19: =IFERROR(MATCH(P$11,_calc_기준100!$CN$9:$EF$9,0),"") -> 17 | Q19: =IFERROR(MATCH(Q$11,_calc_기준100!$CN$9:$EF$9,0),"") -> 6 | R19: =IFERROR(MATCH(R$11,_calc_기준100!$CN$9:$EF$9,0),"") -> 21 | S19: =IFERROR(MATCH(S$11,_calc_기준100!$CN$9:$EF$9,0),"") -> 25 | ... BD19: =IFERROR(MATCH(BD$11,_calc_기준100!$CN$9:$EF$9,0),"") -> 1
A20: =A19-1 -> 1236 | B20: =IFERROR(INDEX(전체당첨내역!$B:$B,MATCH($A20,전체당첨내역!$A:$A,0)),"") -> 12 | C20: =IFERROR(INDEX(전체당첨내역!$C:$C,MATCH($A20,전체당첨내역!$A:$A,0)),"") -> 18 | D20: =IFERROR(INDEX(전체당첨내역!$D:$D,MATCH($A20,전체당첨내역!$A:$A,0)),"") -> 21 | E20: =IFERROR(INDEX(전체당첨내역!$E:$E,MATCH($A20,전체당첨내역!$A:$A,0)),"") -> 29 | F20: =IFERROR(INDEX(전체당첨내역!$F:$F,MATCH($A20,전체당첨내역!$A:$A,0)),"") -> 34 | G20: =IFERROR(INDEX(전체당첨내역!$G:$G,MATCH($A20,전체당첨내역!$A:$A,0)),"") -> 38 | H20: =IFERROR(INDEX(전체당첨내역!$H:$H,MATCH($A20,전체당첨내역!$A:$A,0)),"") -> 10 | I20: =IFERROR((INDEX(_calc_기준100!$CN$10:$EF$10,1,$B20)>0)*(INDEX(_calc_기준100!$CN$10:$EF$10,1,$B20)<=15)+(INDEX(_calc_기준100!$CN$10:$EF$10,1,$C20)>0)*(INDEX(_calc_기준100!$CN$10:$EF$10,1,$C20)<=15)+(INDEX(_calc_기준100!$CN$10:$EF$10,1,$D20)>0)*(INDEX(_calc_기준100!$CN$10:$EF$10,1,$D20)<=15)+(INDEX(_calc_기준100!$CN$10:$EF$10,1,$E20)>0)*(INDEX(_calc_기준100!$CN$10:$EF$10,1,$E20)<=15)+(INDEX(_calc_기준100!$CN$10:$EF$10,1,$F20)>0)*(INDEX(_calc_기준100!$CN$10:$EF$10,1,$F20)<=15)+(INDEX(_calc_기준100!$CN$10:$EF$10,1,$G20)>0)*(INDEX(_calc_기준100!$CN$10:$EF$10,1,$G20)<=15),"") -> 4 | J20: =IFERROR((INDEX(_calc_기준100!$CN$10:$EF$10,1,$B20)>15)*(INDEX(_calc_기준100!$CN$10:$EF$10,1,$B20)<=30)+(INDEX(_calc_기준100!$CN$10:$EF$10,1,$C20)>15)*(INDEX(_calc_기준100!$CN$10:$EF$10,1,$C20)<=30)+(INDEX(_calc_기준100!$CN$10:$EF$10,1,$D20)>15)*(INDEX(_calc_기준100!$CN$10:$EF$10,1,$D20)<=30)+(INDEX(_calc_기준100!$CN$10:$EF$10,1,$E20)>15)*(INDEX(_calc_기준100!$CN$10:$EF$10,1,$E20)<=30)+(INDEX(_calc_기준100!$CN$10:$EF$10,1,$F20)>15)*(INDEX(_calc_기준100!$CN$10:$EF$10,1,$F20)<=30)+(INDEX(_calc_기준100!$CN$10:$EF$10,1,$G20)>15)*(INDEX(_calc_기준100!$CN$10:$EF$10,1,$G20)<=30),"") -> 2 | K20: =IFERROR((INDEX(_calc_기준100!$CN$10:$EF$10,1,$B20)>30)+(INDEX(_calc_기준100!$CN$10:$EF$10,1,$C20)>30)+(INDEX(_calc_기준100!$CN$10:$EF$10,1,$D20)>30)+(INDEX(_calc_기준100!$CN$10:$EF$10,1,$E20)>30)+(INDEX(_calc_기준100!$CN$10:$EF$10,1,$F20)>30)+(INDEX(_calc_기준100!$CN$10:$EF$10,1,$G20)>30),"") -> 0 | L20: =IFERROR(MATCH(L$11,_calc_기준100!$CN$10:$EF$10,0),"") -> 7 | M20: =IFERROR(MATCH(M$11,_calc_기준100!$CN$10:$EF$10,0),"") -> 12 | N20: =IFERROR(MATCH(N$11,_calc_기준100!$CN$10:$EF$10,0),"") -> 11 | O20: =IFERROR(MATCH(O$11,_calc_기준100!$CN$10:$EF$10,0),"") -> 37 | P20: =IFERROR(MATCH(P$11,_calc_기준100!$CN$10:$EF$10,0),"") -> 6 | Q20: =IFERROR(MATCH(Q$11,_calc_기준100!$CN$10:$EF$10,0),"") -> 17 | R20: =IFERROR(MATCH(R$11,_calc_기준100!$CN$10:$EF$10,0),"") -> 25 | S20: =IFERROR(MATCH(S$11,_calc_기준100!$CN$10:$EF$10,0),"") -> 42 | ... BD20: =IFERROR(MATCH(BD$11,_calc_기준100!$CN$10:$EF$10,0),"") -> 1
A21: =A20-1 -> 1235 | B21: =IFERROR(INDEX(전체당첨내역!$B:$B,MATCH($A21,전체당첨내역!$A:$A,0)),"") -> 6 | C21: =IFERROR(INDEX(전체당첨내역!$C:$C,MATCH($A21,전체당첨내역!$A:$A,0)),"") -> 7 | D21: =IFERROR(INDEX(전체당첨내역!$D:$D,MATCH($A21,전체당첨내역!$A:$A,0)),"") -> 11 | E21: =IFERROR(INDEX(전체당첨내역!$E:$E,MATCH($A21,전체당첨내역!$A:$A,0)),"") -> 15 | F21: =IFERROR(INDEX(전체당첨내역!$F:$F,MATCH($A21,전체당첨내역!$A:$A,0)),"") -> 39 | G21: =IFERROR(INDEX(전체당첨내역!$G:$G,MATCH($A21,전체당첨내역!$A:$A,0)),"") -> 43 | H21: =IFERROR(INDEX(전체당첨내역!$H:$H,MATCH($A21,전체당첨내역!$A:$A,0)),"") -> 20 | I21: =IFERROR((INDEX(_calc_기준100!$CN$11:$EF$11,1,$B21)>0)*(INDEX(_calc_기준100!$CN$11:$EF$11,1,$B21)<=15)+(INDEX(_calc_기준100!$CN$11:$EF$11,1,$C21)>0)*(INDEX(_calc_기준100!$CN$11:$EF$11,1,$C21)<=15)+(INDEX(_calc_기준100!$CN$11:$EF$11,1,$D21)>0)*(INDEX(_calc_기준100!$CN$11:$EF$11,1,$D21)<=15)+(INDEX(_calc_기준100!$CN$11:$EF$11,1,$E21)>0)*(INDEX(_calc_기준100!$CN$11:$EF$11,1,$E21)<=15)+(INDEX(_calc_기준100!$CN$11:$EF$11,1,$F21)>0)*(INDEX(_calc_기준100!$CN$11:$EF$11,1,$F21)<=15)+(INDEX(_calc_기준100!$CN$11:$EF$11,1,$G21)>0)*(INDEX(_calc_기준100!$CN$11:$EF$11,1,$G21)<=15),"") -> 4 | J21: =IFERROR((INDEX(_calc_기준100!$CN$11:$EF$11,1,$B21)>15)*(INDEX(_calc_기준100!$CN$11:$EF$11,1,$B21)<=30)+(INDEX(_calc_기준100!$CN$11:$EF$11,1,$C21)>15)*(INDEX(_calc_기준100!$CN$11:$EF$11,1,$C21)<=30)+(INDEX(_calc_기준100!$CN$11:$EF$11,1,$D21)>15)*(INDEX(_calc_기준100!$CN$11:$EF$11,1,$D21)<=30)+(INDEX(_calc_기준100!$CN$11:$EF$11,1,$E21)>15)*(INDEX(_calc_기준100!$CN$11:$EF$11,1,$E21)<=30)+(INDEX(_calc_기준100!$CN$11:$EF$11,1,$F21)>15)*(INDEX(_calc_기준100!$CN$11:$EF$11,1,$F21)<=30)+(INDEX(_calc_기준100!$CN$11:$EF$11,1,$G21)>15)*(INDEX(_calc_기준100!$CN$11:$EF$11,1,$G21)<=30),"") -> 2 | K21: =IFERROR((INDEX(_calc_기준100!$CN$11:$EF$11,1,$B21)>30)+(INDEX(_calc_기준100!$CN$11:$EF$11,1,$C21)>30)+(INDEX(_calc_기준100!$CN$11:$EF$11,1,$D21)>30)+(INDEX(_calc_기준100!$CN$11:$EF$11,1,$E21)>30)+(INDEX(_calc_기준100!$CN$11:$EF$11,1,$F21)>30)+(INDEX(_calc_기준100!$CN$11:$EF$11,1,$G21)>30),"") -> 0 | L21: =IFERROR(MATCH(L$11,_calc_기준100!$CN$11:$EF$11,0),"") -> 7 | M21: =IFERROR(MATCH(M$11,_calc_기준100!$CN$11:$EF$11,0),"") -> 37 | N21: =IFERROR(MATCH(N$11,_calc_기준100!$CN$11:$EF$11,0),"") -> 12 | O21: =IFERROR(MATCH(O$11,_calc_기준100!$CN$11:$EF$11,0),"") -> 21 | P21: =IFERROR(MATCH(P$11,_calc_기준100!$CN$11:$EF$11,0),"") -> 39 | Q21: =IFERROR(MATCH(Q$11,_calc_기준100!$CN$11:$EF$11,0),"") -> 6 | R21: =IFERROR(MATCH(R$11,_calc_기준100!$CN$11:$EF$11,0),"") -> 42 | S21: =IFERROR(MATCH(S$11,_calc_기준100!$CN$11:$EF$11,0),"") -> 25 | ... BD21: =IFERROR(MATCH(BD$11,_calc_기준100!$CN$11:$EF$11,0),"") -> 22
A22: =A21-1 -> 1234 | B22: =IFERROR(INDEX(전체당첨내역!$B:$B,MATCH($A22,전체당첨내역!$A:$A,0)),"") -> 1 | C22: =IFERROR(INDEX(전체당첨내역!$C:$C,MATCH($A22,전체당첨내역!$A:$A,0)),"") -> 15 | D22: =IFERROR(INDEX(전체당첨내역!$D:$D,MATCH($A22,전체당첨내역!$A:$A,0)),"") -> 19 | E22: =IFERROR(INDEX(전체당첨내역!$E:$E,MATCH($A22,전체당첨내역!$A:$A,0)),"") -> 31 | F22: =IFERROR(INDEX(전체당첨내역!$F:$F,MATCH($A22,전체당첨내역!$A:$A,0)),"") -> 35 | G22: =IFERROR(INDEX(전체당첨내역!$G:$G,MATCH($A22,전체당첨내역!$A:$A,0)),"") -> 43 | H22: =IFERROR(INDEX(전체당첨내역!$H:$H,MATCH($A22,전체당첨내역!$A:$A,0)),"") -> 27 | I22: =IFERROR((INDEX(_calc_기준100!$CN$12:$EF$12,1,$B22)>0)*(INDEX(_calc_기준100!$CN$12:$EF$12,1,$B22)<=15)+(INDEX(_calc_기준100!$CN$12:$EF$12,1,$C22)>0)*(INDEX(_calc_기준100!$CN$12:$EF$12,1,$C22)<=15)+(INDEX(_calc_기준100!$CN$12:$EF$12,1,$D22)>0)*(INDEX(_calc_기준100!$CN$12:$EF$12,1,$D22)<=15)+(INDEX(_calc_기준100!$CN$12:$EF$12,1,$E22)>0)*(INDEX(_calc_기준100!$CN$12:$EF$12,1,$E22)<=15)+(INDEX(_calc_기준100!$CN$12:$EF$12,1,$F22)>0)*(INDEX(_calc_기준100!$CN$12:$EF$12,1,$F22)<=15)+(INDEX(_calc_기준100!$CN$12:$EF$12,1,$G22)>0)*(INDEX(_calc_기준100!$CN$12:$EF$12,1,$G22)<=15),"") -> 1 | J22: =IFERROR((INDEX(_calc_기준100!$CN$12:$EF$12,1,$B22)>15)*(INDEX(_calc_기준100!$CN$12:$EF$12,1,$B22)<=30)+(INDEX(_calc_기준100!$CN$12:$EF$12,1,$C22)>15)*(INDEX(_calc_기준100!$CN$12:$EF$12,1,$C22)<=30)+(INDEX(_calc_기준100!$CN$12:$EF$12,1,$D22)>15)*(INDEX(_calc_기준100!$CN$12:$EF$12,1,$D22)<=30)+(INDEX(_calc_기준100!$CN$12:$EF$12,1,$E22)>15)*(INDEX(_calc_기준100!$CN$12:$EF$12,1,$E22)<=30)+(INDEX(_calc_기준100!$CN$12:$EF$12,1,$F22)>15)*(INDEX(_calc_기준100!$CN$12:$EF$12,1,$F22)<=30)+(INDEX(_calc_기준100!$CN$12:$EF$12,1,$G22)>15)*(INDEX(_calc_기준100!$CN$12:$EF$12,1,$G22)<=30),"") -> 2 | K22: =IFERROR((INDEX(_calc_기준100!$CN$12:$EF$12,1,$B22)>30)+(INDEX(_calc_기준100!$CN$12:$EF$12,1,$C22)>30)+(INDEX(_calc_기준100!$CN$12:$EF$12,1,$D22)>30)+(INDEX(_calc_기준100!$CN$12:$EF$12,1,$E22)>30)+(INDEX(_calc_기준100!$CN$12:$EF$12,1,$F22)>30)+(INDEX(_calc_기준100!$CN$12:$EF$12,1,$G22)>30),"") -> 3 | L22: =IFERROR(MATCH(L$11,_calc_기준100!$CN$12:$EF$12,0),"") -> 7 | M22: =IFERROR(MATCH(M$11,_calc_기준100!$CN$12:$EF$12,0),"") -> 12 | N22: =IFERROR(MATCH(N$11,_calc_기준100!$CN$12:$EF$12,0),"") -> 21 | O22: =IFERROR(MATCH(O$11,_calc_기준100!$CN$12:$EF$12,0),"") -> 35 | P22: =IFERROR(MATCH(P$11,_calc_기준100!$CN$12:$EF$12,0),"") -> 39 | Q22: =IFERROR(MATCH(Q$11,_calc_기준100!$CN$12:$EF$12,0),"") -> 6 | R22: =IFERROR(MATCH(R$11,_calc_기준100!$CN$12:$EF$12,0),"") -> 42 | S22: =IFERROR(MATCH(S$11,_calc_기준100!$CN$12:$EF$12,0),"") -> 11 | ... BD22: =IFERROR(MATCH(BD$11,_calc_기준100!$CN$12:$EF$12,0),"") -> 23
A23: =A22-1 -> 1233 | B23: =IFERROR(INDEX(전체당첨내역!$B:$B,MATCH($A23,전체당첨내역!$A:$A,0)),"") -> 2 | C23: =IFERROR(INDEX(전체당첨내역!$C:$C,MATCH($A23,전체당첨내역!$A:$A,0)),"") -> 7 | D23: =IFERROR(INDEX(전체당첨내역!$D:$D,MATCH($A23,전체당첨내역!$A:$A,0)),"") -> 20 | E23: =IFERROR(INDEX(전체당첨내역!$E:$E,MATCH($A23,전체당첨내역!$A:$A,0)),"") -> 25 | F23: =IFERROR(INDEX(전체당첨내역!$F:$F,MATCH($A23,전체당첨내역!$A:$A,0)),"") -> 37 | G23: =IFERROR(INDEX(전체당첨내역!$G:$G,MATCH($A23,전체당첨내역!$A:$A,0)),"") -> 40 | H23: =IFERROR(INDEX(전체당첨내역!$H:$H,MATCH($A23,전체당첨내역!$A:$A,0)),"") -> 29 | I23: =IFERROR((INDEX(_calc_기준100!$CN$13:$EF$13,1,$B23)>0)*(INDEX(_calc_기준100!$CN$13:$EF$13,1,$B23)<=15)+(INDEX(_calc_기준100!$CN$13:$EF$13,1,$C23)>0)*(INDEX(_calc_기준100!$CN$13:$EF$13,1,$C23)<=15)+(INDEX(_calc_기준100!$CN$13:$EF$13,1,$D23)>0)*(INDEX(_calc_기준100!$CN$13:$EF$13,1,$D23)<=15)+(INDEX(_calc_기준100!$CN$13:$EF$13,1,$E23)>0)*(INDEX(_calc_기준100!$CN$13:$EF$13,1,$E23)<=15)+(INDEX(_calc_기준100!$CN$13:$EF$13,1,$F23)>0)*(INDEX(_calc_기준100!$CN$13:$EF$13,1,$F23)<=15)+(INDEX(_calc_기준100!$CN$13:$EF$13,1,$G23)>0)*(INDEX(_calc_기준100!$CN$13:$EF$13,1,$G23)<=15),"") -> 3 | J23: =IFERROR((INDEX(_calc_기준100!$CN$13:$EF$13,1,$B23)>15)*(INDEX(_calc_기준100!$CN$13:$EF$13,1,$B23)<=30)+(INDEX(_calc_기준100!$CN$13:$EF$13,1,$C23)>15)*(INDEX(_calc_기준100!$CN$13:$EF$13,1,$C23)<=30)+(INDEX(_calc_기준100!$CN$13:$EF$13,1,$D23)>15)*(INDEX(_calc_기준100!$CN$13:$EF$13,1,$D23)<=30)+(INDEX(_calc_기준100!$CN$13:$EF$13,1,$E23)>15)*(INDEX(_calc_기준100!$CN$13:$EF$13,1,$E23)<=30)+(INDEX(_calc_기준100!$CN$13:$EF$13,1,$F23)>15)*(INDEX(_calc_기준100!$CN$13:$EF$13,1,$F23)<=30)+(INDEX(_calc_기준100!$CN$13:$EF$13,1,$G23)>15)*(INDEX(_calc_기준100!$CN$13:$EF$13,1,$G23)<=30),"") -> 1 | K23: =IFERROR((INDEX(_calc_기준100!$CN$13:$EF$13,1,$B23)>30)+(INDEX(_calc_기준100!$CN$13:$EF$13,1,$C23)>30)+(INDEX(_calc_기준100!$CN$13:$EF$13,1,$D23)>30)+(INDEX(_calc_기준100!$CN$13:$EF$13,1,$E23)>30)+(INDEX(_calc_기준100!$CN$13:$EF$13,1,$F23)>30)+(INDEX(_calc_기준100!$CN$13:$EF$13,1,$G23)>30),"") -> 2 | L23: =IFERROR(MATCH(L$11,_calc_기준100!$CN$13:$EF$13,0),"") -> 7 | M23: =IFERROR(MATCH(M$11,_calc_기준100!$CN$13:$EF$13,0),"") -> 21 | N23: =IFERROR(MATCH(N$11,_calc_기준100!$CN$13:$EF$13,0),"") -> 12 | O23: =IFERROR(MATCH(O$11,_calc_기준100!$CN$13:$EF$13,0),"") -> 37 | P23: =IFERROR(MATCH(P$11,_calc_기준100!$CN$13:$EF$13,0),"") -> 35 | Q23: =IFERROR(MATCH(Q$11,_calc_기준100!$CN$13:$EF$13,0),"") -> 39 | R23: =IFERROR(MATCH(R$11,_calc_기준100!$CN$13:$EF$13,0),"") -> 11 | S23: =IFERROR(MATCH(S$11,_calc_기준100!$CN$13:$EF$13,0),"") -> 20 | ... BD23: =IFERROR(MATCH(BD$11,_calc_기준100!$CN$13:$EF$13,0),"") -> 23
A24: =A23-1 -> 1232 | B24: =IFERROR(INDEX(전체당첨내역!$B:$B,MATCH($A24,전체당첨내역!$A:$A,0)),"") -> 12 | C24: =IFERROR(INDEX(전체당첨내역!$C:$C,MATCH($A24,전체당첨내역!$A:$A,0)),"") -> 15 | D24: =IFERROR(INDEX(전체당첨내역!$D:$D,MATCH($A24,전체당첨내역!$A:$A,0)),"") -> 19 | E24: =IFERROR(INDEX(전체당첨내역!$E:$E,MATCH($A24,전체당첨내역!$A:$A,0)),"") -> 22 | F24: =IFERROR(INDEX(전체당첨내역!$F:$F,MATCH($A24,전체당첨내역!$A:$A,0)),"") -> 24 | G24: =IFERROR(INDEX(전체당첨내역!$G:$G,MATCH($A24,전체당첨내역!$A:$A,0)),"") -> 36 | H24: =IFERROR(INDEX(전체당첨내역!$H:$H,MATCH($A24,전체당첨내역!$A:$A,0)),"") -> 3 | I24: =IFERROR((INDEX(_calc_기준100!$CN$14:$EF$14,1,$B24)>0)*(INDEX(_calc_기준100!$CN$14:$EF$14,1,$B24)<=15)+(INDEX(_calc_기준100!$CN$14:$EF$14,1,$C24)>0)*(INDEX(_calc_기준100!$CN$14:$EF$14,1,$C24)<=15)+(INDEX(_calc_기준100!$CN$14:$EF$14,1,$D24)>0)*(INDEX(_calc_기준100!$CN$14:$EF$14,1,$D24)<=15)+(INDEX(_calc_기준100!$CN$14:$EF$14,1,$E24)>0)*(INDEX(_calc_기준100!$CN$14:$EF$14,1,$E24)<=15)+(INDEX(_calc_기준100!$CN$14:$EF$14,1,$F24)>0)*(INDEX(_calc_기준100!$CN$14:$EF$14,1,$F24)<=15)+(INDEX(_calc_기준100!$CN$14:$EF$14,1,$G24)>0)*(INDEX(_calc_기준100!$CN$14:$EF$14,1,$G24)<=15),"") -> 1 | J24: =IFERROR((INDEX(_calc_기준100!$CN$14:$EF$14,1,$B24)>15)*(INDEX(_calc_기준100!$CN$14:$EF$14,1,$B24)<=30)+(INDEX(_calc_기준100!$CN$14:$EF$14,1,$C24)>15)*(INDEX(_calc_기준100!$CN$14:$EF$14,1,$C24)<=30)+(INDEX(_calc_기준100!$CN$14:$EF$14,1,$D24)>15)*(INDEX(_calc_기준100!$CN$14:$EF$14,1,$D24)<=30)+(INDEX(_calc_기준100!$CN$14:$EF$14,1,$E24)>15)*(INDEX(_calc_기준100!$CN$14:$EF$14,1,$E24)<=30)+(INDEX(_calc_기준100!$CN$14:$EF$14,1,$F24)>15)*(INDEX(_calc_기준100!$CN$14:$EF$14,1,$F24)<=30)+(INDEX(_calc_기준100!$CN$14:$EF$14,1,$G24)>15)*(INDEX(_calc_기준100!$CN$14:$EF$14,1,$G24)<=30),"") -> 3 | K24: =IFERROR((INDEX(_calc_기준100!$CN$14:$EF$14,1,$B24)>30)+(INDEX(_calc_기준100!$CN$14:$EF$14,1,$C24)>30)+(INDEX(_calc_기준100!$CN$14:$EF$14,1,$D24)>30)+(INDEX(_calc_기준100!$CN$14:$EF$14,1,$E24)>30)+(INDEX(_calc_기준100!$CN$14:$EF$14,1,$F24)>30)+(INDEX(_calc_기준100!$CN$14:$EF$14,1,$G24)>30),"") -> 2 | L24: =IFERROR(MATCH(L$11,_calc_기준100!$CN$14:$EF$14,0),"") -> 7 | M24: =IFERROR(MATCH(M$11,_calc_기준100!$CN$14:$EF$14,0),"") -> 12 | N24: =IFERROR(MATCH(N$11,_calc_기준100!$CN$14:$EF$14,0),"") -> 6 | O24: =IFERROR(MATCH(O$11,_calc_기준100!$CN$14:$EF$14,0),"") -> 21 | P24: =IFERROR(MATCH(P$11,_calc_기준100!$CN$14:$EF$14,0),"") -> 37 | Q24: =IFERROR(MATCH(Q$11,_calc_기준100!$CN$14:$EF$14,0),"") -> 20 | R24: =IFERROR(MATCH(R$11,_calc_기준100!$CN$14:$EF$14,0),"") -> 11 | S24: =IFERROR(MATCH(S$11,_calc_기준100!$CN$14:$EF$14,0),"") -> 35 | ... BD24: =IFERROR(MATCH(BD$11,_calc_기준100!$CN$14:$EF$14,0),"") -> 23
A25: =A24-1 -> 1231 | B25: =IFERROR(INDEX(전체당첨내역!$B:$B,MATCH($A25,전체당첨내역!$A:$A,0)),"") -> 4 | C25: =IFERROR(INDEX(전체당첨내역!$C:$C,MATCH($A25,전체당첨내역!$A:$A,0)),"") -> 13 | D25: =IFERROR(INDEX(전체당첨내역!$D:$D,MATCH($A25,전체당첨내역!$A:$A,0)),"") -> 14 | E25: =IFERROR(INDEX(전체당첨내역!$E:$E,MATCH($A25,전체당첨내역!$A:$A,0)),"") -> 18 | F25: =IFERROR(INDEX(전체당첨내역!$F:$F,MATCH($A25,전체당첨내역!$A:$A,0)),"") -> 31 | G25: =IFERROR(INDEX(전체당첨내역!$G:$G,MATCH($A25,전체당첨내역!$A:$A,0)),"") -> 38 | H25: =IFERROR(INDEX(전체당첨내역!$H:$H,MATCH($A25,전체당첨내역!$A:$A,0)),"") -> 15 | I25: =IFERROR((INDEX(_calc_기준100!$CN$15:$EF$15,1,$B25)>0)*(INDEX(_calc_기준100!$CN$15:$EF$15,1,$B25)<=15)+(INDEX(_calc_기준100!$CN$15:$EF$15,1,$C25)>0)*(INDEX(_calc_기준100!$CN$15:$EF$15,1,$C25)<=15)+(INDEX(_calc_기준100!$CN$15:$EF$15,1,$D25)>0)*(INDEX(_calc_기준100!$CN$15:$EF$15,1,$D25)<=15)+(INDEX(_calc_기준100!$CN$15:$EF$15,1,$E25)>0)*(INDEX(_calc_기준100!$CN$15:$EF$15,1,$E25)<=15)+(INDEX(_calc_기준100!$CN$15:$EF$15,1,$F25)>0)*(INDEX(_calc_기준100!$CN$15:$EF$15,1,$F25)<=15)+(INDEX(_calc_기준100!$CN$15:$EF$15,1,$G25)>0)*(INDEX(_calc_기준100!$CN$15:$EF$15,1,$G25)<=15),"") -> 1 | J25: =IFERROR((INDEX(_calc_기준100!$CN$15:$EF$15,1,$B25)>15)*(INDEX(_calc_기준100!$CN$15:$EF$15,1,$B25)<=30)+(INDEX(_calc_기준100!$CN$15:$EF$15,1,$C25)>15)*(INDEX(_calc_기준100!$CN$15:$EF$15,1,$C25)<=30)+(INDEX(_calc_기준100!$CN$15:$EF$15,1,$D25)>15)*(INDEX(_calc_기준100!$CN$15:$EF$15,1,$D25)<=30)+(INDEX(_calc_기준100!$CN$15:$EF$15,1,$E25)>15)*(INDEX(_calc_기준100!$CN$15:$EF$15,1,$E25)<=30)+(INDEX(_calc_기준100!$CN$15:$EF$15,1,$F25)>15)*(INDEX(_calc_기준100!$CN$15:$EF$15,1,$F25)<=30)+(INDEX(_calc_기준100!$CN$15:$EF$15,1,$G25)>15)*(INDEX(_calc_기준100!$CN$15:$EF$15,1,$G25)<=30),"") -> 2 | K25: =IFERROR((INDEX(_calc_기준100!$CN$15:$EF$15,1,$B25)>30)+(INDEX(_calc_기준100!$CN$15:$EF$15,1,$C25)>30)+(INDEX(_calc_기준100!$CN$15:$EF$15,1,$D25)>30)+(INDEX(_calc_기준100!$CN$15:$EF$15,1,$E25)>30)+(INDEX(_calc_기준100!$CN$15:$EF$15,1,$F25)>30)+(INDEX(_calc_기준100!$CN$15:$EF$15,1,$G25)>30),"") -> 3 | L25: =IFERROR(MATCH(L$11,_calc_기준100!$CN$15:$EF$15,0),"") -> 7 | M25: =IFERROR(MATCH(M$11,_calc_기준100!$CN$15:$EF$15,0),"") -> 12 | N25: =IFERROR(MATCH(N$11,_calc_기준100!$CN$15:$EF$15,0),"") -> 6 | O25: =IFERROR(MATCH(O$11,_calc_기준100!$CN$15:$EF$15,0),"") -> 38 | P25: =IFERROR(MATCH(P$11,_calc_기준100!$CN$15:$EF$15,0),"") -> 21 | Q25: =IFERROR(MATCH(Q$11,_calc_기준100!$CN$15:$EF$15,0),"") -> 35 | R25: =IFERROR(MATCH(R$11,_calc_기준100!$CN$15:$EF$15,0),"") -> 37 | S25: =IFERROR(MATCH(S$11,_calc_기준100!$CN$15:$EF$15,0),"") -> 39 | ... BD25: =IFERROR(MATCH(BD$11,_calc_기준100!$CN$15:$EF$15,0),"") -> 23
A26: =A25-1 -> 1230 | B26: =IFERROR(INDEX(전체당첨내역!$B:$B,MATCH($A26,전체당첨내역!$A:$A,0)),"") -> 3 | C26: =IFERROR(INDEX(전체당첨내역!$C:$C,MATCH($A26,전체당첨내역!$A:$A,0)),"") -> 8 | D26: =IFERROR(INDEX(전체당첨내역!$D:$D,MATCH($A26,전체당첨내역!$A:$A,0)),"") -> 9 | E26: =IFERROR(INDEX(전체당첨내역!$E:$E,MATCH($A26,전체당첨내역!$A:$A,0)),"") -> 22 | F26: =IFERROR(INDEX(전체당첨내역!$F:$F,MATCH($A26,전체당첨내역!$A:$A,0)),"") -> 28 | G26: =IFERROR(INDEX(전체당첨내역!$G:$G,MATCH($A26,전체당첨내역!$A:$A,0)),"") -> 42 | H26: =IFERROR(INDEX(전체당첨내역!$H:$H,MATCH($A26,전체당첨내역!$A:$A,0)),"") -> 45 | I26: =IFERROR((INDEX(_calc_기준100!$CN$16:$EF$16,1,$B26)>0)*(INDEX(_calc_기준100!$CN$16:$EF$16,1,$B26)<=15)+(INDEX(_calc_기준100!$CN$16:$EF$16,1,$C26)>0)*(INDEX(_calc_기준100!$CN$16:$EF$16,1,$C26)<=15)+(INDEX(_calc_기준100!$CN$16:$EF$16,1,$D26)>0)*(INDEX(_calc_기준100!$CN$16:$EF$16,1,$D26)<=15)+(INDEX(_calc_기준100!$CN$16:$EF$16,1,$E26)>0)*(INDEX(_calc_기준100!$CN$16:$EF$16,1,$E26)<=15)+(INDEX(_calc_기준100!$CN$16:$EF$16,1,$F26)>0)*(INDEX(_calc_기준100!$CN$16:$EF$16,1,$F26)<=15)+(INDEX(_calc_기준100!$CN$16:$EF$16,1,$G26)>0)*(INDEX(_calc_기준100!$CN$16:$EF$16,1,$G26)<=15),"") -> 3 | J26: =IFERROR((INDEX(_calc_기준100!$CN$16:$EF$16,1,$B26)>15)*(INDEX(_calc_기준100!$CN$16:$EF$16,1,$B26)<=30)+(INDEX(_calc_기준100!$CN$16:$EF$16,1,$C26)>15)*(INDEX(_calc_기준100!$CN$16:$EF$16,1,$C26)<=30)+(INDEX(_calc_기준100!$CN$16:$EF$16,1,$D26)>15)*(INDEX(_calc_기준100!$CN$16:$EF$16,1,$D26)<=30)+(INDEX(_calc_기준100!$CN$16:$EF$16,1,$E26)>15)*(INDEX(_calc_기준100!$CN$16:$EF$16,1,$E26)<=30)+(INDEX(_calc_기준100!$CN$16:$EF$16,1,$F26)>15)*(INDEX(_calc_기준100!$CN$16:$EF$16,1,$F26)<=30)+(INDEX(_calc_기준100!$CN$16:$EF$16,1,$G26)>15)*(INDEX(_calc_기준100!$CN$16:$EF$16,1,$G26)<=30),"") -> 2 | K26: =IFERROR((INDEX(_calc_기준100!$CN$16:$EF$16,1,$B26)>30)+(INDEX(_calc_기준100!$CN$16:$EF$16,1,$C26)>30)+(INDEX(_calc_기준100!$CN$16:$EF$16,1,$D26)>30)+(INDEX(_calc_기준100!$CN$16:$EF$16,1,$E26)>30)+(INDEX(_calc_기준100!$CN$16:$EF$16,1,$F26)>30)+(INDEX(_calc_기준100!$CN$16:$EF$16,1,$G26)>30),"") -> 1 | L26: =IFERROR(MATCH(L$11,_calc_기준100!$CN$16:$EF$16,0),"") -> 7 | M26: =IFERROR(MATCH(M$11,_calc_기준100!$CN$16:$EF$16,0),"") -> 21 | N26: =IFERROR(MATCH(N$11,_calc_기준100!$CN$16:$EF$16,0),"") -> 38 | O26: =IFERROR(MATCH(O$11,_calc_기준100!$CN$16:$EF$16,0),"") -> 12 | P26: =IFERROR(MATCH(P$11,_calc_기준100!$CN$16:$EF$16,0),"") -> 35 | Q26: =IFERROR(MATCH(Q$11,_calc_기준100!$CN$16:$EF$16,0),"") -> 39 | R26: =IFERROR(MATCH(R$11,_calc_기준100!$CN$16:$EF$16,0),"") -> 11 | S26: =IFERROR(MATCH(S$11,_calc_기준100!$CN$16:$EF$16,0),"") -> 42 | ... BD26: =IFERROR(MATCH(BD$11,_calc_기준100!$CN$16:$EF$16,0),"") -> 23
A27: =A26-1 -> 1229 | B27: =IFERROR(INDEX(전체당첨내역!$B:$B,MATCH($A27,전체당첨내역!$A:$A,0)),"") -> 12 | C27: =IFERROR(INDEX(전체당첨내역!$C:$C,MATCH($A27,전체당첨내역!$A:$A,0)),"") -> 13 | D27: =IFERROR(INDEX(전체당첨내역!$D:$D,MATCH($A27,전체당첨내역!$A:$A,0)),"") -> 29 | E27: =IFERROR(INDEX(전체당첨내역!$E:$E,MATCH($A27,전체당첨내역!$A:$A,0)),"") -> 34 | F27: =IFERROR(INDEX(전체당첨내역!$F:$F,MATCH($A27,전체당첨내역!$A:$A,0)),"") -> 37 | G27: =IFERROR(INDEX(전체당첨내역!$G:$G,MATCH($A27,전체당첨내역!$A:$A,0)),"") -> 42 | H27: =IFERROR(INDEX(전체당첨내역!$H:$H,MATCH($A27,전체당첨내역!$A:$A,0)),"") -> 16 | I27: =IFERROR((INDEX(_calc_기준100!$CN$17:$EF$17,1,$B27)>0)*(INDEX(_calc_기준100!$CN$17:$EF$17,1,$B27)<=15)+(INDEX(_calc_기준100!$CN$17:$EF$17,1,$C27)>0)*(INDEX(_calc_기준100!$CN$17:$EF$17,1,$C27)<=15)+(INDEX(_calc_기준100!$CN$17:$EF$17,1,$D27)>0)*(INDEX(_calc_기준100!$CN$17:$EF$17,1,$D27)<=15)+(INDEX(_calc_기준100!$CN$17:$EF$17,1,$E27)>0)*(INDEX(_calc_기준100!$CN$17:$EF$17,1,$E27)<=15)+(INDEX(_calc_기준100!$CN$17:$EF$17,1,$F27)>0)*(INDEX(_calc_기준100!$CN$17:$EF$17,1,$F27)<=15)+(INDEX(_calc_기준100!$CN$17:$EF$17,1,$G27)>0)*(INDEX(_calc_기준100!$CN$17:$EF$17,1,$G27)<=15),"") -> 4 | J27: =IFERROR((INDEX(_calc_기준100!$CN$17:$EF$17,1,$B27)>15)*(INDEX(_calc_기준100!$CN$17:$EF$17,1,$B27)<=30)+(INDEX(_calc_기준100!$CN$17:$EF$17,1,$C27)>15)*(INDEX(_calc_기준100!$CN$17:$EF$17,1,$C27)<=30)+(INDEX(_calc_기준100!$CN$17:$EF$17,1,$D27)>15)*(INDEX(_calc_기준100!$CN$17:$EF$17,1,$D27)<=30)+(INDEX(_calc_기준100!$CN$17:$EF$17,1,$E27)>15)*(INDEX(_calc_기준100!$CN$17:$EF$17,1,$E27)<=30)+(INDEX(_calc_기준100!$CN$17:$EF$17,1,$F27)>15)*(INDEX(_calc_기준100!$CN$17:$EF$17,1,$F27)<=30)+(INDEX(_calc_기준100!$CN$17:$EF$17,1,$G27)>15)*(INDEX(_calc_기준100!$CN$17:$EF$17,1,$G27)<=30),"") -> 2 | K27: =IFERROR((INDEX(_calc_기준100!$CN$17:$EF$17,1,$B27)>30)+(INDEX(_calc_기준100!$CN$17:$EF$17,1,$C27)>30)+(INDEX(_calc_기준100!$CN$17:$EF$17,1,$D27)>30)+(INDEX(_calc_기준100!$CN$17:$EF$17,1,$E27)>30)+(INDEX(_calc_기준100!$CN$17:$EF$17,1,$F27)>30)+(INDEX(_calc_기준100!$CN$17:$EF$17,1,$G27)>30),"") -> 0 | L27: =IFERROR(MATCH(L$11,_calc_기준100!$CN$17:$EF$17,0),"") -> 7 | M27: =IFERROR(MATCH(M$11,_calc_기준100!$CN$17:$EF$17,0),"") -> 38 | N27: =IFERROR(MATCH(N$11,_calc_기준100!$CN$17:$EF$17,0),"") -> 21 | O27: =IFERROR(MATCH(O$11,_calc_기준100!$CN$17:$EF$17,0),"") -> 11 | P27: =IFERROR(MATCH(P$11,_calc_기준100!$CN$17:$EF$17,0),"") -> 12 | Q27: =IFERROR(MATCH(Q$11,_calc_기준100!$CN$17:$EF$17,0),"") -> 35 | R27: =IFERROR(MATCH(R$11,_calc_기준100!$CN$17:$EF$17,0),"") -> 39 | S27: =IFERROR(MATCH(S$11,_calc_기준100!$CN$17:$EF$17,0),"") -> 37 | ... BD27: =IFERROR(MATCH(BD$11,_calc_기준100!$CN$17:$EF$17,0),"") -> 23
A28: =A27-1 -> 1228 | B28: =IFERROR(INDEX(전체당첨내역!$B:$B,MATCH($A28,전체당첨내역!$A:$A,0)),"") -> 24 | C28: =IFERROR(INDEX(전체당첨내역!$C:$C,MATCH($A28,전체당첨내역!$A:$A,0)),"") -> 29 | D28: =IFERROR(INDEX(전체당첨내역!$D:$D,MATCH($A28,전체당첨내역!$A:$A,0)),"") -> 30 | E28: =IFERROR(INDEX(전체당첨내역!$E:$E,MATCH($A28,전체당첨내역!$A:$A,0)),"") -> 31 | F28: =IFERROR(INDEX(전체당첨내역!$F:$F,MATCH($A28,전체당첨내역!$A:$A,0)),"") -> 35 | G28: =IFERROR(INDEX(전체당첨내역!$G:$G,MATCH($A28,전체당첨내역!$A:$A,0)),"") -> 44 | H28: =IFERROR(INDEX(전체당첨내역!$H:$H,MATCH($A28,전체당첨내역!$A:$A,0)),"") -> 1 | I28: =IFERROR((INDEX(_calc_기준100!$CN$18:$EF$18,1,$B28)>0)*(INDEX(_calc_기준100!$CN$18:$EF$18,1,$B28)<=15)+(INDEX(_calc_기준100!$CN$18:$EF$18,1,$C28)>0)*(INDEX(_calc_기준100!$CN$18:$EF$18,1,$C28)<=15)+(INDEX(_calc_기준100!$CN$18:$EF$18,1,$D28)>0)*(INDEX(_calc_기준100!$CN$18:$EF$18,1,$D28)<=15)+(INDEX(_calc_기준100!$CN$18:$EF$18,1,$E28)>0)*(INDEX(_calc_기준100!$CN$18:$EF$18,1,$E28)<=15)+(INDEX(_calc_기준100!$CN$18:$EF$18,1,$F28)>0)*(INDEX(_calc_기준100!$CN$18:$EF$18,1,$F28)<=15)+(INDEX(_calc_기준100!$CN$18:$EF$18,1,$G28)>0)*(INDEX(_calc_기준100!$CN$18:$EF$18,1,$G28)<=15),"") -> 3 | J28: =IFERROR((INDEX(_calc_기준100!$CN$18:$EF$18,1,$B28)>15)*(INDEX(_calc_기준100!$CN$18:$EF$18,1,$B28)<=30)+(INDEX(_calc_기준100!$CN$18:$EF$18,1,$C28)>15)*(INDEX(_calc_기준100!$CN$18:$EF$18,1,$C28)<=30)+(INDEX(_calc_기준100!$CN$18:$EF$18,1,$D28)>15)*(INDEX(_calc_기준100!$CN$18:$EF$18,1,$D28)<=30)+(INDEX(_calc_기준100!$CN$18:$EF$18,1,$E28)>15)*(INDEX(_calc_기준100!$CN$18:$EF$18,1,$E28)<=30)+(INDEX(_calc_기준100!$CN$18:$EF$18,1,$F28)>15)*(INDEX(_calc_기준100!$CN$18:$EF$18,1,$F28)<=30)+(INDEX(_calc_기준100!$CN$18:$EF$18,1,$G28)>15)*(INDEX(_calc_기준100!$CN$18:$EF$18,1,$G28)<=30),"") -> 1 | K28: =IFERROR((INDEX(_calc_기준100!$CN$18:$EF$18,1,$B28)>30)+(INDEX(_calc_기준100!$CN$18:$EF$18,1,$C28)>30)+(INDEX(_calc_기준100!$CN$18:$EF$18,1,$D28)>30)+(INDEX(_calc_기준100!$CN$18:$EF$18,1,$E28)>30)+(INDEX(_calc_기준100!$CN$18:$EF$18,1,$F28)>30)+(INDEX(_calc_기준100!$CN$18:$EF$18,1,$G28)>30),"") -> 2 | L28: =IFERROR(MATCH(L$11,_calc_기준100!$CN$18:$EF$18,0),"") -> 7 | M28: =IFERROR(MATCH(M$11,_calc_기준100!$CN$18:$EF$18,0),"") -> 21 | N28: =IFERROR(MATCH(N$11,_calc_기준100!$CN$18:$EF$18,0),"") -> 12 | O28: =IFERROR(MATCH(O$11,_calc_기준100!$CN$18:$EF$18,0),"") -> 39 | P28: =IFERROR(MATCH(P$11,_calc_기준100!$CN$18:$EF$18,0),"") -> 38 | Q28: =IFERROR(MATCH(Q$11,_calc_기준100!$CN$18:$EF$18,0),"") -> 11 | R28: =IFERROR(MATCH(R$11,_calc_기준100!$CN$18:$EF$18,0),"") -> 35 | S28: =IFERROR(MATCH(S$11,_calc_기준100!$CN$18:$EF$18,0),"") -> 37 | ... BD28: =IFERROR(MATCH(BD$11,_calc_기준100!$CN$18:$EF$18,0),"") -> 23
A29: =A28-1 -> 1227 | B29: =IFERROR(INDEX(전체당첨내역!$B:$B,MATCH($A29,전체당첨내역!$A:$A,0)),"") -> 1 | C29: =IFERROR(INDEX(전체당첨내역!$C:$C,MATCH($A29,전체당첨내역!$A:$A,0)),"") -> 14 | D29: =IFERROR(INDEX(전체당첨내역!$D:$D,MATCH($A29,전체당첨내역!$A:$A,0)),"") -> 16 | E29: =IFERROR(INDEX(전체당첨내역!$E:$E,MATCH($A29,전체당첨내역!$A:$A,0)),"") -> 34 | F29: =IFERROR(INDEX(전체당첨내역!$F:$F,MATCH($A29,전체당첨내역!$A:$A,0)),"") -> 41 | G29: =IFERROR(INDEX(전체당첨내역!$G:$G,MATCH($A29,전체당첨내역!$A:$A,0)),"") -> 44 | H29: =IFERROR(INDEX(전체당첨내역!$H:$H,MATCH($A29,전체당첨내역!$A:$A,0)),"") -> 13 | I29: =IFERROR((INDEX(_calc_기준100!$CN$19:$EF$19,1,$B29)>0)*(INDEX(_calc_기준100!$CN$19:$EF$19,1,$B29)<=15)+(INDEX(_calc_기준100!$CN$19:$EF$19,1,$C29)>0)*(INDEX(_calc_기준100!$CN$19:$EF$19,1,$C29)<=15)+(INDEX(_calc_기준100!$CN$19:$EF$19,1,$D29)>0)*(INDEX(_calc_기준100!$CN$19:$EF$19,1,$D29)<=15)+(INDEX(_calc_기준100!$CN$19:$EF$19,1,$E29)>0)*(INDEX(_calc_기준100!$CN$19:$EF$19,1,$E29)<=15)+(INDEX(_calc_기준100!$CN$19:$EF$19,1,$F29)>0)*(INDEX(_calc_기준100!$CN$19:$EF$19,1,$F29)<=15)+(INDEX(_calc_기준100!$CN$19:$EF$19,1,$G29)>0)*(INDEX(_calc_기준100!$CN$19:$EF$19,1,$G29)<=15),"") -> 1 | J29: =IFERROR((INDEX(_calc_기준100!$CN$19:$EF$19,1,$B29)>15)*(INDEX(_calc_기준100!$CN$19:$EF$19,1,$B29)<=30)+(INDEX(_calc_기준100!$CN$19:$EF$19,1,$C29)>15)*(INDEX(_calc_기준100!$CN$19:$EF$19,1,$C29)<=30)+(INDEX(_calc_기준100!$CN$19:$EF$19,1,$D29)>15)*(INDEX(_calc_기준100!$CN$19:$EF$19,1,$D29)<=30)+(INDEX(_calc_기준100!$CN$19:$EF$19,1,$E29)>15)*(INDEX(_calc_기준100!$CN$19:$EF$19,1,$E29)<=30)+(INDEX(_calc_기준100!$CN$19:$EF$19,1,$F29)>15)*(INDEX(_calc_기준100!$CN$19:$EF$19,1,$F29)<=30)+(INDEX(_calc_기준100!$CN$19:$EF$19,1,$G29)>15)*(INDEX(_calc_기준100!$CN$19:$EF$19,1,$G29)<=30),"") -> 2 | K29: =IFERROR((INDEX(_calc_기준100!$CN$19:$EF$19,1,$B29)>30)+(INDEX(_calc_기준100!$CN$19:$EF$19,1,$C29)>30)+(INDEX(_calc_기준100!$CN$19:$EF$19,1,$D29)>30)+(INDEX(_calc_기준100!$CN$19:$EF$19,1,$E29)>30)+(INDEX(_calc_기준100!$CN$19:$EF$19,1,$F29)>30)+(INDEX(_calc_기준100!$CN$19:$EF$19,1,$G29)>30),"") -> 3 | L29: =IFERROR(MATCH(L$11,_calc_기준100!$CN$19:$EF$19,0),"") -> 7 | M29: =IFERROR(MATCH(M$11,_calc_기준100!$CN$19:$EF$19,0),"") -> 21 | N29: =IFERROR(MATCH(N$11,_calc_기준100!$CN$19:$EF$19,0),"") -> 12 | O29: =IFERROR(MATCH(O$11,_calc_기준100!$CN$19:$EF$19,0),"") -> 38 | P29: =IFERROR(MATCH(P$11,_calc_기준100!$CN$19:$EF$19,0),"") -> 30 | Q29: =IFERROR(MATCH(Q$11,_calc_기준100!$CN$19:$EF$19,0),"") -> 39 | R29: =IFERROR(MATCH(R$11,_calc_기준100!$CN$19:$EF$19,0),"") -> 35 | S29: =IFERROR(MATCH(S$11,_calc_기준100!$CN$19:$EF$19,0),"") -> 11 | ... BD29: =IFERROR(MATCH(BD$11,_calc_기준100!$CN$19:$EF$19,0),"") -> 41
A30: =A29-1 -> 1226 | B30: =IFERROR(INDEX(전체당첨내역!$B:$B,MATCH($A30,전체당첨내역!$A:$A,0)),"") -> 4 | C30: =IFERROR(INDEX(전체당첨내역!$C:$C,MATCH($A30,전체당첨내역!$A:$A,0)),"") -> 6 | D30: =IFERROR(INDEX(전체당첨내역!$D:$D,MATCH($A30,전체당첨내역!$A:$A,0)),"") -> 13 | E30: =IFERROR(INDEX(전체당첨내역!$E:$E,MATCH($A30,전체당첨내역!$A:$A,0)),"") -> 17 | F30: =IFERROR(INDEX(전체당첨내역!$F:$F,MATCH($A30,전체당첨내역!$A:$A,0)),"") -> 26 | G30: =IFERROR(INDEX(전체당첨내역!$G:$G,MATCH($A30,전체당첨내역!$A:$A,0)),"") -> 28 | H30: =IFERROR(INDEX(전체당첨내역!$H:$H,MATCH($A30,전체당첨내역!$A:$A,0)),"") -> 41 | I30: =IFERROR((INDEX(_calc_기준100!$CN$20:$EF$20,1,$B30)>0)*(INDEX(_calc_기준100!$CN$20:$EF$20,1,$B30)<=15)+(INDEX(_calc_기준100!$CN$20:$EF$20,1,$C30)>0)*(INDEX(_calc_기준100!$CN$20:$EF$20,1,$C30)<=15)+(INDEX(_calc_기준100!$CN$20:$EF$20,1,$D30)>0)*(INDEX(_calc_기준100!$CN$20:$EF$20,1,$D30)<=15)+(INDEX(_calc_기준100!$CN$20:$EF$20,1,$E30)>0)*(INDEX(_calc_기준100!$CN$20:$EF$20,1,$E30)<=15)+(INDEX(_calc_기준100!$CN$20:$EF$20,1,$F30)>0)*(INDEX(_calc_기준100!$CN$20:$EF$20,1,$F30)<=15)+(INDEX(_calc_기준100!$CN$20:$EF$20,1,$G30)>0)*(INDEX(_calc_기준100!$CN$20:$EF$20,1,$G30)<=15),"") -> 1 | J30: =IFERROR((INDEX(_calc_기준100!$CN$20:$EF$20,1,$B30)>15)*(INDEX(_calc_기준100!$CN$20:$EF$20,1,$B30)<=30)+(INDEX(_calc_기준100!$CN$20:$EF$20,1,$C30)>15)*(INDEX(_calc_기준100!$CN$20:$EF$20,1,$C30)<=30)+(INDEX(_calc_기준100!$CN$20:$EF$20,1,$D30)>15)*(INDEX(_calc_기준100!$CN$20:$EF$20,1,$D30)<=30)+(INDEX(_calc_기준100!$CN$20:$EF$20,1,$E30)>15)*(INDEX(_calc_기준100!$CN$20:$EF$20,1,$E30)<=30)+(INDEX(_calc_기준100!$CN$20:$EF$20,1,$F30)>15)*(INDEX(_calc_기준100!$CN$20:$EF$20,1,$F30)<=30)+(INDEX(_calc_기준100!$CN$20:$EF$20,1,$G30)>15)*(INDEX(_calc_기준100!$CN$20:$EF$20,1,$G30)<=30),"") -> 4 | K30: =IFERROR((INDEX(_calc_기준100!$CN$20:$EF$20,1,$B30)>30)+(INDEX(_calc_기준100!$CN$20:$EF$20,1,$C30)>30)+(INDEX(_calc_기준100!$CN$20:$EF$20,1,$D30)>30)+(INDEX(_calc_기준100!$CN$20:$EF$20,1,$E30)>30)+(INDEX(_calc_기준100!$CN$20:$EF$20,1,$F30)>30)+(INDEX(_calc_기준100!$CN$20:$EF$20,1,$G30)>30),"") -> 1 | L30: =IFERROR(MATCH(L$11,_calc_기준100!$CN$20:$EF$20,0),"") -> 11 | M30: =IFERROR(MATCH(M$11,_calc_기준100!$CN$20:$EF$20,0),"") -> 12 | N30: =IFERROR(MATCH(N$11,_calc_기준100!$CN$20:$EF$20,0),"") -> 21 | O30: =IFERROR(MATCH(O$11,_calc_기준100!$CN$20:$EF$20,0),"") -> 39 | P30: =IFERROR(MATCH(P$11,_calc_기준100!$CN$20:$EF$20,0),"") -> 7 | Q30: =IFERROR(MATCH(Q$11,_calc_기준100!$CN$20:$EF$20,0),"") -> 13 | R30: =IFERROR(MATCH(R$11,_calc_기준100!$CN$20:$EF$20,0),"") -> 37 | S30: =IFERROR(MATCH(S$11,_calc_기준100!$CN$20:$EF$20,0),"") -> 38 | ... BD30: =IFERROR(MATCH(BD$11,_calc_기준100!$CN$20:$EF$20,0),"") -> 41
A31: =A30-1 -> 1225 | B31: =IFERROR(INDEX(전체당첨내역!$B:$B,MATCH($A31,전체당첨내역!$A:$A,0)),"") -> 8 | C31: =IFERROR(INDEX(전체당첨내역!$C:$C,MATCH($A31,전체당첨내역!$A:$A,0)),"") -> 9 | D31: =IFERROR(INDEX(전체당첨내역!$D:$D,MATCH($A31,전체당첨내역!$A:$A,0)),"") -> 19 | E31: =IFERROR(INDEX(전체당첨내역!$E:$E,MATCH($A31,전체당첨내역!$A:$A,0)),"") -> 25 | F31: =IFERROR(INDEX(전체당첨내역!$F:$F,MATCH($A31,전체당첨내역!$A:$A,0)),"") -> 41 | G31: =IFERROR(INDEX(전체당첨내역!$G:$G,MATCH($A31,전체당첨내역!$A:$A,0)),"") -> 42 | H31: =IFERROR(INDEX(전체당첨내역!$H:$H,MATCH($A31,전체당첨내역!$A:$A,0)),"") -> 33 | I31: =IFERROR((INDEX(_calc_기준100!$CN$21:$EF$21,1,$B31)>0)*(INDEX(_calc_기준100!$CN$21:$EF$21,1,$B31)<=15)+(INDEX(_calc_기준100!$CN$21:$EF$21,1,$C31)>0)*(INDEX(_calc_기준100!$CN$21:$EF$21,1,$C31)<=15)+(INDEX(_calc_기준100!$CN$21:$EF$21,1,$D31)>0)*(INDEX(_calc_기준100!$CN$21:$EF$21,1,$D31)<=15)+(INDEX(_calc_기준100!$CN$21:$EF$21,1,$E31)>0)*(INDEX(_calc_기준100!$CN$21:$EF$21,1,$E31)<=15)+(INDEX(_calc_기준100!$CN$21:$EF$21,1,$F31)>0)*(INDEX(_calc_기준100!$CN$21:$EF$21,1,$F31)<=15)+(INDEX(_calc_기준100!$CN$21:$EF$21,1,$G31)>0)*(INDEX(_calc_기준100!$CN$21:$EF$21,1,$G31)<=15),"") -> 1 | J31: =IFERROR((INDEX(_calc_기준100!$CN$21:$EF$21,1,$B31)>15)*(INDEX(_calc_기준100!$CN$21:$EF$21,1,$B31)<=30)+(INDEX(_calc_기준100!$CN$21:$EF$21,1,$C31)>15)*(INDEX(_calc_기준100!$CN$21:$EF$21,1,$C31)<=30)+(INDEX(_calc_기준100!$CN$21:$EF$21,1,$D31)>15)*(INDEX(_calc_기준100!$CN$21:$EF$21,1,$D31)<=30)+(INDEX(_calc_기준100!$CN$21:$EF$21,1,$E31)>15)*(INDEX(_calc_기준100!$CN$21:$EF$21,1,$E31)<=30)+(INDEX(_calc_기준100!$CN$21:$EF$21,1,$F31)>15)*(INDEX(_calc_기준100!$CN$21:$EF$21,1,$F31)<=30)+(INDEX(_calc_기준100!$CN$21:$EF$21,1,$G31)>15)*(INDEX(_calc_기준100!$CN$21:$EF$21,1,$G31)<=30),"") -> 4 | K31: =IFERROR((INDEX(_calc_기준100!$CN$21:$EF$21,1,$B31)>30)+(INDEX(_calc_기준100!$CN$21:$EF$21,1,$C31)>30)+(INDEX(_calc_기준100!$CN$21:$EF$21,1,$D31)>30)+(INDEX(_calc_기준100!$CN$21:$EF$21,1,$E31)>30)+(INDEX(_calc_기준100!$CN$21:$EF$21,1,$F31)>30)+(INDEX(_calc_기준100!$CN$21:$EF$21,1,$G31)>30),"") -> 1 | L31: =IFERROR(MATCH(L$11,_calc_기준100!$CN$21:$EF$21,0),"") -> 11 | M31: =IFERROR(MATCH(M$11,_calc_기준100!$CN$21:$EF$21,0),"") -> 12 | N31: =IFERROR(MATCH(N$11,_calc_기준100!$CN$21:$EF$21,0),"") -> 21 | O31: =IFERROR(MATCH(O$11,_calc_기준100!$CN$21:$EF$21,0),"") -> 39 | P31: =IFERROR(MATCH(P$11,_calc_기준100!$CN$21:$EF$21,0),"") -> 7 | Q31: =IFERROR(MATCH(Q$11,_calc_기준100!$CN$21:$EF$21,0),"") -> 13 | R31: =IFERROR(MATCH(R$11,_calc_기준100!$CN$21:$EF$21,0),"") -> 37 | S31: =IFERROR(MATCH(S$11,_calc_기준100!$CN$21:$EF$21,0),"") -> 38 | ... BD31: =IFERROR(MATCH(BD$11,_calc_기준100!$CN$21:$EF$21,0),"") -> 23
A32: =A31-1 -> 1224 | B32: =IFERROR(INDEX(전체당첨내역!$B:$B,MATCH($A32,전체당첨내역!$A:$A,0)),"") -> 9 | C32: =IFERROR(INDEX(전체당첨내역!$C:$C,MATCH($A32,전체당첨내역!$A:$A,0)),"") -> 18 | D32: =IFERROR(INDEX(전체당첨내역!$D:$D,MATCH($A32,전체당첨내역!$A:$A,0)),"") -> 21 | E32: =IFERROR(INDEX(전체당첨내역!$E:$E,MATCH($A32,전체당첨내역!$A:$A,0)),"") -> 27 | F32: =IFERROR(INDEX(전체당첨내역!$F:$F,MATCH($A32,전체당첨내역!$A:$A,0)),"") -> 44 | G32: =IFERROR(INDEX(전체당첨내역!$G:$G,MATCH($A32,전체당첨내역!$A:$A,0)),"") -> 45 | H32: =IFERROR(INDEX(전체당첨내역!$H:$H,MATCH($A32,전체당첨내역!$A:$A,0)),"") -> 28 | I32: =IFERROR((INDEX(_calc_기준100!$CN$22:$EF$22,1,$B32)>0)*(INDEX(_calc_기준100!$CN$22:$EF$22,1,$B32)<=15)+(INDEX(_calc_기준100!$CN$22:$EF$22,1,$C32)>0)*(INDEX(_calc_기준100!$CN$22:$EF$22,1,$C32)<=15)+(INDEX(_calc_기준100!$CN$22:$EF$22,1,$D32)>0)*(INDEX(_calc_기준100!$CN$22:$EF$22,1,$D32)<=15)+(INDEX(_calc_기준100!$CN$22:$EF$22,1,$E32)>0)*(INDEX(_calc_기준100!$CN$22:$EF$22,1,$E32)<=15)+(INDEX(_calc_기준100!$CN$22:$EF$22,1,$F32)>0)*(INDEX(_calc_기준100!$CN$22:$EF$22,1,$F32)<=15)+(INDEX(_calc_기준100!$CN$22:$EF$22,1,$G32)>0)*(INDEX(_calc_기준100!$CN$22:$EF$22,1,$G32)<=15),"") -> 2 | J32: =IFERROR((INDEX(_calc_기준100!$CN$22:$EF$22,1,$B32)>15)*(INDEX(_calc_기준100!$CN$22:$EF$22,1,$B32)<=30)+(INDEX(_calc_기준100!$CN$22:$EF$22,1,$C32)>15)*(INDEX(_calc_기준100!$CN$22:$EF$22,1,$C32)<=30)+(INDEX(_calc_기준100!$CN$22:$EF$22,1,$D32)>15)*(INDEX(_calc_기준100!$CN$22:$EF$22,1,$D32)<=30)+(INDEX(_calc_기준100!$CN$22:$EF$22,1,$E32)>15)*(INDEX(_calc_기준100!$CN$22:$EF$22,1,$E32)<=30)+(INDEX(_calc_기준100!$CN$22:$EF$22,1,$F32)>15)*(INDEX(_calc_기준100!$CN$22:$EF$22,1,$F32)<=30)+(INDEX(_calc_기준100!$CN$22:$EF$22,1,$G32)>15)*(INDEX(_calc_기준100!$CN$22:$EF$22,1,$G32)<=30),"") -> 1 | K32: =IFERROR((INDEX(_calc_기준100!$CN$22:$EF$22,1,$B32)>30)+(INDEX(_calc_기준100!$CN$22:$EF$22,1,$C32)>30)+(INDEX(_calc_기준100!$CN$22:$EF$22,1,$D32)>30)+(INDEX(_calc_기준100!$CN$22:$EF$22,1,$E32)>30)+(INDEX(_calc_기준100!$CN$22:$EF$22,1,$F32)>30)+(INDEX(_calc_기준100!$CN$22:$EF$22,1,$G32)>30),"") -> 3 | L32: =IFERROR(MATCH(L$11,_calc_기준100!$CN$22:$EF$22,0),"") -> 7 | M32: =IFERROR(MATCH(M$11,_calc_기준100!$CN$22:$EF$22,0),"") -> 12 | N32: =IFERROR(MATCH(N$11,_calc_기준100!$CN$22:$EF$22,0),"") -> 9 | O32: =IFERROR(MATCH(O$11,_calc_기준100!$CN$22:$EF$22,0),"") -> 13 | P32: =IFERROR(MATCH(P$11,_calc_기준100!$CN$22:$EF$22,0),"") -> 37 | Q32: =IFERROR(MATCH(Q$11,_calc_기준100!$CN$22:$EF$22,0),"") -> 38 | R32: =IFERROR(MATCH(R$11,_calc_기준100!$CN$22:$EF$22,0),"") -> 21 | S32: =IFERROR(MATCH(S$11,_calc_기준100!$CN$22:$EF$22,0),"") -> 29 | ... BD32: =IFERROR(MATCH(BD$11,_calc_기준100!$CN$22:$EF$22,0),"") -> 23
A33: =A32-1 -> 1223 | B33: =IFERROR(INDEX(전체당첨내역!$B:$B,MATCH($A33,전체당첨내역!$A:$A,0)),"") -> 16 | C33: =IFERROR(INDEX(전체당첨내역!$C:$C,MATCH($A33,전체당첨내역!$A:$A,0)),"") -> 18 | D33: =IFERROR(INDEX(전체당첨내역!$D:$D,MATCH($A33,전체당첨내역!$A:$A,0)),"") -> 20 | E33: =IFERROR(INDEX(전체당첨내역!$E:$E,MATCH($A33,전체당첨내역!$A:$A,0)),"") -> 32 | F33: =IFERROR(INDEX(전체당첨내역!$F:$F,MATCH($A33,전체당첨내역!$A:$A,0)),"") -> 33 | G33: =IFERROR(INDEX(전체당첨내역!$G:$G,MATCH($A33,전체당첨내역!$A:$A,0)),"") -> 39 | H33: =IFERROR(INDEX(전체당첨내역!$H:$H,MATCH($A33,전체당첨내역!$A:$A,0)),"") -> 26 | I33: =IFERROR((INDEX(_calc_기준100!$CN$23:$EF$23,1,$B33)>0)*(INDEX(_calc_기준100!$CN$23:$EF$23,1,$B33)<=15)+(INDEX(_calc_기준100!$CN$23:$EF$23,1,$C33)>0)*(INDEX(_calc_기준100!$CN$23:$EF$23,1,$C33)<=15)+(INDEX(_calc_기준100!$CN$23:$EF$23,1,$D33)>0)*(INDEX(_calc_기준100!$CN$23:$EF$23,1,$D33)<=15)+(INDEX(_calc_기준100!$CN$23:$EF$23,1,$E33)>0)*(INDEX(_calc_기준100!$CN$23:$EF$23,1,$E33)<=15)+(INDEX(_calc_기준100!$CN$23:$EF$23,1,$F33)>0)*(INDEX(_calc_기준100!$CN$23:$EF$23,1,$F33)<=15)+(INDEX(_calc_기준100!$CN$23:$EF$23,1,$G33)>0)*(INDEX(_calc_기준100!$CN$23:$EF$23,1,$G33)<=15),"") -> 2 | J33: =IFERROR((INDEX(_calc_기준100!$CN$23:$EF$23,1,$B33)>15)*(INDEX(_calc_기준100!$CN$23:$EF$23,1,$B33)<=30)+(INDEX(_calc_기준100!$CN$23:$EF$23,1,$C33)>15)*(INDEX(_calc_기준100!$CN$23:$EF$23,1,$C33)<=30)+(INDEX(_calc_기준100!$CN$23:$EF$23,1,$D33)>15)*(INDEX(_calc_기준100!$CN$23:$EF$23,1,$D33)<=30)+(INDEX(_calc_기준100!$CN$23:$EF$23,1,$E33)>15)*(INDEX(_calc_기준100!$CN$23:$EF$23,1,$E33)<=30)+(INDEX(_calc_기준100!$CN$23:$EF$23,1,$F33)>15)*(INDEX(_calc_기준100!$CN$23:$EF$23,1,$F33)<=30)+(INDEX(_calc_기준100!$CN$23:$EF$23,1,$G33)>15)*(INDEX(_calc_기준100!$CN$23:$EF$23,1,$G33)<=30),"") -> 0 | K33: =IFERROR((INDEX(_calc_기준100!$CN$23:$EF$23,1,$B33)>30)+(INDEX(_calc_기준100!$CN$23:$EF$23,1,$C33)>30)+(INDEX(_calc_기준100!$CN$23:$EF$23,1,$D33)>30)+(INDEX(_calc_기준100!$CN$23:$EF$23,1,$E33)>30)+(INDEX(_calc_기준100!$CN$23:$EF$23,1,$F33)>30)+(INDEX(_calc_기준100!$CN$23:$EF$23,1,$G33)>30),"") -> 4 | L33: =IFERROR(MATCH(L$11,_calc_기준100!$CN$23:$EF$23,0),"") -> 21 | M33: =IFERROR(MATCH(M$11,_calc_기준100!$CN$23:$EF$23,0),"") -> 33 | N33: =IFERROR(MATCH(N$11,_calc_기준100!$CN$23:$EF$23,0),"") -> 7 | O33: =IFERROR(MATCH(O$11,_calc_기준100!$CN$23:$EF$23,0),"") -> 12 | P33: =IFERROR(MATCH(P$11,_calc_기준100!$CN$23:$EF$23,0),"") -> 13 | Q33: =IFERROR(MATCH(Q$11,_calc_기준100!$CN$23:$EF$23,0),"") -> 34 | R33: =IFERROR(MATCH(R$11,_calc_기준100!$CN$23:$EF$23,0),"") -> 37 | S33: =IFERROR(MATCH(S$11,_calc_기준100!$CN$23:$EF$23,0),"") -> 38 | ... BD33: =IFERROR(MATCH(BD$11,_calc_기준100!$CN$23:$EF$23,0),"") -> 23
A34: =A33-1 -> 1222 | B34: =IFERROR(INDEX(전체당첨내역!$B:$B,MATCH($A34,전체당첨내역!$A:$A,0)),"") -> 4 | C34: =IFERROR(INDEX(전체당첨내역!$C:$C,MATCH($A34,전체당첨내역!$A:$A,0)),"") -> 11 | D34: =IFERROR(INDEX(전체당첨내역!$D:$D,MATCH($A34,전체당첨내역!$A:$A,0)),"") -> 17 | E34: =IFERROR(INDEX(전체당첨내역!$E:$E,MATCH($A34,전체당첨내역!$A:$A,0)),"") -> 22 | F34: =IFERROR(INDEX(전체당첨내역!$F:$F,MATCH($A34,전체당첨내역!$A:$A,0)),"") -> 32 | G34: =IFERROR(INDEX(전체당첨내역!$G:$G,MATCH($A34,전체당첨내역!$A:$A,0)),"") -> 41 | H34: =IFERROR(INDEX(전체당첨내역!$H:$H,MATCH($A34,전체당첨내역!$A:$A,0)),"") -> 34 | I34: =IFERROR((INDEX(_calc_기준100!$CN$24:$EF$24,1,$B34)>0)*(INDEX(_calc_기준100!$CN$24:$EF$24,1,$B34)<=15)+(INDEX(_calc_기준100!$CN$24:$EF$24,1,$C34)>0)*(INDEX(_calc_기준100!$CN$24:$EF$24,1,$C34)<=15)+(INDEX(_calc_기준100!$CN$24:$EF$24,1,$D34)>0)*(INDEX(_calc_기준100!$CN$24:$EF$24,1,$D34)<=15)+(INDEX(_calc_기준100!$CN$24:$EF$24,1,$E34)>0)*(INDEX(_calc_기준100!$CN$24:$EF$24,1,$E34)<=15)+(INDEX(_calc_기준100!$CN$24:$EF$24,1,$F34)>0)*(INDEX(_calc_기준100!$CN$24:$EF$24,1,$F34)<=15)+(INDEX(_calc_기준100!$CN$24:$EF$24,1,$G34)>0)*(INDEX(_calc_기준100!$CN$24:$EF$24,1,$G34)<=15),"") -> 1 | J34: =IFERROR((INDEX(_calc_기준100!$CN$24:$EF$24,1,$B34)>15)*(INDEX(_calc_기준100!$CN$24:$EF$24,1,$B34)<=30)+(INDEX(_calc_기준100!$CN$24:$EF$24,1,$C34)>15)*(INDEX(_calc_기준100!$CN$24:$EF$24,1,$C34)<=30)+(INDEX(_calc_기준100!$CN$24:$EF$24,1,$D34)>15)*(INDEX(_calc_기준100!$CN$24:$EF$24,1,$D34)<=30)+(INDEX(_calc_기준100!$CN$24:$EF$24,1,$E34)>15)*(INDEX(_calc_기준100!$CN$24:$EF$24,1,$E34)<=30)+(INDEX(_calc_기준100!$CN$24:$EF$24,1,$F34)>15)*(INDEX(_calc_기준100!$CN$24:$EF$24,1,$F34)<=30)+(INDEX(_calc_기준100!$CN$24:$EF$24,1,$G34)>15)*(INDEX(_calc_기준100!$CN$24:$EF$24,1,$G34)<=30),"") -> 2 | K34: =IFERROR((INDEX(_calc_기준100!$CN$24:$EF$24,1,$B34)>30)+(INDEX(_calc_기준100!$CN$24:$EF$24,1,$C34)>30)+(INDEX(_calc_기준100!$CN$24:$EF$24,1,$D34)>30)+(INDEX(_calc_기준100!$CN$24:$EF$24,1,$E34)>30)+(INDEX(_calc_기준100!$CN$24:$EF$24,1,$F34)>30)+(INDEX(_calc_기준100!$CN$24:$EF$24,1,$G34)>30),"") -> 3 | L34: =IFERROR(MATCH(L$11,_calc_기준100!$CN$24:$EF$24,0),"") -> 21 | M34: =IFERROR(MATCH(M$11,_calc_기준100!$CN$24:$EF$24,0),"") -> 34 | N34: =IFERROR(MATCH(N$11,_calc_기준100!$CN$24:$EF$24,0),"") -> 12 | O34: =IFERROR(MATCH(O$11,_calc_기준100!$CN$24:$EF$24,0),"") -> 33 | P34: =IFERROR(MATCH(P$11,_calc_기준100!$CN$24:$EF$24,0),"") -> 37 | Q34: =IFERROR(MATCH(Q$11,_calc_기준100!$CN$24:$EF$24,0),"") -> 38 | R34: =IFERROR(MATCH(R$11,_calc_기준100!$CN$24:$EF$24,0),"") -> 13 | S34: =IFERROR(MATCH(S$11,_calc_기준100!$CN$24:$EF$24,0),"") -> 7 | ... BD34: =IFERROR(MATCH(BD$11,_calc_기준100!$CN$24:$EF$24,0),"") -> 23
A35: =A34-1 -> 1221 | B35: =IFERROR(INDEX(전체당첨내역!$B:$B,MATCH($A35,전체당첨내역!$A:$A,0)),"") -> 6 | C35: =IFERROR(INDEX(전체당첨내역!$C:$C,MATCH($A35,전체당첨내역!$A:$A,0)),"") -> 13 | D35: =IFERROR(INDEX(전체당첨내역!$D:$D,MATCH($A35,전체당첨내역!$A:$A,0)),"") -> 18 | E35: =IFERROR(INDEX(전체당첨내역!$E:$E,MATCH($A35,전체당첨내역!$A:$A,0)),"") -> 28 | F35: =IFERROR(INDEX(전체당첨내역!$F:$F,MATCH($A35,전체당첨내역!$A:$A,0)),"") -> 30 | G35: =IFERROR(INDEX(전체당첨내역!$G:$G,MATCH($A35,전체당첨내역!$A:$A,0)),"") -> 36 | H35: =IFERROR(INDEX(전체당첨내역!$H:$H,MATCH($A35,전체당첨내역!$A:$A,0)),"") -> 9 | I35: =IFERROR((INDEX(_calc_기준100!$CN$25:$EF$25,1,$B35)>0)*(INDEX(_calc_기준100!$CN$25:$EF$25,1,$B35)<=15)+(INDEX(_calc_기준100!$CN$25:$EF$25,1,$C35)>0)*(INDEX(_calc_기준100!$CN$25:$EF$25,1,$C35)<=15)+(INDEX(_calc_기준100!$CN$25:$EF$25,1,$D35)>0)*(INDEX(_calc_기준100!$CN$25:$EF$25,1,$D35)<=15)+(INDEX(_calc_기준100!$CN$25:$EF$25,1,$E35)>0)*(INDEX(_calc_기준100!$CN$25:$EF$25,1,$E35)<=15)+(INDEX(_calc_기준100!$CN$25:$EF$25,1,$F35)>0)*(INDEX(_calc_기준100!$CN$25:$EF$25,1,$F35)<=15)+(INDEX(_calc_기준100!$CN$25:$EF$25,1,$G35)>0)*(INDEX(_calc_기준100!$CN$25:$EF$25,1,$G35)<=15),"") -> 3 | J35: =IFERROR((INDEX(_calc_기준100!$CN$25:$EF$25,1,$B35)>15)*(INDEX(_calc_기준100!$CN$25:$EF$25,1,$B35)<=30)+(INDEX(_calc_기준100!$CN$25:$EF$25,1,$C35)>15)*(INDEX(_calc_기준100!$CN$25:$EF$25,1,$C35)<=30)+(INDEX(_calc_기준100!$CN$25:$EF$25,1,$D35)>15)*(INDEX(_calc_기준100!$CN$25:$EF$25,1,$D35)<=30)+(INDEX(_calc_기준100!$CN$25:$EF$25,1,$E35)>15)*(INDEX(_calc_기준100!$CN$25:$EF$25,1,$E35)<=30)+(INDEX(_calc_기준100!$CN$25:$EF$25,1,$F35)>15)*(INDEX(_calc_기준100!$CN$25:$EF$25,1,$F35)<=30)+(INDEX(_calc_기준100!$CN$25:$EF$25,1,$G35)>15)*(INDEX(_calc_기준100!$CN$25:$EF$25,1,$G35)<=30),"") -> 1 | K35: =IFERROR((INDEX(_calc_기준100!$CN$25:$EF$25,1,$B35)>30)+(INDEX(_calc_기준100!$CN$25:$EF$25,1,$C35)>30)+(INDEX(_calc_기준100!$CN$25:$EF$25,1,$D35)>30)+(INDEX(_calc_기준100!$CN$25:$EF$25,1,$E35)>30)+(INDEX(_calc_기준100!$CN$25:$EF$25,1,$F35)>30)+(INDEX(_calc_기준100!$CN$25:$EF$25,1,$G35)>30),"") -> 2 | L35: =IFERROR(MATCH(L$11,_calc_기준100!$CN$25:$EF$25,0),"") -> 21 | M35: =IFERROR(MATCH(M$11,_calc_기준100!$CN$25:$EF$25,0),"") -> 34 | N35: =IFERROR(MATCH(N$11,_calc_기준100!$CN$25:$EF$25,0),"") -> 13 | O35: =IFERROR(MATCH(O$11,_calc_기준100!$CN$25:$EF$25,0),"") -> 38 | P35: =IFERROR(MATCH(P$11,_calc_기준100!$CN$25:$EF$25,0),"") -> 33 | Q35: =IFERROR(MATCH(Q$11,_calc_기준100!$CN$25:$EF$25,0),"") -> 37 | R35: =IFERROR(MATCH(R$11,_calc_기준100!$CN$25:$EF$25,0),"") -> 19 | S35: =IFERROR(MATCH(S$11,_calc_기준100!$CN$25:$EF$25,0),"") -> 29 | ... BD35: =IFERROR(MATCH(BD$11,_calc_기준100!$CN$25:$EF$25,0),"") -> 23
A36: =A35-1 -> 1220 | B36: =IFERROR(INDEX(전체당첨내역!$B:$B,MATCH($A36,전체당첨내역!$A:$A,0)),"") -> 2 | C36: =IFERROR(INDEX(전체당첨내역!$C:$C,MATCH($A36,전체당첨내역!$A:$A,0)),"") -> 22 | D36: =IFERROR(INDEX(전체당첨내역!$D:$D,MATCH($A36,전체당첨내역!$A:$A,0)),"") -> 25 | E36: =IFERROR(INDEX(전체당첨내역!$E:$E,MATCH($A36,전체당첨내역!$A:$A,0)),"") -> 28 | F36: =IFERROR(INDEX(전체당첨내역!$F:$F,MATCH($A36,전체당첨내역!$A:$A,0)),"") -> 34 | G36: =IFERROR(INDEX(전체당첨내역!$G:$G,MATCH($A36,전체당첨내역!$A:$A,0)),"") -> 43 | H36: =IFERROR(INDEX(전체당첨내역!$H:$H,MATCH($A36,전체당첨내역!$A:$A,0)),"") -> 16 | I36: =IFERROR((INDEX(_calc_기준100!$CN$26:$EF$26,1,$B36)>0)*(INDEX(_calc_기준100!$CN$26:$EF$26,1,$B36)<=15)+(INDEX(_calc_기준100!$CN$26:$EF$26,1,$C36)>0)*(INDEX(_calc_기준100!$CN$26:$EF$26,1,$C36)<=15)+(INDEX(_calc_기준100!$CN$26:$EF$26,1,$D36)>0)*(INDEX(_calc_기준100!$CN$26:$EF$26,1,$D36)<=15)+(INDEX(_calc_기준100!$CN$26:$EF$26,1,$E36)>0)*(INDEX(_calc_기준100!$CN$26:$EF$26,1,$E36)<=15)+(INDEX(_calc_기준100!$CN$26:$EF$26,1,$F36)>0)*(INDEX(_calc_기준100!$CN$26:$EF$26,1,$F36)<=15)+(INDEX(_calc_기준100!$CN$26:$EF$26,1,$G36)>0)*(INDEX(_calc_기준100!$CN$26:$EF$26,1,$G36)<=15),"") -> 3 | J36: =IFERROR((INDEX(_calc_기준100!$CN$26:$EF$26,1,$B36)>15)*(INDEX(_calc_기준100!$CN$26:$EF$26,1,$B36)<=30)+(INDEX(_calc_기준100!$CN$26:$EF$26,1,$C36)>15)*(INDEX(_calc_기준100!$CN$26:$EF$26,1,$C36)<=30)+(INDEX(_calc_기준100!$CN$26:$EF$26,1,$D36)>15)*(INDEX(_calc_기준100!$CN$26:$EF$26,1,$D36)<=30)+(INDEX(_calc_기준100!$CN$26:$EF$26,1,$E36)>15)*(INDEX(_calc_기준100!$CN$26:$EF$26,1,$E36)<=30)+(INDEX(_calc_기준100!$CN$26:$EF$26,1,$F36)>15)*(INDEX(_calc_기준100!$CN$26:$EF$26,1,$F36)<=30)+(INDEX(_calc_기준100!$CN$26:$EF$26,1,$G36)>15)*(INDEX(_calc_기준100!$CN$26:$EF$26,1,$G36)<=30),"") -> 3 | K36: =IFERROR((INDEX(_calc_기준100!$CN$26:$EF$26,1,$B36)>30)+(INDEX(_calc_기준100!$CN$26:$EF$26,1,$C36)>30)+(INDEX(_calc_기준100!$CN$26:$EF$26,1,$D36)>30)+(INDEX(_calc_기준100!$CN$26:$EF$26,1,$E36)>30)+(INDEX(_calc_기준100!$CN$26:$EF$26,1,$F36)>30)+(INDEX(_calc_기준100!$CN$26:$EF$26,1,$G36)>30),"") -> 0 | L36: =IFERROR(MATCH(L$11,_calc_기준100!$CN$26:$EF$26,0),"") -> 21 | M36: =IFERROR(MATCH(M$11,_calc_기준100!$CN$26:$EF$26,0),"") -> 33 | N36: =IFERROR(MATCH(N$11,_calc_기준100!$CN$26:$EF$26,0),"") -> 34 | O36: =IFERROR(MATCH(O$11,_calc_기준100!$CN$26:$EF$26,0),"") -> 37 | P36: =IFERROR(MATCH(P$11,_calc_기준100!$CN$26:$EF$26,0),"") -> 19 | Q36: =IFERROR(MATCH(Q$11,_calc_기준100!$CN$26:$EF$26,0),"") -> 13 | R36: =IFERROR(MATCH(R$11,_calc_기준100!$CN$26:$EF$26,0),"") -> 38 | S36: =IFERROR(MATCH(S$11,_calc_기준100!$CN$26:$EF$26,0),"") -> 2 | ... BD36: =IFERROR(MATCH(BD$11,_calc_기준100!$CN$26:$EF$26,0),"") -> 23
A37: =A36-1 -> 1219 | B37: =IFERROR(INDEX(전체당첨내역!$B:$B,MATCH($A37,전체당첨내역!$A:$A,0)),"") -> 1 | C37: =IFERROR(INDEX(전체당첨내역!$C:$C,MATCH($A37,전체당첨내역!$A:$A,0)),"") -> 2 | D37: =IFERROR(INDEX(전체당첨내역!$D:$D,MATCH($A37,전체당첨내역!$A:$A,0)),"") -> 15 | E37: =IFERROR(INDEX(전체당첨내역!$E:$E,MATCH($A37,전체당첨내역!$A:$A,0)),"") -> 28 | F37: =IFERROR(INDEX(전체당첨내역!$F:$F,MATCH($A37,전체당첨내역!$A:$A,0)),"") -> 39 | G37: =IFERROR(INDEX(전체당첨내역!$G:$G,MATCH($A37,전체당첨내역!$A:$A,0)),"") -> 45 | H37: =IFERROR(INDEX(전체당첨내역!$H:$H,MATCH($A37,전체당첨내역!$A:$A,0)),"") -> 31 | I37: =IFERROR((INDEX(_calc_기준100!$CN$27:$EF$27,1,$B37)>0)*(INDEX(_calc_기준100!$CN$27:$EF$27,1,$B37)<=15)+(INDEX(_calc_기준100!$CN$27:$EF$27,1,$C37)>0)*(INDEX(_calc_기준100!$CN$27:$EF$27,1,$C37)<=15)+(INDEX(_calc_기준100!$CN$27:$EF$27,1,$D37)>0)*(INDEX(_calc_기준100!$CN$27:$EF$27,1,$D37)<=15)+(INDEX(_calc_기준100!$CN$27:$EF$27,1,$E37)>0)*(INDEX(_calc_기준100!$CN$27:$EF$27,1,$E37)<=15)+(INDEX(_calc_기준100!$CN$27:$EF$27,1,$F37)>0)*(INDEX(_calc_기준100!$CN$27:$EF$27,1,$F37)<=15)+(INDEX(_calc_기준100!$CN$27:$EF$27,1,$G37)>0)*(INDEX(_calc_기준100!$CN$27:$EF$27,1,$G37)<=15),"") -> 2 | J37: =IFERROR((INDEX(_calc_기준100!$CN$27:$EF$27,1,$B37)>15)*(INDEX(_calc_기준100!$CN$27:$EF$27,1,$B37)<=30)+(INDEX(_calc_기준100!$CN$27:$EF$27,1,$C37)>15)*(INDEX(_calc_기준100!$CN$27:$EF$27,1,$C37)<=30)+(INDEX(_calc_기준100!$CN$27:$EF$27,1,$D37)>15)*(INDEX(_calc_기준100!$CN$27:$EF$27,1,$D37)<=30)+(INDEX(_calc_기준100!$CN$27:$EF$27,1,$E37)>15)*(INDEX(_calc_기준100!$CN$27:$EF$27,1,$E37)<=30)+(INDEX(_calc_기준100!$CN$27:$EF$27,1,$F37)>15)*(INDEX(_calc_기준100!$CN$27:$EF$27,1,$F37)<=30)+(INDEX(_calc_기준100!$CN$27:$EF$27,1,$G37)>15)*(INDEX(_calc_기준100!$CN$27:$EF$27,1,$G37)<=30),"") -> 3 | K37: =IFERROR((INDEX(_calc_기준100!$CN$27:$EF$27,1,$B37)>30)+(INDEX(_calc_기준100!$CN$27:$EF$27,1,$C37)>30)+(INDEX(_calc_기준100!$CN$27:$EF$27,1,$D37)>30)+(INDEX(_calc_기준100!$CN$27:$EF$27,1,$E37)>30)+(INDEX(_calc_기준100!$CN$27:$EF$27,1,$F37)>30)+(INDEX(_calc_기준100!$CN$27:$EF$27,1,$G37)>30),"") -> 1 | L37: =IFERROR(MATCH(L$11,_calc_기준100!$CN$27:$EF$27,0),"") -> 21 | M37: =IFERROR(MATCH(M$11,_calc_기준100!$CN$27:$EF$27,0),"") -> 37 | N37: =IFERROR(MATCH(N$11,_calc_기준100!$CN$27:$EF$27,0),"") -> 33 | O37: =IFERROR(MATCH(O$11,_calc_기준100!$CN$27:$EF$27,0),"") -> 13 | P37: =IFERROR(MATCH(P$11,_calc_기준100!$CN$27:$EF$27,0),"") -> 34 | Q37: =IFERROR(MATCH(Q$11,_calc_기준100!$CN$27:$EF$27,0),"") -> 19 | R37: =IFERROR(MATCH(R$11,_calc_기준100!$CN$27:$EF$27,0),"") -> 38 | S37: =IFERROR(MATCH(S$11,_calc_기준100!$CN$27:$EF$27,0),"") -> 29 | ... BD37: =IFERROR(MATCH(BD$11,_calc_기준100!$CN$27:$EF$27,0),"") -> 23
A38: =A37-1 -> 1218 | B38: =IFERROR(INDEX(전체당첨내역!$B:$B,MATCH($A38,전체당첨내역!$A:$A,0)),"") -> 3 | C38: =IFERROR(INDEX(전체당첨내역!$C:$C,MATCH($A38,전체당첨내역!$A:$A,0)),"") -> 28 | D38: =IFERROR(INDEX(전체당첨내역!$D:$D,MATCH($A38,전체당첨내역!$A:$A,0)),"") -> 31 | E38: =IFERROR(INDEX(전체당첨내역!$E:$E,MATCH($A38,전체당첨내역!$A:$A,0)),"") -> 32 | F38: =IFERROR(INDEX(전체당첨내역!$F:$F,MATCH($A38,전체당첨내역!$A:$A,0)),"") -> 42 | G38: =IFERROR(INDEX(전체당첨내역!$G:$G,MATCH($A38,전체당첨내역!$A:$A,0)),"") -> 45 | H38: =IFERROR(INDEX(전체당첨내역!$H:$H,MATCH($A38,전체당첨내역!$A:$A,0)),"") -> 25 | I38: =IFERROR((INDEX(_calc_기준100!$CN$28:$EF$28,1,$B38)>0)*(INDEX(_calc_기준100!$CN$28:$EF$28,1,$B38)<=15)+(INDEX(_calc_기준100!$CN$28:$EF$28,1,$C38)>0)*(INDEX(_calc_기준100!$CN$28:$EF$28,1,$C38)<=15)+(INDEX(_calc_기준100!$CN$28:$EF$28,1,$D38)>0)*(INDEX(_calc_기준100!$CN$28:$EF$28,1,$D38)<=15)+(INDEX(_calc_기준100!$CN$28:$EF$28,1,$E38)>0)*(INDEX(_calc_기준100!$CN$28:$EF$28,1,$E38)<=15)+(INDEX(_calc_기준100!$CN$28:$EF$28,1,$F38)>0)*(INDEX(_calc_기준100!$CN$28:$EF$28,1,$F38)<=15)+(INDEX(_calc_기준100!$CN$28:$EF$28,1,$G38)>0)*(INDEX(_calc_기준100!$CN$28:$EF$28,1,$G38)<=15),"") -> 3 | J38: =IFERROR((INDEX(_calc_기준100!$CN$28:$EF$28,1,$B38)>15)*(INDEX(_calc_기준100!$CN$28:$EF$28,1,$B38)<=30)+(INDEX(_calc_기준100!$CN$28:$EF$28,1,$C38)>15)*(INDEX(_calc_기준100!$CN$28:$EF$28,1,$C38)<=30)+(INDEX(_calc_기준100!$CN$28:$EF$28,1,$D38)>15)*(INDEX(_calc_기준100!$CN$28:$EF$28,1,$D38)<=30)+(INDEX(_calc_기준100!$CN$28:$EF$28,1,$E38)>15)*(INDEX(_calc_기준100!$CN$28:$EF$28,1,$E38)<=30)+(INDEX(_calc_기준100!$CN$28:$EF$28,1,$F38)>15)*(INDEX(_calc_기준100!$CN$28:$EF$28,1,$F38)<=30)+(INDEX(_calc_기준100!$CN$28:$EF$28,1,$G38)>15)*(INDEX(_calc_기준100!$CN$28:$EF$28,1,$G38)<=30),"") -> 2 | K38: =IFERROR((INDEX(_calc_기준100!$CN$28:$EF$28,1,$B38)>30)+(INDEX(_calc_기준100!$CN$28:$EF$28,1,$C38)>30)+(INDEX(_calc_기준100!$CN$28:$EF$28,1,$D38)>30)+(INDEX(_calc_기준100!$CN$28:$EF$28,1,$E38)>30)+(INDEX(_calc_기준100!$CN$28:$EF$28,1,$F38)>30)+(INDEX(_calc_기준100!$CN$28:$EF$28,1,$G38)>30),"") -> 1 | L38: =IFERROR(MATCH(L$11,_calc_기준100!$CN$28:$EF$28,0),"") -> 13 | M38: =IFERROR(MATCH(M$11,_calc_기준100!$CN$28:$EF$28,0),"") -> 21 | N38: =IFERROR(MATCH(N$11,_calc_기준100!$CN$28:$EF$28,0),"") -> 34 | O38: =IFERROR(MATCH(O$11,_calc_기준100!$CN$28:$EF$28,0),"") -> 19 | P38: =IFERROR(MATCH(P$11,_calc_기준100!$CN$28:$EF$28,0),"") -> 38 | Q38: =IFERROR(MATCH(Q$11,_calc_기준100!$CN$28:$EF$28,0),"") -> 28 | R38: =IFERROR(MATCH(R$11,_calc_기준100!$CN$28:$EF$28,0),"") -> 25 | S38: =IFERROR(MATCH(S$11,_calc_기준100!$CN$28:$EF$28,0),"") -> 29 | ... BD38: =IFERROR(MATCH(BD$11,_calc_기준100!$CN$28:$EF$28,0),"") -> 23
A39: =A38-1 -> 1217 | B39: =IFERROR(INDEX(전체당첨내역!$B:$B,MATCH($A39,전체당첨내역!$A:$A,0)),"") -> 8 | C39: =IFERROR(INDEX(전체당첨내역!$C:$C,MATCH($A39,전체당첨내역!$A:$A,0)),"") -> 10 | D39: =IFERROR(INDEX(전체당첨내역!$D:$D,MATCH($A39,전체당첨내역!$A:$A,0)),"") -> 15 | E39: =IFERROR(INDEX(전체당첨내역!$E:$E,MATCH($A39,전체당첨내역!$A:$A,0)),"") -> 20 | F39: =IFERROR(INDEX(전체당첨내역!$F:$F,MATCH($A39,전체당첨내역!$A:$A,0)),"") -> 29 | G39: =IFERROR(INDEX(전체당첨내역!$G:$G,MATCH($A39,전체당첨내역!$A:$A,0)),"") -> 31 | H39: =IFERROR(INDEX(전체당첨내역!$H:$H,MATCH($A39,전체당첨내역!$A:$A,0)),"") -> 41 | I39: =IFERROR((INDEX(_calc_기준100!$CN$29:$EF$29,1,$B39)>0)*(INDEX(_calc_기준100!$CN$29:$EF$29,1,$B39)<=15)+(INDEX(_calc_기준100!$CN$29:$EF$29,1,$C39)>0)*(INDEX(_calc_기준100!$CN$29:$EF$29,1,$C39)<=15)+(INDEX(_calc_기준100!$CN$29:$EF$29,1,$D39)>0)*(INDEX(_calc_기준100!$CN$29:$EF$29,1,$D39)<=15)+(INDEX(_calc_기준100!$CN$29:$EF$29,1,$E39)>0)*(INDEX(_calc_기준100!$CN$29:$EF$29,1,$E39)<=15)+(INDEX(_calc_기준100!$CN$29:$EF$29,1,$F39)>0)*(INDEX(_calc_기준100!$CN$29:$EF$29,1,$F39)<=15)+(INDEX(_calc_기준100!$CN$29:$EF$29,1,$G39)>0)*(INDEX(_calc_기준100!$CN$29:$EF$29,1,$G39)<=15),"") -> 2 | J39: =IFERROR((INDEX(_calc_기준100!$CN$29:$EF$29,1,$B39)>15)*(INDEX(_calc_기준100!$CN$29:$EF$29,1,$B39)<=30)+(INDEX(_calc_기준100!$CN$29:$EF$29,1,$C39)>15)*(INDEX(_calc_기준100!$CN$29:$EF$29,1,$C39)<=30)+(INDEX(_calc_기준100!$CN$29:$EF$29,1,$D39)>15)*(INDEX(_calc_기준100!$CN$29:$EF$29,1,$D39)<=30)+(INDEX(_calc_기준100!$CN$29:$EF$29,1,$E39)>15)*(INDEX(_calc_기준100!$CN$29:$EF$29,1,$E39)<=30)+(INDEX(_calc_기준100!$CN$29:$EF$29,1,$F39)>15)*(INDEX(_calc_기준100!$CN$29:$EF$29,1,$F39)<=30)+(INDEX(_calc_기준100!$CN$29:$EF$29,1,$G39)>15)*(INDEX(_calc_기준100!$CN$29:$EF$29,1,$G39)<=30),"") -> 3 | K39: =IFERROR((INDEX(_calc_기준100!$CN$29:$EF$29,1,$B39)>30)+(INDEX(_calc_기준100!$CN$29:$EF$29,1,$C39)>30)+(INDEX(_calc_기준100!$CN$29:$EF$29,1,$D39)>30)+(INDEX(_calc_기준100!$CN$29:$EF$29,1,$E39)>30)+(INDEX(_calc_기준100!$CN$29:$EF$29,1,$F39)>30)+(INDEX(_calc_기준100!$CN$29:$EF$29,1,$G39)>30),"") -> 1 | L39: =IFERROR(MATCH(L$11,_calc_기준100!$CN$29:$EF$29,0),"") -> 13 | M39: =IFERROR(MATCH(M$11,_calc_기준100!$CN$29:$EF$29,0),"") -> 21 | N39: =IFERROR(MATCH(N$11,_calc_기준100!$CN$29:$EF$29,0),"") -> 34 | O39: =IFERROR(MATCH(O$11,_calc_기준100!$CN$29:$EF$29,0),"") -> 38 | P39: =IFERROR(MATCH(P$11,_calc_기준100!$CN$29:$EF$29,0),"") -> 19 | Q39: =IFERROR(MATCH(Q$11,_calc_기준100!$CN$29:$EF$29,0),"") -> 15 | R39: =IFERROR(MATCH(R$11,_calc_기준100!$CN$29:$EF$29,0),"") -> 25 | S39: =IFERROR(MATCH(S$11,_calc_기준100!$CN$29:$EF$29,0),"") -> 28 | ... BD39: =IFERROR(MATCH(BD$11,_calc_기준100!$CN$29:$EF$29,0),"") -> 23
A40: =A39-1 -> 1216 | B40: =IFERROR(INDEX(전체당첨내역!$B:$B,MATCH($A40,전체당첨내역!$A:$A,0)),"") -> 3 | C40: =IFERROR(INDEX(전체당첨내역!$C:$C,MATCH($A40,전체당첨내역!$A:$A,0)),"") -> 10 | D40: =IFERROR(INDEX(전체당첨내역!$D:$D,MATCH($A40,전체당첨내역!$A:$A,0)),"") -> 14 | E40: =IFERROR(INDEX(전체당첨내역!$E:$E,MATCH($A40,전체당첨내역!$A:$A,0)),"") -> 15 | F40: =IFERROR(INDEX(전체당첨내역!$F:$F,MATCH($A40,전체당첨내역!$A:$A,0)),"") -> 23 | G40: =IFERROR(INDEX(전체당첨내역!$G:$G,MATCH($A40,전체당첨내역!$A:$A,0)),"") -> 24 | H40: =IFERROR(INDEX(전체당첨내역!$H:$H,MATCH($A40,전체당첨내역!$A:$A,0)),"") -> 25 | I40: =IFERROR((INDEX(_calc_기준100!$CN$30:$EF$30,1,$B40)>0)*(INDEX(_calc_기준100!$CN$30:$EF$30,1,$B40)<=15)+(INDEX(_calc_기준100!$CN$30:$EF$30,1,$C40)>0)*(INDEX(_calc_기준100!$CN$30:$EF$30,1,$C40)<=15)+(INDEX(_calc_기준100!$CN$30:$EF$30,1,$D40)>0)*(INDEX(_calc_기준100!$CN$30:$EF$30,1,$D40)<=15)+(INDEX(_calc_기준100!$CN$30:$EF$30,1,$E40)>0)*(INDEX(_calc_기준100!$CN$30:$EF$30,1,$E40)<=15)+(INDEX(_calc_기준100!$CN$30:$EF$30,1,$F40)>0)*(INDEX(_calc_기준100!$CN$30:$EF$30,1,$F40)<=15)+(INDEX(_calc_기준100!$CN$30:$EF$30,1,$G40)>0)*(INDEX(_calc_기준100!$CN$30:$EF$30,1,$G40)<=15),"") -> 1 | J40: =IFERROR((INDEX(_calc_기준100!$CN$30:$EF$30,1,$B40)>15)*(INDEX(_calc_기준100!$CN$30:$EF$30,1,$B40)<=30)+(INDEX(_calc_기준100!$CN$30:$EF$30,1,$C40)>15)*(INDEX(_calc_기준100!$CN$30:$EF$30,1,$C40)<=30)+(INDEX(_calc_기준100!$CN$30:$EF$30,1,$D40)>15)*(INDEX(_calc_기준100!$CN$30:$EF$30,1,$D40)<=30)+(INDEX(_calc_기준100!$CN$30:$EF$30,1,$E40)>15)*(INDEX(_calc_기준100!$CN$30:$EF$30,1,$E40)<=30)+(INDEX(_calc_기준100!$CN$30:$EF$30,1,$F40)>15)*(INDEX(_calc_기준100!$CN$30:$EF$30,1,$F40)<=30)+(INDEX(_calc_기준100!$CN$30:$EF$30,1,$G40)>15)*(INDEX(_calc_기준100!$CN$30:$EF$30,1,$G40)<=30),"") -> 3 | K40: =IFERROR((INDEX(_calc_기준100!$CN$30:$EF$30,1,$B40)>30)+(INDEX(_calc_기준100!$CN$30:$EF$30,1,$C40)>30)+(INDEX(_calc_기준100!$CN$30:$EF$30,1,$D40)>30)+(INDEX(_calc_기준100!$CN$30:$EF$30,1,$E40)>30)+(INDEX(_calc_기준100!$CN$30:$EF$30,1,$F40)>30)+(INDEX(_calc_기준100!$CN$30:$EF$30,1,$G40)>30),"") -> 2 | L40: =IFERROR(MATCH(L$11,_calc_기준100!$CN$30:$EF$30,0),"") -> 13 | M40: =IFERROR(MATCH(M$11,_calc_기준100!$CN$30:$EF$30,0),"") -> 21 | N40: =IFERROR(MATCH(N$11,_calc_기준100!$CN$30:$EF$30,0),"") -> 34 | O40: =IFERROR(MATCH(O$11,_calc_기준100!$CN$30:$EF$30,0),"") -> 15 | P40: =IFERROR(MATCH(P$11,_calc_기준100!$CN$30:$EF$30,0),"") -> 38 | Q40: =IFERROR(MATCH(Q$11,_calc_기준100!$CN$30:$EF$30,0),"") -> 19 | R40: =IFERROR(MATCH(R$11,_calc_기준100!$CN$30:$EF$30,0),"") -> 33 | S40: =IFERROR(MATCH(S$11,_calc_기준100!$CN$30:$EF$30,0),"") -> 28 | ... BD40: =IFERROR(MATCH(BD$11,_calc_기준100!$CN$30:$EF$30,0),"") -> 23
A41: =A40-1 -> 1215 | B41: =IFERROR(INDEX(전체당첨내역!$B:$B,MATCH($A41,전체당첨내역!$A:$A,0)),"") -> 13 | C41: =IFERROR(INDEX(전체당첨내역!$C:$C,MATCH($A41,전체당첨내역!$A:$A,0)),"") -> 15 | D41: =IFERROR(INDEX(전체당첨내역!$D:$D,MATCH($A41,전체당첨내역!$A:$A,0)),"") -> 19 | E41: =IFERROR(INDEX(전체당첨내역!$E:$E,MATCH($A41,전체당첨내역!$A:$A,0)),"") -> 21 | F41: =IFERROR(INDEX(전체당첨내역!$F:$F,MATCH($A41,전체당첨내역!$A:$A,0)),"") -> 44 | G41: =IFERROR(INDEX(전체당첨내역!$G:$G,MATCH($A41,전체당첨내역!$A:$A,0)),"") -> 45 | H41: =IFERROR(INDEX(전체당첨내역!$H:$H,MATCH($A41,전체당첨내역!$A:$A,0)),"") -> 39 | I41: =IFERROR((INDEX(_calc_기준100!$CN$31:$EF$31,1,$B41)>0)*(INDEX(_calc_기준100!$CN$31:$EF$31,1,$B41)<=15)+(INDEX(_calc_기준100!$CN$31:$EF$31,1,$C41)>0)*(INDEX(_calc_기준100!$CN$31:$EF$31,1,$C41)<=15)+(INDEX(_calc_기준100!$CN$31:$EF$31,1,$D41)>0)*(INDEX(_calc_기준100!$CN$31:$EF$31,1,$D41)<=15)+(INDEX(_calc_기준100!$CN$31:$EF$31,1,$E41)>0)*(INDEX(_calc_기준100!$CN$31:$EF$31,1,$E41)<=15)+(INDEX(_calc_기준100!$CN$31:$EF$31,1,$F41)>0)*(INDEX(_calc_기준100!$CN$31:$EF$31,1,$F41)<=15)+(INDEX(_calc_기준100!$CN$31:$EF$31,1,$G41)>0)*(INDEX(_calc_기준100!$CN$31:$EF$31,1,$G41)<=15),"") -> 4 | J41: =IFERROR((INDEX(_calc_기준100!$CN$31:$EF$31,1,$B41)>15)*(INDEX(_calc_기준100!$CN$31:$EF$31,1,$B41)<=30)+(INDEX(_calc_기준100!$CN$31:$EF$31,1,$C41)>15)*(INDEX(_calc_기준100!$CN$31:$EF$31,1,$C41)<=30)+(INDEX(_calc_기준100!$CN$31:$EF$31,1,$D41)>15)*(INDEX(_calc_기준100!$CN$31:$EF$31,1,$D41)<=30)+(INDEX(_calc_기준100!$CN$31:$EF$31,1,$E41)>15)*(INDEX(_calc_기준100!$CN$31:$EF$31,1,$E41)<=30)+(INDEX(_calc_기준100!$CN$31:$EF$31,1,$F41)>15)*(INDEX(_calc_기준100!$CN$31:$EF$31,1,$F41)<=30)+(INDEX(_calc_기준100!$CN$31:$EF$31,1,$G41)>15)*(INDEX(_calc_기준100!$CN$31:$EF$31,1,$G41)<=30),"") -> 1 | K41: =IFERROR((INDEX(_calc_기준100!$CN$31:$EF$31,1,$B41)>30)+(INDEX(_calc_기준100!$CN$31:$EF$31,1,$C41)>30)+(INDEX(_calc_기준100!$CN$31:$EF$31,1,$D41)>30)+(INDEX(_calc_기준100!$CN$31:$EF$31,1,$E41)>30)+(INDEX(_calc_기준100!$CN$31:$EF$31,1,$F41)>30)+(INDEX(_calc_기준100!$CN$31:$EF$31,1,$G41)>30),"") -> 1 | L41: =IFERROR(MATCH(L$11,_calc_기준100!$CN$31:$EF$31,0),"") -> 15 | M41: =IFERROR(MATCH(M$11,_calc_기준100!$CN$31:$EF$31,0),"") -> 19 | N41: =IFERROR(MATCH(N$11,_calc_기준100!$CN$31:$EF$31,0),"") -> 13 | O41: =IFERROR(MATCH(O$11,_calc_기준100!$CN$31:$EF$31,0),"") -> 34 | P41: =IFERROR(MATCH(P$11,_calc_기준100!$CN$31:$EF$31,0),"") -> 21 | Q41: =IFERROR(MATCH(Q$11,_calc_기준100!$CN$31:$EF$31,0),"") -> 33 | R41: =IFERROR(MATCH(R$11,_calc_기준100!$CN$31:$EF$31,0),"") -> 28 | S41: =IFERROR(MATCH(S$11,_calc_기준100!$CN$31:$EF$31,0),"") -> 2 | ... BD41: =IFERROR(MATCH(BD$11,_calc_기준100!$CN$31:$EF$31,0),"") -> 23
A42: =A41-1 -> 1214 | B42: =IFERROR(INDEX(전체당첨내역!$B:$B,MATCH($A42,전체당첨내역!$A:$A,0)),"") -> 10 | C42: =IFERROR(INDEX(전체당첨내역!$C:$C,MATCH($A42,전체당첨내역!$A:$A,0)),"") -> 15 | D42: =IFERROR(INDEX(전체당첨내역!$D:$D,MATCH($A42,전체당첨내역!$A:$A,0)),"") -> 19 | E42: =IFERROR(INDEX(전체당첨내역!$E:$E,MATCH($A42,전체당첨내역!$A:$A,0)),"") -> 27 | F42: =IFERROR(INDEX(전체당첨내역!$F:$F,MATCH($A42,전체당첨내역!$A:$A,0)),"") -> 30 | G42: =IFERROR(INDEX(전체당첨내역!$G:$G,MATCH($A42,전체당첨내역!$A:$A,0)),"") -> 33 | H42: =IFERROR(INDEX(전체당첨내역!$H:$H,MATCH($A42,전체당첨내역!$A:$A,0)),"") -> 14 | I42: =IFERROR((INDEX(_calc_기준100!$CN$32:$EF$32,1,$B42)>0)*(INDEX(_calc_기준100!$CN$32:$EF$32,1,$B42)<=15)+(INDEX(_calc_기준100!$CN$32:$EF$32,1,$C42)>0)*(INDEX(_calc_기준100!$CN$32:$EF$32,1,$C42)<=15)+(INDEX(_calc_기준100!$CN$32:$EF$32,1,$D42)>0)*(INDEX(_calc_기준100!$CN$32:$EF$32,1,$D42)<=15)+(INDEX(_calc_기준100!$CN$32:$EF$32,1,$E42)>0)*(INDEX(_calc_기준100!$CN$32:$EF$32,1,$E42)<=15)+(INDEX(_calc_기준100!$CN$32:$EF$32,1,$F42)>0)*(INDEX(_calc_기준100!$CN$32:$EF$32,1,$F42)<=15)+(INDEX(_calc_기준100!$CN$32:$EF$32,1,$G42)>0)*(INDEX(_calc_기준100!$CN$32:$EF$32,1,$G42)<=15),"") -> 5 | J42: =IFERROR((INDEX(_calc_기준100!$CN$32:$EF$32,1,$B42)>15)*(INDEX(_calc_기준100!$CN$32:$EF$32,1,$B42)<=30)+(INDEX(_calc_기준100!$CN$32:$EF$32,1,$C42)>15)*(INDEX(_calc_기준100!$CN$32:$EF$32,1,$C42)<=30)+(INDEX(_calc_기준100!$CN$32:$EF$32,1,$D42)>15)*(INDEX(_calc_기준100!$CN$32:$EF$32,1,$D42)<=30)+(INDEX(_calc_기준100!$CN$32:$EF$32,1,$E42)>15)*(INDEX(_calc_기준100!$CN$32:$EF$32,1,$E42)<=30)+(INDEX(_calc_기준100!$CN$32:$EF$32,1,$F42)>15)*(INDEX(_calc_기준100!$CN$32:$EF$32,1,$F42)<=30)+(INDEX(_calc_기준100!$CN$32:$EF$32,1,$G42)>15)*(INDEX(_calc_기준100!$CN$32:$EF$32,1,$G42)<=30),"") -> 1 | K42: =IFERROR((INDEX(_calc_기준100!$CN$32:$EF$32,1,$B42)>30)+(INDEX(_calc_기준100!$CN$32:$EF$32,1,$C42)>30)+(INDEX(_calc_기준100!$CN$32:$EF$32,1,$D42)>30)+(INDEX(_calc_기준100!$CN$32:$EF$32,1,$E42)>30)+(INDEX(_calc_기준100!$CN$32:$EF$32,1,$F42)>30)+(INDEX(_calc_기준100!$CN$32:$EF$32,1,$G42)>30),"") -> 0 | L42: =IFERROR(MATCH(L$11,_calc_기준100!$CN$32:$EF$32,0),"") -> 19 | M42: =IFERROR(MATCH(M$11,_calc_기준100!$CN$32:$EF$32,0),"") -> 15 | N42: =IFERROR(MATCH(N$11,_calc_기준100!$CN$32:$EF$32,0),"") -> 34 | O42: =IFERROR(MATCH(O$11,_calc_기준100!$CN$32:$EF$32,0),"") -> 13 | P42: =IFERROR(MATCH(P$11,_calc_기준100!$CN$32:$EF$32,0),"") -> 33 | Q42: =IFERROR(MATCH(Q$11,_calc_기준100!$CN$32:$EF$32,0),"") -> 21 | R42: =IFERROR(MATCH(R$11,_calc_기준100!$CN$32:$EF$32,0),"") -> 30 | S42: =IFERROR(MATCH(S$11,_calc_기준100!$CN$32:$EF$32,0),"") -> 28 | ... BD42: =IFERROR(MATCH(BD$11,_calc_기준100!$CN$32:$EF$32,0),"") -> 23
A43: =A42-1 -> 1213 | B43: =IFERROR(INDEX(전체당첨내역!$B:$B,MATCH($A43,전체당첨내역!$A:$A,0)),"") -> 5 | C43: =IFERROR(INDEX(전체당첨내역!$C:$C,MATCH($A43,전체당첨내역!$A:$A,0)),"") -> 11 | D43: =IFERROR(INDEX(전체당첨내역!$D:$D,MATCH($A43,전체당첨내역!$A:$A,0)),"") -> 25 | E43: =IFERROR(INDEX(전체당첨내역!$E:$E,MATCH($A43,전체당첨내역!$A:$A,0)),"") -> 27 | F43: =IFERROR(INDEX(전체당첨내역!$F:$F,MATCH($A43,전체당첨내역!$A:$A,0)),"") -> 36 | G43: =IFERROR(INDEX(전체당첨내역!$G:$G,MATCH($A43,전체당첨내역!$A:$A,0)),"") -> 38 | H43: =IFERROR(INDEX(전체당첨내역!$H:$H,MATCH($A43,전체당첨내역!$A:$A,0)),"") -> 2 | I43: =IFERROR((INDEX(_calc_기준100!$CN$33:$EF$33,1,$B43)>0)*(INDEX(_calc_기준100!$CN$33:$EF$33,1,$B43)<=15)+(INDEX(_calc_기준100!$CN$33:$EF$33,1,$C43)>0)*(INDEX(_calc_기준100!$CN$33:$EF$33,1,$C43)<=15)+(INDEX(_calc_기준100!$CN$33:$EF$33,1,$D43)>0)*(INDEX(_calc_기준100!$CN$33:$EF$33,1,$D43)<=15)+(INDEX(_calc_기준100!$CN$33:$EF$33,1,$E43)>0)*(INDEX(_calc_기준100!$CN$33:$EF$33,1,$E43)<=15)+(INDEX(_calc_기준100!$CN$33:$EF$33,1,$F43)>0)*(INDEX(_calc_기준100!$CN$33:$EF$33,1,$F43)<=15)+(INDEX(_calc_기준100!$CN$33:$EF$33,1,$G43)>0)*(INDEX(_calc_기준100!$CN$33:$EF$33,1,$G43)<=15),"") -> 1 | J43: =IFERROR((INDEX(_calc_기준100!$CN$33:$EF$33,1,$B43)>15)*(INDEX(_calc_기준100!$CN$33:$EF$33,1,$B43)<=30)+(INDEX(_calc_기준100!$CN$33:$EF$33,1,$C43)>15)*(INDEX(_calc_기준100!$CN$33:$EF$33,1,$C43)<=30)+(INDEX(_calc_기준100!$CN$33:$EF$33,1,$D43)>15)*(INDEX(_calc_기준100!$CN$33:$EF$33,1,$D43)<=30)+(INDEX(_calc_기준100!$CN$33:$EF$33,1,$E43)>15)*(INDEX(_calc_기준100!$CN$33:$EF$33,1,$E43)<=30)+(INDEX(_calc_기준100!$CN$33:$EF$33,1,$F43)>15)*(INDEX(_calc_기준100!$CN$33:$EF$33,1,$F43)<=30)+(INDEX(_calc_기준100!$CN$33:$EF$33,1,$G43)>15)*(INDEX(_calc_기준100!$CN$33:$EF$33,1,$G43)<=30),"") -> 4 | K43: =IFERROR((INDEX(_calc_기준100!$CN$33:$EF$33,1,$B43)>30)+(INDEX(_calc_기준100!$CN$33:$EF$33,1,$C43)>30)+(INDEX(_calc_기준100!$CN$33:$EF$33,1,$D43)>30)+(INDEX(_calc_기준100!$CN$33:$EF$33,1,$E43)>30)+(INDEX(_calc_기준100!$CN$33:$EF$33,1,$F43)>30)+(INDEX(_calc_기준100!$CN$33:$EF$33,1,$G43)>30),"") -> 1 | L43: =IFERROR(MATCH(L$11,_calc_기준100!$CN$33:$EF$33,0),"") -> 19 | M43: =IFERROR(MATCH(M$11,_calc_기준100!$CN$33:$EF$33,0),"") -> 34 | N43: =IFERROR(MATCH(N$11,_calc_기준100!$CN$33:$EF$33,0),"") -> 21 | O43: =IFERROR(MATCH(O$11,_calc_기준100!$CN$33:$EF$33,0),"") -> 13 | P43: =IFERROR(MATCH(P$11,_calc_기준100!$CN$33:$EF$33,0),"") -> 15 | Q43: =IFERROR(MATCH(Q$11,_calc_기준100!$CN$33:$EF$33,0),"") -> 11 | R43: =IFERROR(MATCH(R$11,_calc_기준100!$CN$33:$EF$33,0),"") -> 33 | S43: =IFERROR(MATCH(S$11,_calc_기준100!$CN$33:$EF$33,0),"") -> 30 | ... BD43: =IFERROR(MATCH(BD$11,_calc_기준100!$CN$33:$EF$33,0),"") -> 23
A44: =A43-1 -> 1212 | B44: =IFERROR(INDEX(전체당첨내역!$B:$B,MATCH($A44,전체당첨내역!$A:$A,0)),"") -> 5 | C44: =IFERROR(INDEX(전체당첨내역!$C:$C,MATCH($A44,전체당첨내역!$A:$A,0)),"") -> 8 | D44: =IFERROR(INDEX(전체당첨내역!$D:$D,MATCH($A44,전체당첨내역!$A:$A,0)),"") -> 25 | E44: =IFERROR(INDEX(전체당첨내역!$E:$E,MATCH($A44,전체당첨내역!$A:$A,0)),"") -> 31 | F44: =IFERROR(INDEX(전체당첨내역!$F:$F,MATCH($A44,전체당첨내역!$A:$A,0)),"") -> 41 | G44: =IFERROR(INDEX(전체당첨내역!$G:$G,MATCH($A44,전체당첨내역!$A:$A,0)),"") -> 44 | H44: =IFERROR(INDEX(전체당첨내역!$H:$H,MATCH($A44,전체당첨내역!$A:$A,0)),"") -> 45 | I44: =IFERROR((INDEX(_calc_기준100!$CN$34:$EF$34,1,$B44)>0)*(INDEX(_calc_기준100!$CN$34:$EF$34,1,$B44)<=15)+(INDEX(_calc_기준100!$CN$34:$EF$34,1,$C44)>0)*(INDEX(_calc_기준100!$CN$34:$EF$34,1,$C44)<=15)+(INDEX(_calc_기준100!$CN$34:$EF$34,1,$D44)>0)*(INDEX(_calc_기준100!$CN$34:$EF$34,1,$D44)<=15)+(INDEX(_calc_기준100!$CN$34:$EF$34,1,$E44)>0)*(INDEX(_calc_기준100!$CN$34:$EF$34,1,$E44)<=15)+(INDEX(_calc_기준100!$CN$34:$EF$34,1,$F44)>0)*(INDEX(_calc_기준100!$CN$34:$EF$34,1,$F44)<=15)+(INDEX(_calc_기준100!$CN$34:$EF$34,1,$G44)>0)*(INDEX(_calc_기준100!$CN$34:$EF$34,1,$G44)<=15),"") -> 2 | J44: =IFERROR((INDEX(_calc_기준100!$CN$34:$EF$34,1,$B44)>15)*(INDEX(_calc_기준100!$CN$34:$EF$34,1,$B44)<=30)+(INDEX(_calc_기준100!$CN$34:$EF$34,1,$C44)>15)*(INDEX(_calc_기준100!$CN$34:$EF$34,1,$C44)<=30)+(INDEX(_calc_기준100!$CN$34:$EF$34,1,$D44)>15)*(INDEX(_calc_기준100!$CN$34:$EF$34,1,$D44)<=30)+(INDEX(_calc_기준100!$CN$34:$EF$34,1,$E44)>15)*(INDEX(_calc_기준100!$CN$34:$EF$34,1,$E44)<=30)+(INDEX(_calc_기준100!$CN$34:$EF$34,1,$F44)>15)*(INDEX(_calc_기준100!$CN$34:$EF$34,1,$F44)<=30)+(INDEX(_calc_기준100!$CN$34:$EF$34,1,$G44)>15)*(INDEX(_calc_기준100!$CN$34:$EF$34,1,$G44)<=30),"") -> 1 | K44: =IFERROR((INDEX(_calc_기준100!$CN$34:$EF$34,1,$B44)>30)+(INDEX(_calc_기준100!$CN$34:$EF$34,1,$C44)>30)+(INDEX(_calc_기준100!$CN$34:$EF$34,1,$D44)>30)+(INDEX(_calc_기준100!$CN$34:$EF$34,1,$E44)>30)+(INDEX(_calc_기준100!$CN$34:$EF$34,1,$F44)>30)+(INDEX(_calc_기준100!$CN$34:$EF$34,1,$G44)>30),"") -> 3 | L44: =IFERROR(MATCH(L$11,_calc_기준100!$CN$34:$EF$34,0),"") -> 19 | M44: =IFERROR(MATCH(M$11,_calc_기준100!$CN$34:$EF$34,0),"") -> 34 | N44: =IFERROR(MATCH(N$11,_calc_기준100!$CN$34:$EF$34,0),"") -> 13 | O44: =IFERROR(MATCH(O$11,_calc_기준100!$CN$34:$EF$34,0),"") -> 15 | P44: =IFERROR(MATCH(P$11,_calc_기준100!$CN$34:$EF$34,0),"") -> 21 | Q44: =IFERROR(MATCH(Q$11,_calc_기준100!$CN$34:$EF$34,0),"") -> 31 | R44: =IFERROR(MATCH(R$11,_calc_기준100!$CN$34:$EF$34,0),"") -> 32 | S44: =IFERROR(MATCH(S$11,_calc_기준100!$CN$34:$EF$34,0),"") -> 11 | ... BD44: =IFERROR(MATCH(BD$11,_calc_기준100!$CN$34:$EF$34,0),"") -> 23
A45: =A44-1 -> 1211 | B45: =IFERROR(INDEX(전체당첨내역!$B:$B,MATCH($A45,전체당첨내역!$A:$A,0)),"") -> 23 | C45: =IFERROR(INDEX(전체당첨내역!$C:$C,MATCH($A45,전체당첨내역!$A:$A,0)),"") -> 26 | D45: =IFERROR(INDEX(전체당첨내역!$D:$D,MATCH($A45,전체당첨내역!$A:$A,0)),"") -> 27 | E45: =IFERROR(INDEX(전체당첨내역!$E:$E,MATCH($A45,전체당첨내역!$A:$A,0)),"") -> 35 | F45: =IFERROR(INDEX(전체당첨내역!$F:$F,MATCH($A45,전체당첨내역!$A:$A,0)),"") -> 38 | G45: =IFERROR(INDEX(전체당첨내역!$G:$G,MATCH($A45,전체당첨내역!$A:$A,0)),"") -> 40 | H45: =IFERROR(INDEX(전체당첨내역!$H:$H,MATCH($A45,전체당첨내역!$A:$A,0)),"") -> 10 | I45: =IFERROR((INDEX(_calc_기준100!$CN$35:$EF$35,1,$B45)>0)*(INDEX(_calc_기준100!$CN$35:$EF$35,1,$B45)<=15)+(INDEX(_calc_기준100!$CN$35:$EF$35,1,$C45)>0)*(INDEX(_calc_기준100!$CN$35:$EF$35,1,$C45)<=15)+(INDEX(_calc_기준100!$CN$35:$EF$35,1,$D45)>0)*(INDEX(_calc_기준100!$CN$35:$EF$35,1,$D45)<=15)+(INDEX(_calc_기준100!$CN$35:$EF$35,1,$E45)>0)*(INDEX(_calc_기준100!$CN$35:$EF$35,1,$E45)<=15)+(INDEX(_calc_기준100!$CN$35:$EF$35,1,$F45)>0)*(INDEX(_calc_기준100!$CN$35:$EF$35,1,$F45)<=15)+(INDEX(_calc_기준100!$CN$35:$EF$35,1,$G45)>0)*(INDEX(_calc_기준100!$CN$35:$EF$35,1,$G45)<=15),"") -> 2 | J45: =IFERROR((INDEX(_calc_기준100!$CN$35:$EF$35,1,$B45)>15)*(INDEX(_calc_기준100!$CN$35:$EF$35,1,$B45)<=30)+(INDEX(_calc_기준100!$CN$35:$EF$35,1,$C45)>15)*(INDEX(_calc_기준100!$CN$35:$EF$35,1,$C45)<=30)+(INDEX(_calc_기준100!$CN$35:$EF$35,1,$D45)>15)*(INDEX(_calc_기준100!$CN$35:$EF$35,1,$D45)<=30)+(INDEX(_calc_기준100!$CN$35:$EF$35,1,$E45)>15)*(INDEX(_calc_기준100!$CN$35:$EF$35,1,$E45)<=30)+(INDEX(_calc_기준100!$CN$35:$EF$35,1,$F45)>15)*(INDEX(_calc_기준100!$CN$35:$EF$35,1,$F45)<=30)+(INDEX(_calc_기준100!$CN$35:$EF$35,1,$G45)>15)*(INDEX(_calc_기준100!$CN$35:$EF$35,1,$G45)<=30),"") -> 2 | K45: =IFERROR((INDEX(_calc_기준100!$CN$35:$EF$35,1,$B45)>30)+(INDEX(_calc_기준100!$CN$35:$EF$35,1,$C45)>30)+(INDEX(_calc_기준100!$CN$35:$EF$35,1,$D45)>30)+(INDEX(_calc_기준100!$CN$35:$EF$35,1,$E45)>30)+(INDEX(_calc_기준100!$CN$35:$EF$35,1,$F45)>30)+(INDEX(_calc_기준100!$CN$35:$EF$35,1,$G45)>30),"") -> 2 | L45: =IFERROR(MATCH(L$11,_calc_기준100!$CN$35:$EF$35,0),"") -> 19 | M45: =IFERROR(MATCH(M$11,_calc_기준100!$CN$35:$EF$35,0),"") -> 21 | N45: =IFERROR(MATCH(N$11,_calc_기준100!$CN$35:$EF$35,0),"") -> 34 | O45: =IFERROR(MATCH(O$11,_calc_기준100!$CN$35:$EF$35,0),"") -> 13 | P45: =IFERROR(MATCH(P$11,_calc_기준100!$CN$35:$EF$35,0),"") -> 15 | Q45: =IFERROR(MATCH(Q$11,_calc_기준100!$CN$35:$EF$35,0),"") -> 30 | R45: =IFERROR(MATCH(R$11,_calc_기준100!$CN$35:$EF$35,0),"") -> 31 | S45: =IFERROR(MATCH(S$11,_calc_기준100!$CN$35:$EF$35,0),"") -> 33 | ... BD45: =IFERROR(MATCH(BD$11,_calc_기준100!$CN$35:$EF$35,0),"") -> 23
A46: =A45-1 -> 1210 | B46: =IFERROR(INDEX(전체당첨내역!$B:$B,MATCH($A46,전체당첨내역!$A:$A,0)),"") -> 1 | C46: =IFERROR(INDEX(전체당첨내역!$C:$C,MATCH($A46,전체당첨내역!$A:$A,0)),"") -> 7 | D46: =IFERROR(INDEX(전체당첨내역!$D:$D,MATCH($A46,전체당첨내역!$A:$A,0)),"") -> 9 | E46: =IFERROR(INDEX(전체당첨내역!$E:$E,MATCH($A46,전체당첨내역!$A:$A,0)),"") -> 17 | F46: =IFERROR(INDEX(전체당첨내역!$F:$F,MATCH($A46,전체당첨내역!$A:$A,0)),"") -> 27 | G46: =IFERROR(INDEX(전체당첨내역!$G:$G,MATCH($A46,전체당첨내역!$A:$A,0)),"") -> 38 | H46: =IFERROR(INDEX(전체당첨내역!$H:$H,MATCH($A46,전체당첨내역!$A:$A,0)),"") -> 31 | I46: =IFERROR((INDEX(_calc_기준100!$CN$36:$EF$36,1,$B46)>0)*(INDEX(_calc_기준100!$CN$36:$EF$36,1,$B46)<=15)+(INDEX(_calc_기준100!$CN$36:$EF$36,1,$C46)>0)*(INDEX(_calc_기준100!$CN$36:$EF$36,1,$C46)<=15)+(INDEX(_calc_기준100!$CN$36:$EF$36,1,$D46)>0)*(INDEX(_calc_기준100!$CN$36:$EF$36,1,$D46)<=15)+(INDEX(_calc_기준100!$CN$36:$EF$36,1,$E46)>0)*(INDEX(_calc_기준100!$CN$36:$EF$36,1,$E46)<=15)+(INDEX(_calc_기준100!$CN$36:$EF$36,1,$F46)>0)*(INDEX(_calc_기준100!$CN$36:$EF$36,1,$F46)<=15)+(INDEX(_calc_기준100!$CN$36:$EF$36,1,$G46)>0)*(INDEX(_calc_기준100!$CN$36:$EF$36,1,$G46)<=15),"") -> 2 | J46: =IFERROR((INDEX(_calc_기준100!$CN$36:$EF$36,1,$B46)>15)*(INDEX(_calc_기준100!$CN$36:$EF$36,1,$B46)<=30)+(INDEX(_calc_기준100!$CN$36:$EF$36,1,$C46)>15)*(INDEX(_calc_기준100!$CN$36:$EF$36,1,$C46)<=30)+(INDEX(_calc_기준100!$CN$36:$EF$36,1,$D46)>15)*(INDEX(_calc_기준100!$CN$36:$EF$36,1,$D46)<=30)+(INDEX(_calc_기준100!$CN$36:$EF$36,1,$E46)>15)*(INDEX(_calc_기준100!$CN$36:$EF$36,1,$E46)<=30)+(INDEX(_calc_기준100!$CN$36:$EF$36,1,$F46)>15)*(INDEX(_calc_기준100!$CN$36:$EF$36,1,$F46)<=30)+(INDEX(_calc_기준100!$CN$36:$EF$36,1,$G46)>15)*(INDEX(_calc_기준100!$CN$36:$EF$36,1,$G46)<=30),"") -> 2 | K46: =IFERROR((INDEX(_calc_기준100!$CN$36:$EF$36,1,$B46)>30)+(INDEX(_calc_기준100!$CN$36:$EF$36,1,$C46)>30)+(INDEX(_calc_기준100!$CN$36:$EF$36,1,$D46)>30)+(INDEX(_calc_기준100!$CN$36:$EF$36,1,$E46)>30)+(INDEX(_calc_기준100!$CN$36:$EF$36,1,$F46)>30)+(INDEX(_calc_기준100!$CN$36:$EF$36,1,$G46)>30),"") -> 2 | L46: =IFERROR(MATCH(L$11,_calc_기준100!$CN$36:$EF$36,0),"") -> 19 | M46: =IFERROR(MATCH(M$11,_calc_기준100!$CN$36:$EF$36,0),"") -> 34 | N46: =IFERROR(MATCH(N$11,_calc_기준100!$CN$36:$EF$36,0),"") -> 11 | O46: =IFERROR(MATCH(O$11,_calc_기준100!$CN$36:$EF$36,0),"") -> 21 | P46: =IFERROR(MATCH(P$11,_calc_기준100!$CN$36:$EF$36,0),"") -> 15 | Q46: =IFERROR(MATCH(Q$11,_calc_기준100!$CN$36:$EF$36,0),"") -> 38 | R46: =IFERROR(MATCH(R$11,_calc_기준100!$CN$36:$EF$36,0),"") -> 30 | S46: =IFERROR(MATCH(S$11,_calc_기준100!$CN$36:$EF$36,0),"") -> 33 | ... BD46: =IFERROR(MATCH(BD$11,_calc_기준100!$CN$36:$EF$36,0),"") -> 23
A47: =A46-1 -> 1209 | B47: =IFERROR(INDEX(전체당첨내역!$B:$B,MATCH($A47,전체당첨내역!$A:$A,0)),"") -> 2 | C47: =IFERROR(INDEX(전체당첨내역!$C:$C,MATCH($A47,전체당첨내역!$A:$A,0)),"") -> 17 | D47: =IFERROR(INDEX(전체당첨내역!$D:$D,MATCH($A47,전체당첨내역!$A:$A,0)),"") -> 20 | E47: =IFERROR(INDEX(전체당첨내역!$E:$E,MATCH($A47,전체당첨내역!$A:$A,0)),"") -> 35 | F47: =IFERROR(INDEX(전체당첨내역!$F:$F,MATCH($A47,전체당첨내역!$A:$A,0)),"") -> 37 | G47: =IFERROR(INDEX(전체당첨내역!$G:$G,MATCH($A47,전체당첨내역!$A:$A,0)),"") -> 39 | H47: =IFERROR(INDEX(전체당첨내역!$H:$H,MATCH($A47,전체당첨내역!$A:$A,0)),"") -> 24 | I47: =IFERROR((INDEX(_calc_기준100!$CN$37:$EF$37,1,$B47)>0)*(INDEX(_calc_기준100!$CN$37:$EF$37,1,$B47)<=15)+(INDEX(_calc_기준100!$CN$37:$EF$37,1,$C47)>0)*(INDEX(_calc_기준100!$CN$37:$EF$37,1,$C47)<=15)+(INDEX(_calc_기준100!$CN$37:$EF$37,1,$D47)>0)*(INDEX(_calc_기준100!$CN$37:$EF$37,1,$D47)<=15)+(INDEX(_calc_기준100!$CN$37:$EF$37,1,$E47)>0)*(INDEX(_calc_기준100!$CN$37:$EF$37,1,$E47)<=15)+(INDEX(_calc_기준100!$CN$37:$EF$37,1,$F47)>0)*(INDEX(_calc_기준100!$CN$37:$EF$37,1,$F47)<=15)+(INDEX(_calc_기준100!$CN$37:$EF$37,1,$G47)>0)*(INDEX(_calc_기준100!$CN$37:$EF$37,1,$G47)<=15),"") -> 3 | J47: =IFERROR((INDEX(_calc_기준100!$CN$37:$EF$37,1,$B47)>15)*(INDEX(_calc_기준100!$CN$37:$EF$37,1,$B47)<=30)+(INDEX(_calc_기준100!$CN$37:$EF$37,1,$C47)>15)*(INDEX(_calc_기준100!$CN$37:$EF$37,1,$C47)<=30)+(INDEX(_calc_기준100!$CN$37:$EF$37,1,$D47)>15)*(INDEX(_calc_기준100!$CN$37:$EF$37,1,$D47)<=30)+(INDEX(_calc_기준100!$CN$37:$EF$37,1,$E47)>15)*(INDEX(_calc_기준100!$CN$37:$EF$37,1,$E47)<=30)+(INDEX(_calc_기준100!$CN$37:$EF$37,1,$F47)>15)*(INDEX(_calc_기준100!$CN$37:$EF$37,1,$F47)<=30)+(INDEX(_calc_기준100!$CN$37:$EF$37,1,$G47)>15)*(INDEX(_calc_기준100!$CN$37:$EF$37,1,$G47)<=30),"") -> 1 | K47: =IFERROR((INDEX(_calc_기준100!$CN$37:$EF$37,1,$B47)>30)+(INDEX(_calc_기준100!$CN$37:$EF$37,1,$C47)>30)+(INDEX(_calc_기준100!$CN$37:$EF$37,1,$D47)>30)+(INDEX(_calc_기준100!$CN$37:$EF$37,1,$E47)>30)+(INDEX(_calc_기준100!$CN$37:$EF$37,1,$F47)>30)+(INDEX(_calc_기준100!$CN$37:$EF$37,1,$G47)>30),"") -> 2 | L47: =IFERROR(MATCH(L$11,_calc_기준100!$CN$37:$EF$37,0),"") -> 19 | M47: =IFERROR(MATCH(M$11,_calc_기준100!$CN$37:$EF$37,0),"") -> 34 | N47: =IFERROR(MATCH(N$11,_calc_기준100!$CN$37:$EF$37,0),"") -> 21 | O47: =IFERROR(MATCH(O$11,_calc_기준100!$CN$37:$EF$37,0),"") -> 11 | P47: =IFERROR(MATCH(P$11,_calc_기준100!$CN$37:$EF$37,0),"") -> 13 | Q47: =IFERROR(MATCH(Q$11,_calc_기준100!$CN$37:$EF$37,0),"") -> 33 | R47: =IFERROR(MATCH(R$11,_calc_기준100!$CN$37:$EF$37,0),"") -> 10 | S47: =IFERROR(MATCH(S$11,_calc_기준100!$CN$37:$EF$37,0),"") -> 15 | ... BD47: =IFERROR(MATCH(BD$11,_calc_기준100!$CN$37:$EF$37,0),"") -> 23
A48: =A47-1 -> 1208 | B48: =IFERROR(INDEX(전체당첨내역!$B:$B,MATCH($A48,전체당첨내역!$A:$A,0)),"") -> 6 | C48: =IFERROR(INDEX(전체당첨내역!$C:$C,MATCH($A48,전체당첨내역!$A:$A,0)),"") -> 27 | D48: =IFERROR(INDEX(전체당첨내역!$D:$D,MATCH($A48,전체당첨내역!$A:$A,0)),"") -> 30 | E48: =IFERROR(INDEX(전체당첨내역!$E:$E,MATCH($A48,전체당첨내역!$A:$A,0)),"") -> 36 | F48: =IFERROR(INDEX(전체당첨내역!$F:$F,MATCH($A48,전체당첨내역!$A:$A,0)),"") -> 38 | G48: =IFERROR(INDEX(전체당첨내역!$G:$G,MATCH($A48,전체당첨내역!$A:$A,0)),"") -> 42 | H48: =IFERROR(INDEX(전체당첨내역!$H:$H,MATCH($A48,전체당첨내역!$A:$A,0)),"") -> 25 | I48: =IFERROR((INDEX(_calc_기준100!$CN$38:$EF$38,1,$B48)>0)*(INDEX(_calc_기준100!$CN$38:$EF$38,1,$B48)<=15)+(INDEX(_calc_기준100!$CN$38:$EF$38,1,$C48)>0)*(INDEX(_calc_기준100!$CN$38:$EF$38,1,$C48)<=15)+(INDEX(_calc_기준100!$CN$38:$EF$38,1,$D48)>0)*(INDEX(_calc_기준100!$CN$38:$EF$38,1,$D48)<=15)+(INDEX(_calc_기준100!$CN$38:$EF$38,1,$E48)>0)*(INDEX(_calc_기준100!$CN$38:$EF$38,1,$E48)<=15)+(INDEX(_calc_기준100!$CN$38:$EF$38,1,$F48)>0)*(INDEX(_calc_기준100!$CN$38:$EF$38,1,$F48)<=15)+(INDEX(_calc_기준100!$CN$38:$EF$38,1,$G48)>0)*(INDEX(_calc_기준100!$CN$38:$EF$38,1,$G48)<=15),"") -> 1 | J48: =IFERROR((INDEX(_calc_기준100!$CN$38:$EF$38,1,$B48)>15)*(INDEX(_calc_기준100!$CN$38:$EF$38,1,$B48)<=30)+(INDEX(_calc_기준100!$CN$38:$EF$38,1,$C48)>15)*(INDEX(_calc_기준100!$CN$38:$EF$38,1,$C48)<=30)+(INDEX(_calc_기준100!$CN$38:$EF$38,1,$D48)>15)*(INDEX(_calc_기준100!$CN$38:$EF$38,1,$D48)<=30)+(INDEX(_calc_기준100!$CN$38:$EF$38,1,$E48)>15)*(INDEX(_calc_기준100!$CN$38:$EF$38,1,$E48)<=30)+(INDEX(_calc_기준100!$CN$38:$EF$38,1,$F48)>15)*(INDEX(_calc_기준100!$CN$38:$EF$38,1,$F48)<=30)+(INDEX(_calc_기준100!$CN$38:$EF$38,1,$G48)>15)*(INDEX(_calc_기준100!$CN$38:$EF$38,1,$G48)<=30),"") -> 3 | K48: =IFERROR((INDEX(_calc_기준100!$CN$38:$EF$38,1,$B48)>30)+(INDEX(_calc_기준100!$CN$38:$EF$38,1,$C48)>30)+(INDEX(_calc_기준100!$CN$38:$EF$38,1,$D48)>30)+(INDEX(_calc_기준100!$CN$38:$EF$38,1,$E48)>30)+(INDEX(_calc_기준100!$CN$38:$EF$38,1,$F48)>30)+(INDEX(_calc_기준100!$CN$38:$EF$38,1,$G48)>30),"") -> 2 | L48: =IFERROR(MATCH(L$11,_calc_기준100!$CN$38:$EF$38,0),"") -> 19 | M48: =IFERROR(MATCH(M$11,_calc_기준100!$CN$38:$EF$38,0),"") -> 34 | N48: =IFERROR(MATCH(N$11,_calc_기준100!$CN$38:$EF$38,0),"") -> 11 | O48: =IFERROR(MATCH(O$11,_calc_기준100!$CN$38:$EF$38,0),"") -> 30 | P48: =IFERROR(MATCH(P$11,_calc_기준100!$CN$38:$EF$38,0),"") -> 13 | Q48: =IFERROR(MATCH(Q$11,_calc_기준100!$CN$38:$EF$38,0),"") -> 33 | R48: =IFERROR(MATCH(R$11,_calc_기준100!$CN$38:$EF$38,0),"") -> 15 | S48: =IFERROR(MATCH(S$11,_calc_기준100!$CN$38:$EF$38,0),"") -> 44 | ... BD48: =IFERROR(MATCH(BD$11,_calc_기준100!$CN$38:$EF$38,0),"") -> 23
A49: =A48-1 -> 1207 | B49: =IFERROR(INDEX(전체당첨내역!$B:$B,MATCH($A49,전체당첨내역!$A:$A,0)),"") -> 10 | C49: =IFERROR(INDEX(전체당첨내역!$C:$C,MATCH($A49,전체당첨내역!$A:$A,0)),"") -> 22 | D49: =IFERROR(INDEX(전체당첨내역!$D:$D,MATCH($A49,전체당첨내역!$A:$A,0)),"") -> 24 | E49: =IFERROR(INDEX(전체당첨내역!$E:$E,MATCH($A49,전체당첨내역!$A:$A,0)),"") -> 27 | F49: =IFERROR(INDEX(전체당첨내역!$F:$F,MATCH($A49,전체당첨내역!$A:$A,0)),"") -> 38 | G49: =IFERROR(INDEX(전체당첨내역!$G:$G,MATCH($A49,전체당첨내역!$A:$A,0)),"") -> 45 | H49: =IFERROR(INDEX(전체당첨내역!$H:$H,MATCH($A49,전체당첨내역!$A:$A,0)),"") -> 11 | I49: =IFERROR((INDEX(_calc_기준100!$CN$39:$EF$39,1,$B49)>0)*(INDEX(_calc_기준100!$CN$39:$EF$39,1,$B49)<=15)+(INDEX(_calc_기준100!$CN$39:$EF$39,1,$C49)>0)*(INDEX(_calc_기준100!$CN$39:$EF$39,1,$C49)<=15)+(INDEX(_calc_기준100!$CN$39:$EF$39,1,$D49)>0)*(INDEX(_calc_기준100!$CN$39:$EF$39,1,$D49)<=15)+(INDEX(_calc_기준100!$CN$39:$EF$39,1,$E49)>0)*(INDEX(_calc_기준100!$CN$39:$EF$39,1,$E49)<=15)+(INDEX(_calc_기준100!$CN$39:$EF$39,1,$F49)>0)*(INDEX(_calc_기준100!$CN$39:$EF$39,1,$F49)<=15)+(INDEX(_calc_기준100!$CN$39:$EF$39,1,$G49)>0)*(INDEX(_calc_기준100!$CN$39:$EF$39,1,$G49)<=15),"") -> 2 | J49: =IFERROR((INDEX(_calc_기준100!$CN$39:$EF$39,1,$B49)>15)*(INDEX(_calc_기준100!$CN$39:$EF$39,1,$B49)<=30)+(INDEX(_calc_기준100!$CN$39:$EF$39,1,$C49)>15)*(INDEX(_calc_기준100!$CN$39:$EF$39,1,$C49)<=30)+(INDEX(_calc_기준100!$CN$39:$EF$39,1,$D49)>15)*(INDEX(_calc_기준100!$CN$39:$EF$39,1,$D49)<=30)+(INDEX(_calc_기준100!$CN$39:$EF$39,1,$E49)>15)*(INDEX(_calc_기준100!$CN$39:$EF$39,1,$E49)<=30)+(INDEX(_calc_기준100!$CN$39:$EF$39,1,$F49)>15)*(INDEX(_calc_기준100!$CN$39:$EF$39,1,$F49)<=30)+(INDEX(_calc_기준100!$CN$39:$EF$39,1,$G49)>15)*(INDEX(_calc_기준100!$CN$39:$EF$39,1,$G49)<=30),"") -> 2 | K49: =IFERROR((INDEX(_calc_기준100!$CN$39:$EF$39,1,$B49)>30)+(INDEX(_calc_기준100!$CN$39:$EF$39,1,$C49)>30)+(INDEX(_calc_기준100!$CN$39:$EF$39,1,$D49)>30)+(INDEX(_calc_기준100!$CN$39:$EF$39,1,$E49)>30)+(INDEX(_calc_기준100!$CN$39:$EF$39,1,$F49)>30)+(INDEX(_calc_기준100!$CN$39:$EF$39,1,$G49)>30),"") -> 2 | L49: =IFERROR(MATCH(L$11,_calc_기준100!$CN$39:$EF$39,0),"") -> 19 | M49: =IFERROR(MATCH(M$11,_calc_기준100!$CN$39:$EF$39,0),"") -> 30 | N49: =IFERROR(MATCH(N$11,_calc_기준100!$CN$39:$EF$39,0),"") -> 34 | O49: =IFERROR(MATCH(O$11,_calc_기준100!$CN$39:$EF$39,0),"") -> 11 | P49: =IFERROR(MATCH(P$11,_calc_기준100!$CN$39:$EF$39,0),"") -> 31 | Q49: =IFERROR(MATCH(Q$11,_calc_기준100!$CN$39:$EF$39,0),"") -> 33 | R49: =IFERROR(MATCH(R$11,_calc_기준100!$CN$39:$EF$39,0),"") -> 13 | S49: =IFERROR(MATCH(S$11,_calc_기준100!$CN$39:$EF$39,0),"") -> 15 | ... BD49: =IFERROR(MATCH(BD$11,_calc_기준100!$CN$39:$EF$39,0),"") -> 23
A50: =A49-1 -> 1206 | B50: =IFERROR(INDEX(전체당첨내역!$B:$B,MATCH($A50,전체당첨내역!$A:$A,0)),"") -> 1 | C50: =IFERROR(INDEX(전체당첨내역!$C:$C,MATCH($A50,전체당첨내역!$A:$A,0)),"") -> 3 | D50: =IFERROR(INDEX(전체당첨내역!$D:$D,MATCH($A50,전체당첨내역!$A:$A,0)),"") -> 17 | E50: =IFERROR(INDEX(전체당첨내역!$E:$E,MATCH($A50,전체당첨내역!$A:$A,0)),"") -> 26 | F50: =IFERROR(INDEX(전체당첨내역!$F:$F,MATCH($A50,전체당첨내역!$A:$A,0)),"") -> 27 | G50: =IFERROR(INDEX(전체당첨내역!$G:$G,MATCH($A50,전체당첨내역!$A:$A,0)),"") -> 42 | H50: =IFERROR(INDEX(전체당첨내역!$H:$H,MATCH($A50,전체당첨내역!$A:$A,0)),"") -> 23 | I50: =IFERROR((INDEX(_calc_기준100!$CN$40:$EF$40,1,$B50)>0)*(INDEX(_calc_기준100!$CN$40:$EF$40,1,$B50)<=15)+(INDEX(_calc_기준100!$CN$40:$EF$40,1,$C50)>0)*(INDEX(_calc_기준100!$CN$40:$EF$40,1,$C50)<=15)+(INDEX(_calc_기준100!$CN$40:$EF$40,1,$D50)>0)*(INDEX(_calc_기준100!$CN$40:$EF$40,1,$D50)<=15)+(INDEX(_calc_기준100!$CN$40:$EF$40,1,$E50)>0)*(INDEX(_calc_기준100!$CN$40:$EF$40,1,$E50)<=15)+(INDEX(_calc_기준100!$CN$40:$EF$40,1,$F50)>0)*(INDEX(_calc_기준100!$CN$40:$EF$40,1,$F50)<=15)+(INDEX(_calc_기준100!$CN$40:$EF$40,1,$G50)>0)*(INDEX(_calc_기준100!$CN$40:$EF$40,1,$G50)<=15),"") -> 1 | J50: =IFERROR((INDEX(_calc_기준100!$CN$40:$EF$40,1,$B50)>15)*(INDEX(_calc_기준100!$CN$40:$EF$40,1,$B50)<=30)+(INDEX(_calc_기준100!$CN$40:$EF$40,1,$C50)>15)*(INDEX(_calc_기준100!$CN$40:$EF$40,1,$C50)<=30)+(INDEX(_calc_기준100!$CN$40:$EF$40,1,$D50)>15)*(INDEX(_calc_기준100!$CN$40:$EF$40,1,$D50)<=30)+(INDEX(_calc_기준100!$CN$40:$EF$40,1,$E50)>15)*(INDEX(_calc_기준100!$CN$40:$EF$40,1,$E50)<=30)+(INDEX(_calc_기준100!$CN$40:$EF$40,1,$F50)>15)*(INDEX(_calc_기준100!$CN$40:$EF$40,1,$F50)<=30)+(INDEX(_calc_기준100!$CN$40:$EF$40,1,$G50)>15)*(INDEX(_calc_기준100!$CN$40:$EF$40,1,$G50)<=30),"") -> 2 | K50: =IFERROR((INDEX(_calc_기준100!$CN$40:$EF$40,1,$B50)>30)+(INDEX(_calc_기준100!$CN$40:$EF$40,1,$C50)>30)+(INDEX(_calc_기준100!$CN$40:$EF$40,1,$D50)>30)+(INDEX(_calc_기준100!$CN$40:$EF$40,1,$E50)>30)+(INDEX(_calc_기준100!$CN$40:$EF$40,1,$F50)>30)+(INDEX(_calc_기준100!$CN$40:$EF$40,1,$G50)>30),"") -> 3 | L50: =IFERROR(MATCH(L$11,_calc_기준100!$CN$40:$EF$40,0),"") -> 19 | M50: =IFERROR(MATCH(M$11,_calc_기준100!$CN$40:$EF$40,0),"") -> 11 | N50: =IFERROR(MATCH(N$11,_calc_기준100!$CN$40:$EF$40,0),"") -> 33 | O50: =IFERROR(MATCH(O$11,_calc_기준100!$CN$40:$EF$40,0),"") -> 34 | P50: =IFERROR(MATCH(P$11,_calc_기준100!$CN$40:$EF$40,0),"") -> 13 | Q50: =IFERROR(MATCH(Q$11,_calc_기준100!$CN$40:$EF$40,0),"") -> 15 | R50: =IFERROR(MATCH(R$11,_calc_기준100!$CN$40:$EF$40,0),"") -> 30 | S50: =IFERROR(MATCH(S$11,_calc_기준100!$CN$40:$EF$40,0),"") -> 44 | ... BD50: =IFERROR(MATCH(BD$11,_calc_기준100!$CN$40:$EF$40,0),"") -> 23
A51: =A50-1 -> 1205 | B51: =IFERROR(INDEX(전체당첨내역!$B:$B,MATCH($A51,전체당첨내역!$A:$A,0)),"") -> 1 | C51: =IFERROR(INDEX(전체당첨내역!$C:$C,MATCH($A51,전체당첨내역!$A:$A,0)),"") -> 4 | D51: =IFERROR(INDEX(전체당첨내역!$D:$D,MATCH($A51,전체당첨내역!$A:$A,0)),"") -> 16 | E51: =IFERROR(INDEX(전체당첨내역!$E:$E,MATCH($A51,전체당첨내역!$A:$A,0)),"") -> 23 | F51: =IFERROR(INDEX(전체당첨내역!$F:$F,MATCH($A51,전체당첨내역!$A:$A,0)),"") -> 31 | G51: =IFERROR(INDEX(전체당첨내역!$G:$G,MATCH($A51,전체당첨내역!$A:$A,0)),"") -> 41 | H51: =IFERROR(INDEX(전체당첨내역!$H:$H,MATCH($A51,전체당첨내역!$A:$A,0)),"") -> 2 | I51: =IFERROR((INDEX(_calc_기준100!$CN$41:$EF$41,1,$B51)>0)*(INDEX(_calc_기준100!$CN$41:$EF$41,1,$B51)<=15)+(INDEX(_calc_기준100!$CN$41:$EF$41,1,$C51)>0)*(INDEX(_calc_기준100!$CN$41:$EF$41,1,$C51)<=15)+(INDEX(_calc_기준100!$CN$41:$EF$41,1,$D51)>0)*(INDEX(_calc_기준100!$CN$41:$EF$41,1,$D51)<=15)+(INDEX(_calc_기준100!$CN$41:$EF$41,1,$E51)>0)*(INDEX(_calc_기준100!$CN$41:$EF$41,1,$E51)<=15)+(INDEX(_calc_기준100!$CN$41:$EF$41,1,$F51)>0)*(INDEX(_calc_기준100!$CN$41:$EF$41,1,$F51)<=15)+(INDEX(_calc_기준100!$CN$41:$EF$41,1,$G51)>0)*(INDEX(_calc_기준100!$CN$41:$EF$41,1,$G51)<=15),"") -> 1 | J51: =IFERROR((INDEX(_calc_기준100!$CN$41:$EF$41,1,$B51)>15)*(INDEX(_calc_기준100!$CN$41:$EF$41,1,$B51)<=30)+(INDEX(_calc_기준100!$CN$41:$EF$41,1,$C51)>15)*(INDEX(_calc_기준100!$CN$41:$EF$41,1,$C51)<=30)+(INDEX(_calc_기준100!$CN$41:$EF$41,1,$D51)>15)*(INDEX(_calc_기준100!$CN$41:$EF$41,1,$D51)<=30)+(INDEX(_calc_기준100!$CN$41:$EF$41,1,$E51)>15)*(INDEX(_calc_기준100!$CN$41:$EF$41,1,$E51)<=30)+(INDEX(_calc_기준100!$CN$41:$EF$41,1,$F51)>15)*(INDEX(_calc_기준100!$CN$41:$EF$41,1,$F51)<=30)+(INDEX(_calc_기준100!$CN$41:$EF$41,1,$G51)>15)*(INDEX(_calc_기준100!$CN$41:$EF$41,1,$G51)<=30),"") -> 4 | K51: =IFERROR((INDEX(_calc_기준100!$CN$41:$EF$41,1,$B51)>30)+(INDEX(_calc_기준100!$CN$41:$EF$41,1,$C51)>30)+(INDEX(_calc_기준100!$CN$41:$EF$41,1,$D51)>30)+(INDEX(_calc_기준100!$CN$41:$EF$41,1,$E51)>30)+(INDEX(_calc_기준100!$CN$41:$EF$41,1,$F51)>30)+(INDEX(_calc_기준100!$CN$41:$EF$41,1,$G51)>30),"") -> 1 | L51: =IFERROR(MATCH(L$11,_calc_기준100!$CN$41:$EF$41,0),"") -> 34 | M51: =IFERROR(MATCH(M$11,_calc_기준100!$CN$41:$EF$41,0),"") -> 19 | N51: =IFERROR(MATCH(N$11,_calc_기준100!$CN$41:$EF$41,0),"") -> 11 | O51: =IFERROR(MATCH(O$11,_calc_기준100!$CN$41:$EF$41,0),"") -> 33 | P51: =IFERROR(MATCH(P$11,_calc_기준100!$CN$41:$EF$41,0),"") -> 13 | Q51: =IFERROR(MATCH(Q$11,_calc_기준100!$CN$41:$EF$41,0),"") -> 44 | R51: =IFERROR(MATCH(R$11,_calc_기준100!$CN$41:$EF$41,0),"") -> 30 | S51: =IFERROR(MATCH(S$11,_calc_기준100!$CN$41:$EF$41,0),"") -> 15 | ... BD51: =IFERROR(MATCH(BD$11,_calc_기준100!$CN$41:$EF$41,0),"") -> 23
A52: =A51-1 -> 1204 | B52: =IFERROR(INDEX(전체당첨내역!$B:$B,MATCH($A52,전체당첨내역!$A:$A,0)),"") -> 8 | C52: =IFERROR(INDEX(전체당첨내역!$C:$C,MATCH($A52,전체당첨내역!$A:$A,0)),"") -> 16 | D52: =IFERROR(INDEX(전체당첨내역!$D:$D,MATCH($A52,전체당첨내역!$A:$A,0)),"") -> 28 | E52: =IFERROR(INDEX(전체당첨내역!$E:$E,MATCH($A52,전체당첨내역!$A:$A,0)),"") -> 30 | F52: =IFERROR(INDEX(전체당첨내역!$F:$F,MATCH($A52,전체당첨내역!$A:$A,0)),"") -> 31 | G52: =IFERROR(INDEX(전체당첨내역!$G:$G,MATCH($A52,전체당첨내역!$A:$A,0)),"") -> 44 | H52: =IFERROR(INDEX(전체당첨내역!$H:$H,MATCH($A52,전체당첨내역!$A:$A,0)),"") -> 27 | I52: =IFERROR((INDEX(_calc_기준100!$CN$42:$EF$42,1,$B52)>0)*(INDEX(_calc_기준100!$CN$42:$EF$42,1,$B52)<=15)+(INDEX(_calc_기준100!$CN$42:$EF$42,1,$C52)>0)*(INDEX(_calc_기준100!$CN$42:$EF$42,1,$C52)<=15)+(INDEX(_calc_기준100!$CN$42:$EF$42,1,$D52)>0)*(INDEX(_calc_기준100!$CN$42:$EF$42,1,$D52)<=15)+(INDEX(_calc_기준100!$CN$42:$EF$42,1,$E52)>0)*(INDEX(_calc_기준100!$CN$42:$EF$42,1,$E52)<=15)+(INDEX(_calc_기준100!$CN$42:$EF$42,1,$F52)>0)*(INDEX(_calc_기준100!$CN$42:$EF$42,1,$F52)<=15)+(INDEX(_calc_기준100!$CN$42:$EF$42,1,$G52)>0)*(INDEX(_calc_기준100!$CN$42:$EF$42,1,$G52)<=15),"") -> 3 | J52: =IFERROR((INDEX(_calc_기준100!$CN$42:$EF$42,1,$B52)>15)*(INDEX(_calc_기준100!$CN$42:$EF$42,1,$B52)<=30)+(INDEX(_calc_기준100!$CN$42:$EF$42,1,$C52)>15)*(INDEX(_calc_기준100!$CN$42:$EF$42,1,$C52)<=30)+(INDEX(_calc_기준100!$CN$42:$EF$42,1,$D52)>15)*(INDEX(_calc_기준100!$CN$42:$EF$42,1,$D52)<=30)+(INDEX(_calc_기준100!$CN$42:$EF$42,1,$E52)>15)*(INDEX(_calc_기준100!$CN$42:$EF$42,1,$E52)<=30)+(INDEX(_calc_기준100!$CN$42:$EF$42,1,$F52)>15)*(INDEX(_calc_기준100!$CN$42:$EF$42,1,$F52)<=30)+(INDEX(_calc_기준100!$CN$42:$EF$42,1,$G52)>15)*(INDEX(_calc_기준100!$CN$42:$EF$42,1,$G52)<=30),"") -> 2 | K52: =IFERROR((INDEX(_calc_기준100!$CN$42:$EF$42,1,$B52)>30)+(INDEX(_calc_기준100!$CN$42:$EF$42,1,$C52)>30)+(INDEX(_calc_기준100!$CN$42:$EF$42,1,$D52)>30)+(INDEX(_calc_기준100!$CN$42:$EF$42,1,$E52)>30)+(INDEX(_calc_기준100!$CN$42:$EF$42,1,$F52)>30)+(INDEX(_calc_기준100!$CN$42:$EF$42,1,$G52)>30),"") -> 1 | L52: =IFERROR(MATCH(L$11,_calc_기준100!$CN$42:$EF$42,0),"") -> 34 | M52: =IFERROR(MATCH(M$11,_calc_기준100!$CN$42:$EF$42,0),"") -> 19 | N52: =IFERROR(MATCH(N$11,_calc_기준100!$CN$42:$EF$42,0),"") -> 30 | O52: =IFERROR(MATCH(O$11,_calc_기준100!$CN$42:$EF$42,0),"") -> 11 | P52: =IFERROR(MATCH(P$11,_calc_기준100!$CN$42:$EF$42,0),"") -> 33 | Q52: =IFERROR(MATCH(Q$11,_calc_기준100!$CN$42:$EF$42,0),"") -> 13 | R52: =IFERROR(MATCH(R$11,_calc_기준100!$CN$42:$EF$42,0),"") -> 21 | S52: =IFERROR(MATCH(S$11,_calc_기준100!$CN$42:$EF$42,0),"") -> 15 | ... BD52: =IFERROR(MATCH(BD$11,_calc_기준100!$CN$42:$EF$42,0),"") -> 23
A53: =A52-1 -> 1203 | B53: =IFERROR(INDEX(전체당첨내역!$B:$B,MATCH($A53,전체당첨내역!$A:$A,0)),"") -> 3 | C53: =IFERROR(INDEX(전체당첨내역!$C:$C,MATCH($A53,전체당첨내역!$A:$A,0)),"") -> 6 | D53: =IFERROR(INDEX(전체당첨내역!$D:$D,MATCH($A53,전체당첨내역!$A:$A,0)),"") -> 18 | E53: =IFERROR(INDEX(전체당첨내역!$E:$E,MATCH($A53,전체당첨내역!$A:$A,0)),"") -> 29 | F53: =IFERROR(INDEX(전체당첨내역!$F:$F,MATCH($A53,전체당첨내역!$A:$A,0)),"") -> 35 | G53: =IFERROR(INDEX(전체당첨내역!$G:$G,MATCH($A53,전체당첨내역!$A:$A,0)),"") -> 39 | H53: =IFERROR(INDEX(전체당첨내역!$H:$H,MATCH($A53,전체당첨내역!$A:$A,0)),"") -> 24 | I53: =IFERROR((INDEX(_calc_기준100!$CN$43:$EF$43,1,$B53)>0)*(INDEX(_calc_기준100!$CN$43:$EF$43,1,$B53)<=15)+(INDEX(_calc_기준100!$CN$43:$EF$43,1,$C53)>0)*(INDEX(_calc_기준100!$CN$43:$EF$43,1,$C53)<=15)+(INDEX(_calc_기준100!$CN$43:$EF$43,1,$D53)>0)*(INDEX(_calc_기준100!$CN$43:$EF$43,1,$D53)<=15)+(INDEX(_calc_기준100!$CN$43:$EF$43,1,$E53)>0)*(INDEX(_calc_기준100!$CN$43:$EF$43,1,$E53)<=15)+(INDEX(_calc_기준100!$CN$43:$EF$43,1,$F53)>0)*(INDEX(_calc_기준100!$CN$43:$EF$43,1,$F53)<=15)+(INDEX(_calc_기준100!$CN$43:$EF$43,1,$G53)>0)*(INDEX(_calc_기준100!$CN$43:$EF$43,1,$G53)<=15),"") -> 3 | J53: =IFERROR((INDEX(_calc_기준100!$CN$43:$EF$43,1,$B53)>15)*(INDEX(_calc_기준100!$CN$43:$EF$43,1,$B53)<=30)+(INDEX(_calc_기준100!$CN$43:$EF$43,1,$C53)>15)*(INDEX(_calc_기준100!$CN$43:$EF$43,1,$C53)<=30)+(INDEX(_calc_기준100!$CN$43:$EF$43,1,$D53)>15)*(INDEX(_calc_기준100!$CN$43:$EF$43,1,$D53)<=30)+(INDEX(_calc_기준100!$CN$43:$EF$43,1,$E53)>15)*(INDEX(_calc_기준100!$CN$43:$EF$43,1,$E53)<=30)+(INDEX(_calc_기준100!$CN$43:$EF$43,1,$F53)>15)*(INDEX(_calc_기준100!$CN$43:$EF$43,1,$F53)<=30)+(INDEX(_calc_기준100!$CN$43:$EF$43,1,$G53)>15)*(INDEX(_calc_기준100!$CN$43:$EF$43,1,$G53)<=30),"") -> 0 | K53: =IFERROR((INDEX(_calc_기준100!$CN$43:$EF$43,1,$B53)>30)+(INDEX(_calc_기준100!$CN$43:$EF$43,1,$C53)>30)+(INDEX(_calc_기준100!$CN$43:$EF$43,1,$D53)>30)+(INDEX(_calc_기준100!$CN$43:$EF$43,1,$E53)>30)+(INDEX(_calc_기준100!$CN$43:$EF$43,1,$F53)>30)+(INDEX(_calc_기준100!$CN$43:$EF$43,1,$G53)>30),"") -> 3 | L53: =IFERROR(MATCH(L$11,_calc_기준100!$CN$43:$EF$43,0),"") -> 34 | M53: =IFERROR(MATCH(M$11,_calc_기준100!$CN$43:$EF$43,0),"") -> 19 | N53: =IFERROR(MATCH(N$11,_calc_기준100!$CN$43:$EF$43,0),"") -> 30 | O53: =IFERROR(MATCH(O$11,_calc_기준100!$CN$43:$EF$43,0),"") -> 31 | P53: =IFERROR(MATCH(P$11,_calc_기준100!$CN$43:$EF$43,0),"") -> 33 | Q53: =IFERROR(MATCH(Q$11,_calc_기준100!$CN$43:$EF$43,0),"") -> 11 | R53: =IFERROR(MATCH(R$11,_calc_기준100!$CN$43:$EF$43,0),"") -> 44 | S53: =IFERROR(MATCH(S$11,_calc_기준100!$CN$43:$EF$43,0),"") -> 15 | ... BD53: =IFERROR(MATCH(BD$11,_calc_기준100!$CN$43:$EF$43,0),"") -> 23
A54: =A53-1 -> 1202 | B54: =IFERROR(INDEX(전체당첨내역!$B:$B,MATCH($A54,전체당첨내역!$A:$A,0)),"") -> 5 | C54: =IFERROR(INDEX(전체당첨내역!$C:$C,MATCH($A54,전체당첨내역!$A:$A,0)),"") -> 12 | D54: =IFERROR(INDEX(전체당첨내역!$D:$D,MATCH($A54,전체당첨내역!$A:$A,0)),"") -> 21 | E54: =IFERROR(INDEX(전체당첨내역!$E:$E,MATCH($A54,전체당첨내역!$A:$A,0)),"") -> 33 | F54: =IFERROR(INDEX(전체당첨내역!$F:$F,MATCH($A54,전체당첨내역!$A:$A,0)),"") -> 37 | G54: =IFERROR(INDEX(전체당첨내역!$G:$G,MATCH($A54,전체당첨내역!$A:$A,0)),"") -> 40 | H54: =IFERROR(INDEX(전체당첨내역!$H:$H,MATCH($A54,전체당첨내역!$A:$A,0)),"") -> 7 | I54: =IFERROR((INDEX(_calc_기준100!$CN$44:$EF$44,1,$B54)>0)*(INDEX(_calc_기준100!$CN$44:$EF$44,1,$B54)<=15)+(INDEX(_calc_기준100!$CN$44:$EF$44,1,$C54)>0)*(INDEX(_calc_기준100!$CN$44:$EF$44,1,$C54)<=15)+(INDEX(_calc_기준100!$CN$44:$EF$44,1,$D54)>0)*(INDEX(_calc_기준100!$CN$44:$EF$44,1,$D54)<=15)+(INDEX(_calc_기준100!$CN$44:$EF$44,1,$E54)>0)*(INDEX(_calc_기준100!$CN$44:$EF$44,1,$E54)<=15)+(INDEX(_calc_기준100!$CN$44:$EF$44,1,$F54)>0)*(INDEX(_calc_기준100!$CN$44:$EF$44,1,$F54)<=15)+(INDEX(_calc_기준100!$CN$44:$EF$44,1,$G54)>0)*(INDEX(_calc_기준100!$CN$44:$EF$44,1,$G54)<=15),"") -> 3 | J54: =IFERROR((INDEX(_calc_기준100!$CN$44:$EF$44,1,$B54)>15)*(INDEX(_calc_기준100!$CN$44:$EF$44,1,$B54)<=30)+(INDEX(_calc_기준100!$CN$44:$EF$44,1,$C54)>15)*(INDEX(_calc_기준100!$CN$44:$EF$44,1,$C54)<=30)+(INDEX(_calc_기준100!$CN$44:$EF$44,1,$D54)>15)*(INDEX(_calc_기준100!$CN$44:$EF$44,1,$D54)<=30)+(INDEX(_calc_기준100!$CN$44:$EF$44,1,$E54)>15)*(INDEX(_calc_기준100!$CN$44:$EF$44,1,$E54)<=30)+(INDEX(_calc_기준100!$CN$44:$EF$44,1,$F54)>15)*(INDEX(_calc_기준100!$CN$44:$EF$44,1,$F54)<=30)+(INDEX(_calc_기준100!$CN$44:$EF$44,1,$G54)>15)*(INDEX(_calc_기준100!$CN$44:$EF$44,1,$G54)<=30),"") -> 2 | K54: =IFERROR((INDEX(_calc_기준100!$CN$44:$EF$44,1,$B54)>30)+(INDEX(_calc_기준100!$CN$44:$EF$44,1,$C54)>30)+(INDEX(_calc_기준100!$CN$44:$EF$44,1,$D54)>30)+(INDEX(_calc_기준100!$CN$44:$EF$44,1,$E54)>30)+(INDEX(_calc_기준100!$CN$44:$EF$44,1,$F54)>30)+(INDEX(_calc_기준100!$CN$44:$EF$44,1,$G54)>30),"") -> 1 | L54: =IFERROR(MATCH(L$11,_calc_기준100!$CN$44:$EF$44,0),"") -> 19 | M54: =IFERROR(MATCH(M$11,_calc_기준100!$CN$44:$EF$44,0),"") -> 33 | N54: =IFERROR(MATCH(N$11,_calc_기준100!$CN$44:$EF$44,0),"") -> 34 | O54: =IFERROR(MATCH(O$11,_calc_기준100!$CN$44:$EF$44,0),"") -> 21 | P54: =IFERROR(MATCH(P$11,_calc_기준100!$CN$44:$EF$44,0),"") -> 11 | Q54: =IFERROR(MATCH(Q$11,_calc_기준100!$CN$44:$EF$44,0),"") -> 15 | R54: =IFERROR(MATCH(R$11,_calc_기준100!$CN$44:$EF$44,0),"") -> 44 | S54: =IFERROR(MATCH(S$11,_calc_기준100!$CN$44:$EF$44,0),"") -> 30 | ... BD54: =IFERROR(MATCH(BD$11,_calc_기준100!$CN$44:$EF$44,0),"") -> 23
A55: =A54-1 -> 1201 | B55: =IFERROR(INDEX(전체당첨내역!$B:$B,MATCH($A55,전체당첨내역!$A:$A,0)),"") -> 7 | C55: =IFERROR(INDEX(전체당첨내역!$C:$C,MATCH($A55,전체당첨내역!$A:$A,0)),"") -> 9 | D55: =IFERROR(INDEX(전체당첨내역!$D:$D,MATCH($A55,전체당첨내역!$A:$A,0)),"") -> 24 | E55: =IFERROR(INDEX(전체당첨내역!$E:$E,MATCH($A55,전체당첨내역!$A:$A,0)),"") -> 27 | F55: =IFERROR(INDEX(전체당첨내역!$F:$F,MATCH($A55,전체당첨내역!$A:$A,0)),"") -> 35 | G55: =IFERROR(INDEX(전체당첨내역!$G:$G,MATCH($A55,전체당첨내역!$A:$A,0)),"") -> 36 | H55: =IFERROR(INDEX(전체당첨내역!$H:$H,MATCH($A55,전체당첨내역!$A:$A,0)),"") -> 37 | I55: =IFERROR((INDEX(_calc_기준100!$CN$45:$EF$45,1,$B55)>0)*(INDEX(_calc_기준100!$CN$45:$EF$45,1,$B55)<=15)+(INDEX(_calc_기준100!$CN$45:$EF$45,1,$C55)>0)*(INDEX(_calc_기준100!$CN$45:$EF$45,1,$C55)<=15)+(INDEX(_calc_기준100!$CN$45:$EF$45,1,$D55)>0)*(INDEX(_calc_기준100!$CN$45:$EF$45,1,$D55)<=15)+(INDEX(_calc_기준100!$CN$45:$EF$45,1,$E55)>0)*(INDEX(_calc_기준100!$CN$45:$EF$45,1,$E55)<=15)+(INDEX(_calc_기준100!$CN$45:$EF$45,1,$F55)>0)*(INDEX(_calc_기준100!$CN$45:$EF$45,1,$F55)<=15)+(INDEX(_calc_기준100!$CN$45:$EF$45,1,$G55)>0)*(INDEX(_calc_기준100!$CN$45:$EF$45,1,$G55)<=15),"") -> 0 | J55: =IFERROR((INDEX(_calc_기준100!$CN$45:$EF$45,1,$B55)>15)*(INDEX(_calc_기준100!$CN$45:$EF$45,1,$B55)<=30)+(INDEX(_calc_기준100!$CN$45:$EF$45,1,$C55)>15)*(INDEX(_calc_기준100!$CN$45:$EF$45,1,$C55)<=30)+(INDEX(_calc_기준100!$CN$45:$EF$45,1,$D55)>15)*(INDEX(_calc_기준100!$CN$45:$EF$45,1,$D55)<=30)+(INDEX(_calc_기준100!$CN$45:$EF$45,1,$E55)>15)*(INDEX(_calc_기준100!$CN$45:$EF$45,1,$E55)<=30)+(INDEX(_calc_기준100!$CN$45:$EF$45,1,$F55)>15)*(INDEX(_calc_기준100!$CN$45:$EF$45,1,$F55)<=30)+(INDEX(_calc_기준100!$CN$45:$EF$45,1,$G55)>15)*(INDEX(_calc_기준100!$CN$45:$EF$45,1,$G55)<=30),"") -> 3 | K55: =IFERROR((INDEX(_calc_기준100!$CN$45:$EF$45,1,$B55)>30)+(INDEX(_calc_기준100!$CN$45:$EF$45,1,$C55)>30)+(INDEX(_calc_기준100!$CN$45:$EF$45,1,$D55)>30)+(INDEX(_calc_기준100!$CN$45:$EF$45,1,$E55)>30)+(INDEX(_calc_기준100!$CN$45:$EF$45,1,$F55)>30)+(INDEX(_calc_기준100!$CN$45:$EF$45,1,$G55)>30),"") -> 3 | L55: =IFERROR(MATCH(L$11,_calc_기준100!$CN$45:$EF$45,0),"") -> 34 | M55: =IFERROR(MATCH(M$11,_calc_기준100!$CN$45:$EF$45,0),"") -> 19 | N55: =IFERROR(MATCH(N$11,_calc_기준100!$CN$45:$EF$45,0),"") -> 21 | O55: =IFERROR(MATCH(O$11,_calc_기준100!$CN$45:$EF$45,0),"") -> 33 | P55: =IFERROR(MATCH(P$11,_calc_기준100!$CN$45:$EF$45,0),"") -> 11 | Q55: =IFERROR(MATCH(Q$11,_calc_기준100!$CN$45:$EF$45,0),"") -> 44 | R55: =IFERROR(MATCH(R$11,_calc_기준100!$CN$45:$EF$45,0),"") -> 30 | S55: =IFERROR(MATCH(S$11,_calc_기준100!$CN$45:$EF$45,0),"") -> 6 | ... BD55: =IFERROR(MATCH(BD$11,_calc_기준100!$CN$45:$EF$45,0),"") -> 23
A56: =A55-1 -> 1200 | B56: =IFERROR(INDEX(전체당첨내역!$B:$B,MATCH($A56,전체당첨내역!$A:$A,0)),"") -> 1 | C56: =IFERROR(INDEX(전체당첨내역!$C:$C,MATCH($A56,전체당첨내역!$A:$A,0)),"") -> 2 | D56: =IFERROR(INDEX(전체당첨내역!$D:$D,MATCH($A56,전체당첨내역!$A:$A,0)),"") -> 4 | E56: =IFERROR(INDEX(전체당첨내역!$E:$E,MATCH($A56,전체당첨내역!$A:$A,0)),"") -> 16 | F56: =IFERROR(INDEX(전체당첨내역!$F:$F,MATCH($A56,전체당첨내역!$A:$A,0)),"") -> 20 | G56: =IFERROR(INDEX(전체당첨내역!$G:$G,MATCH($A56,전체당첨내역!$A:$A,0)),"") -> 32 | H56: =IFERROR(INDEX(전체당첨내역!$H:$H,MATCH($A56,전체당첨내역!$A:$A,0)),"") -> 45 | I56: =IFERROR((INDEX(_calc_기준100!$CN$46:$EF$46,1,$B56)>0)*(INDEX(_calc_기준100!$CN$46:$EF$46,1,$B56)<=15)+(INDEX(_calc_기준100!$CN$46:$EF$46,1,$C56)>0)*(INDEX(_calc_기준100!$CN$46:$EF$46,1,$C56)<=15)+(INDEX(_calc_기준100!$CN$46:$EF$46,1,$D56)>0)*(INDEX(_calc_기준100!$CN$46:$EF$46,1,$D56)<=15)+(INDEX(_calc_기준100!$CN$46:$EF$46,1,$E56)>0)*(INDEX(_calc_기준100!$CN$46:$EF$46,1,$E56)<=15)+(INDEX(_calc_기준100!$CN$46:$EF$46,1,$F56)>0)*(INDEX(_calc_기준100!$CN$46:$EF$46,1,$F56)<=15)+(INDEX(_calc_기준100!$CN$46:$EF$46,1,$G56)>0)*(INDEX(_calc_기준100!$CN$46:$EF$46,1,$G56)<=15),"") -> 0 | J56: =IFERROR((INDEX(_calc_기준100!$CN$46:$EF$46,1,$B56)>15)*(INDEX(_calc_기준100!$CN$46:$EF$46,1,$B56)<=30)+(INDEX(_calc_기준100!$CN$46:$EF$46,1,$C56)>15)*(INDEX(_calc_기준100!$CN$46:$EF$46,1,$C56)<=30)+(INDEX(_calc_기준100!$CN$46:$EF$46,1,$D56)>15)*(INDEX(_calc_기준100!$CN$46:$EF$46,1,$D56)<=30)+(INDEX(_calc_기준100!$CN$46:$EF$46,1,$E56)>15)*(INDEX(_calc_기준100!$CN$46:$EF$46,1,$E56)<=30)+(INDEX(_calc_기준100!$CN$46:$EF$46,1,$F56)>15)*(INDEX(_calc_기준100!$CN$46:$EF$46,1,$F56)<=30)+(INDEX(_calc_기준100!$CN$46:$EF$46,1,$G56)>15)*(INDEX(_calc_기준100!$CN$46:$EF$46,1,$G56)<=30),"") -> 4 | K56: =IFERROR((INDEX(_calc_기준100!$CN$46:$EF$46,1,$B56)>30)+(INDEX(_calc_기준100!$CN$46:$EF$46,1,$C56)>30)+(INDEX(_calc_기준100!$CN$46:$EF$46,1,$D56)>30)+(INDEX(_calc_기준100!$CN$46:$EF$46,1,$E56)>30)+(INDEX(_calc_기준100!$CN$46:$EF$46,1,$F56)>30)+(INDEX(_calc_기준100!$CN$46:$EF$46,1,$G56)>30),"") -> 2 | L56: =IFERROR(MATCH(L$11,_calc_기준100!$CN$46:$EF$46,0),"") -> 34 | M56: =IFERROR(MATCH(M$11,_calc_기준100!$CN$46:$EF$46,0),"") -> 33 | N56: =IFERROR(MATCH(N$11,_calc_기준100!$CN$46:$EF$46,0),"") -> 19 | O56: =IFERROR(MATCH(O$11,_calc_기준100!$CN$46:$EF$46,0),"") -> 21 | P56: =IFERROR(MATCH(P$11,_calc_기준100!$CN$46:$EF$46,0),"") -> 11 | Q56: =IFERROR(MATCH(Q$11,_calc_기준100!$CN$46:$EF$46,0),"") -> 44 | R56: =IFERROR(MATCH(R$11,_calc_기준100!$CN$46:$EF$46,0),"") -> 6 | S56: =IFERROR(MATCH(S$11,_calc_기준100!$CN$46:$EF$46,0),"") -> 30 | ... BD56: =IFERROR(MATCH(BD$11,_calc_기준100!$CN$46:$EF$46,0),"") -> 23
A57: =A56-1 -> 1199 | B57: =IFERROR(INDEX(전체당첨내역!$B:$B,MATCH($A57,전체당첨내역!$A:$A,0)),"") -> 16 | C57: =IFERROR(INDEX(전체당첨내역!$C:$C,MATCH($A57,전체당첨내역!$A:$A,0)),"") -> 24 | D57: =IFERROR(INDEX(전체당첨내역!$D:$D,MATCH($A57,전체당첨내역!$A:$A,0)),"") -> 25 | E57: =IFERROR(INDEX(전체당첨내역!$E:$E,MATCH($A57,전체당첨내역!$A:$A,0)),"") -> 30 | F57: =IFERROR(INDEX(전체당첨내역!$F:$F,MATCH($A57,전체당첨내역!$A:$A,0)),"") -> 31 | G57: =IFERROR(INDEX(전체당첨내역!$G:$G,MATCH($A57,전체당첨내역!$A:$A,0)),"") -> 32 | H57: =IFERROR(INDEX(전체당첨내역!$H:$H,MATCH($A57,전체당첨내역!$A:$A,0)),"") -> 7 | I57: =IFERROR((INDEX(_calc_기준100!$CN$47:$EF$47,1,$B57)>0)*(INDEX(_calc_기준100!$CN$47:$EF$47,1,$B57)<=15)+(INDEX(_calc_기준100!$CN$47:$EF$47,1,$C57)>0)*(INDEX(_calc_기준100!$CN$47:$EF$47,1,$C57)<=15)+(INDEX(_calc_기준100!$CN$47:$EF$47,1,$D57)>0)*(INDEX(_calc_기준100!$CN$47:$EF$47,1,$D57)<=15)+(INDEX(_calc_기준100!$CN$47:$EF$47,1,$E57)>0)*(INDEX(_calc_기준100!$CN$47:$EF$47,1,$E57)<=15)+(INDEX(_calc_기준100!$CN$47:$EF$47,1,$F57)>0)*(INDEX(_calc_기준100!$CN$47:$EF$47,1,$F57)<=15)+(INDEX(_calc_기준100!$CN$47:$EF$47,1,$G57)>0)*(INDEX(_calc_기준100!$CN$47:$EF$47,1,$G57)<=15),"") -> 3 | J57: =IFERROR((INDEX(_calc_기준100!$CN$47:$EF$47,1,$B57)>15)*(INDEX(_calc_기준100!$CN$47:$EF$47,1,$B57)<=30)+(INDEX(_calc_기준100!$CN$47:$EF$47,1,$C57)>15)*(INDEX(_calc_기준100!$CN$47:$EF$47,1,$C57)<=30)+(INDEX(_calc_기준100!$CN$47:$EF$47,1,$D57)>15)*(INDEX(_calc_기준100!$CN$47:$EF$47,1,$D57)<=30)+(INDEX(_calc_기준100!$CN$47:$EF$47,1,$E57)>15)*(INDEX(_calc_기준100!$CN$47:$EF$47,1,$E57)<=30)+(INDEX(_calc_기준100!$CN$47:$EF$47,1,$F57)>15)*(INDEX(_calc_기준100!$CN$47:$EF$47,1,$F57)<=30)+(INDEX(_calc_기준100!$CN$47:$EF$47,1,$G57)>15)*(INDEX(_calc_기준100!$CN$47:$EF$47,1,$G57)<=30),"") -> 0 | K57: =IFERROR((INDEX(_calc_기준100!$CN$47:$EF$47,1,$B57)>30)+(INDEX(_calc_기준100!$CN$47:$EF$47,1,$C57)>30)+(INDEX(_calc_기준100!$CN$47:$EF$47,1,$D57)>30)+(INDEX(_calc_기준100!$CN$47:$EF$47,1,$E57)>30)+(INDEX(_calc_기준100!$CN$47:$EF$47,1,$F57)>30)+(INDEX(_calc_기준100!$CN$47:$EF$47,1,$G57)>30),"") -> 3 | L57: =IFERROR(MATCH(L$11,_calc_기준100!$CN$47:$EF$47,0),"") -> 34 | M57: =IFERROR(MATCH(M$11,_calc_기준100!$CN$47:$EF$47,0),"") -> 33 | N57: =IFERROR(MATCH(N$11,_calc_기준100!$CN$47:$EF$47,0),"") -> 11 | O57: =IFERROR(MATCH(O$11,_calc_기준100!$CN$47:$EF$47,0),"") -> 30 | P57: =IFERROR(MATCH(P$11,_calc_기준100!$CN$47:$EF$47,0),"") -> 31 | Q57: =IFERROR(MATCH(Q$11,_calc_기준100!$CN$47:$EF$47,0),"") -> 44 | R57: =IFERROR(MATCH(R$11,_calc_기준100!$CN$47:$EF$47,0),"") -> 6 | S57: =IFERROR(MATCH(S$11,_calc_기준100!$CN$47:$EF$47,0),"") -> 19 | ... BD57: =IFERROR(MATCH(BD$11,_calc_기준100!$CN$47:$EF$47,0),"") -> 23
A58: =A57-1 -> 1198 | B58: =IFERROR(INDEX(전체당첨내역!$B:$B,MATCH($A58,전체당첨내역!$A:$A,0)),"") -> 26 | C58: =IFERROR(INDEX(전체당첨내역!$C:$C,MATCH($A58,전체당첨내역!$A:$A,0)),"") -> 30 | D58: =IFERROR(INDEX(전체당첨내역!$D:$D,MATCH($A58,전체당첨내역!$A:$A,0)),"") -> 33 | E58: =IFERROR(INDEX(전체당첨내역!$E:$E,MATCH($A58,전체당첨내역!$A:$A,0)),"") -> 38 | F58: =IFERROR(INDEX(전체당첨내역!$F:$F,MATCH($A58,전체당첨내역!$A:$A,0)),"") -> 39 | G58: =IFERROR(INDEX(전체당첨내역!$G:$G,MATCH($A58,전체당첨내역!$A:$A,0)),"") -> 41 | H58: =IFERROR(INDEX(전체당첨내역!$H:$H,MATCH($A58,전체당첨내역!$A:$A,0)),"") -> 21 | I58: =IFERROR((INDEX(_calc_기준100!$CN$48:$EF$48,1,$B58)>0)*(INDEX(_calc_기준100!$CN$48:$EF$48,1,$B58)<=15)+(INDEX(_calc_기준100!$CN$48:$EF$48,1,$C58)>0)*(INDEX(_calc_기준100!$CN$48:$EF$48,1,$C58)<=15)+(INDEX(_calc_기준100!$CN$48:$EF$48,1,$D58)>0)*(INDEX(_calc_기준100!$CN$48:$EF$48,1,$D58)<=15)+(INDEX(_calc_기준100!$CN$48:$EF$48,1,$E58)>0)*(INDEX(_calc_기준100!$CN$48:$EF$48,1,$E58)<=15)+(INDEX(_calc_기준100!$CN$48:$EF$48,1,$F58)>0)*(INDEX(_calc_기준100!$CN$48:$EF$48,1,$F58)<=15)+(INDEX(_calc_기준100!$CN$48:$EF$48,1,$G58)>0)*(INDEX(_calc_기준100!$CN$48:$EF$48,1,$G58)<=15),"") -> 4 | J58: =IFERROR((INDEX(_calc_기준100!$CN$48:$EF$48,1,$B58)>15)*(INDEX(_calc_기준100!$CN$48:$EF$48,1,$B58)<=30)+(INDEX(_calc_기준100!$CN$48:$EF$48,1,$C58)>15)*(INDEX(_calc_기준100!$CN$48:$EF$48,1,$C58)<=30)+(INDEX(_calc_기준100!$CN$48:$EF$48,1,$D58)>15)*(INDEX(_calc_기준100!$CN$48:$EF$48,1,$D58)<=30)+(INDEX(_calc_기준100!$CN$48:$EF$48,1,$E58)>15)*(INDEX(_calc_기준100!$CN$48:$EF$48,1,$E58)<=30)+(INDEX(_calc_기준100!$CN$48:$EF$48,1,$F58)>15)*(INDEX(_calc_기준100!$CN$48:$EF$48,1,$F58)<=30)+(INDEX(_calc_기준100!$CN$48:$EF$48,1,$G58)>15)*(INDEX(_calc_기준100!$CN$48:$EF$48,1,$G58)<=30),"") -> 1 | K58: =IFERROR((INDEX(_calc_기준100!$CN$48:$EF$48,1,$B58)>30)+(INDEX(_calc_기준100!$CN$48:$EF$48,1,$C58)>30)+(INDEX(_calc_기준100!$CN$48:$EF$48,1,$D58)>30)+(INDEX(_calc_기준100!$CN$48:$EF$48,1,$E58)>30)+(INDEX(_calc_기준100!$CN$48:$EF$48,1,$F58)>30)+(INDEX(_calc_기준100!$CN$48:$EF$48,1,$G58)>30),"") -> 1 | L58: =IFERROR(MATCH(L$11,_calc_기준100!$CN$48:$EF$48,0),"") -> 33 | M58: =IFERROR(MATCH(M$11,_calc_기준100!$CN$48:$EF$48,0),"") -> 30 | N58: =IFERROR(MATCH(N$11,_calc_기준100!$CN$48:$EF$48,0),"") -> 34 | O58: =IFERROR(MATCH(O$11,_calc_기준100!$CN$48:$EF$48,0),"") -> 44 | P58: =IFERROR(MATCH(P$11,_calc_기준100!$CN$48:$EF$48,0),"") -> 11 | Q58: =IFERROR(MATCH(Q$11,_calc_기준100!$CN$48:$EF$48,0),"") -> 31 | R58: =IFERROR(MATCH(R$11,_calc_기준100!$CN$48:$EF$48,0),"") -> 19 | S58: =IFERROR(MATCH(S$11,_calc_기준100!$CN$48:$EF$48,0),"") -> 10 | ... BD58: =IFERROR(MATCH(BD$11,_calc_기준100!$CN$48:$EF$48,0),"") -> 23
A59: =A58-1 -> 1197 | B59: =IFERROR(INDEX(전체당첨내역!$B:$B,MATCH($A59,전체당첨내역!$A:$A,0)),"") -> 1 | C59: =IFERROR(INDEX(전체당첨내역!$C:$C,MATCH($A59,전체당첨내역!$A:$A,0)),"") -> 5 | D59: =IFERROR(INDEX(전체당첨내역!$D:$D,MATCH($A59,전체당첨내역!$A:$A,0)),"") -> 7 | E59: =IFERROR(INDEX(전체당첨내역!$E:$E,MATCH($A59,전체당첨내역!$A:$A,0)),"") -> 26 | F59: =IFERROR(INDEX(전체당첨내역!$F:$F,MATCH($A59,전체당첨내역!$A:$A,0)),"") -> 28 | G59: =IFERROR(INDEX(전체당첨내역!$G:$G,MATCH($A59,전체당첨내역!$A:$A,0)),"") -> 43 | H59: =IFERROR(INDEX(전체당첨내역!$H:$H,MATCH($A59,전체당첨내역!$A:$A,0)),"") -> 30 | I59: =IFERROR((INDEX(_calc_기준100!$CN$49:$EF$49,1,$B59)>0)*(INDEX(_calc_기준100!$CN$49:$EF$49,1,$B59)<=15)+(INDEX(_calc_기준100!$CN$49:$EF$49,1,$C59)>0)*(INDEX(_calc_기준100!$CN$49:$EF$49,1,$C59)<=15)+(INDEX(_calc_기준100!$CN$49:$EF$49,1,$D59)>0)*(INDEX(_calc_기준100!$CN$49:$EF$49,1,$D59)<=15)+(INDEX(_calc_기준100!$CN$49:$EF$49,1,$E59)>0)*(INDEX(_calc_기준100!$CN$49:$EF$49,1,$E59)<=15)+(INDEX(_calc_기준100!$CN$49:$EF$49,1,$F59)>0)*(INDEX(_calc_기준100!$CN$49:$EF$49,1,$F59)<=15)+(INDEX(_calc_기준100!$CN$49:$EF$49,1,$G59)>0)*(INDEX(_calc_기준100!$CN$49:$EF$49,1,$G59)<=15),"") -> 1 | J59: =IFERROR((INDEX(_calc_기준100!$CN$49:$EF$49,1,$B59)>15)*(INDEX(_calc_기준100!$CN$49:$EF$49,1,$B59)<=30)+(INDEX(_calc_기준100!$CN$49:$EF$49,1,$C59)>15)*(INDEX(_calc_기준100!$CN$49:$EF$49,1,$C59)<=30)+(INDEX(_calc_기준100!$CN$49:$EF$49,1,$D59)>15)*(INDEX(_calc_기준100!$CN$49:$EF$49,1,$D59)<=30)+(INDEX(_calc_기준100!$CN$49:$EF$49,1,$E59)>15)*(INDEX(_calc_기준100!$CN$49:$EF$49,1,$E59)<=30)+(INDEX(_calc_기준100!$CN$49:$EF$49,1,$F59)>15)*(INDEX(_calc_기준100!$CN$49:$EF$49,1,$F59)<=30)+(INDEX(_calc_기준100!$CN$49:$EF$49,1,$G59)>15)*(INDEX(_calc_기준100!$CN$49:$EF$49,1,$G59)<=30),"") -> 4 | K59: =IFERROR((INDEX(_calc_기준100!$CN$49:$EF$49,1,$B59)>30)+(INDEX(_calc_기준100!$CN$49:$EF$49,1,$C59)>30)+(INDEX(_calc_기준100!$CN$49:$EF$49,1,$D59)>30)+(INDEX(_calc_기준100!$CN$49:$EF$49,1,$E59)>30)+(INDEX(_calc_기준100!$CN$49:$EF$49,1,$F59)>30)+(INDEX(_calc_기준100!$CN$49:$EF$49,1,$G59)>30),"") -> 1 | L59: =IFERROR(MATCH(L$11,_calc_기준100!$CN$49:$EF$49,0),"") -> 33 | M59: =IFERROR(MATCH(M$11,_calc_기준100!$CN$49:$EF$49,0),"") -> 34 | N59: =IFERROR(MATCH(N$11,_calc_기준100!$CN$49:$EF$49,0),"") -> 30 | O59: =IFERROR(MATCH(O$11,_calc_기준100!$CN$49:$EF$49,0),"") -> 31 | P59: =IFERROR(MATCH(P$11,_calc_기준100!$CN$49:$EF$49,0),"") -> 44 | Q59: =IFERROR(MATCH(Q$11,_calc_기준100!$CN$49:$EF$49,0),"") -> 14 | R59: =IFERROR(MATCH(R$11,_calc_기준100!$CN$49:$EF$49,0),"") -> 40 | S59: =IFERROR(MATCH(S$11,_calc_기준100!$CN$49:$EF$49,0),"") -> 10 | ... BD59: =IFERROR(MATCH(BD$11,_calc_기준100!$CN$49:$EF$49,0),"") -> 23
A60: =A59-1 -> 1196 | B60: =IFERROR(INDEX(전체당첨내역!$B:$B,MATCH($A60,전체당첨내역!$A:$A,0)),"") -> 8 | C60: =IFERROR(INDEX(전체당첨내역!$C:$C,MATCH($A60,전체당첨내역!$A:$A,0)),"") -> 12 | D60: =IFERROR(INDEX(전체당첨내역!$D:$D,MATCH($A60,전체당첨내역!$A:$A,0)),"") -> 15 | E60: =IFERROR(INDEX(전체당첨내역!$E:$E,MATCH($A60,전체당첨내역!$A:$A,0)),"") -> 29 | F60: =IFERROR(INDEX(전체당첨내역!$F:$F,MATCH($A60,전체당첨내역!$A:$A,0)),"") -> 40 | G60: =IFERROR(INDEX(전체당첨내역!$G:$G,MATCH($A60,전체당첨내역!$A:$A,0)),"") -> 45 | H60: =IFERROR(INDEX(전체당첨내역!$H:$H,MATCH($A60,전체당첨내역!$A:$A,0)),"") -> 14 | I60: =IFERROR((INDEX(_calc_기준100!$CN$50:$EF$50,1,$B60)>0)*(INDEX(_calc_기준100!$CN$50:$EF$50,1,$B60)<=15)+(INDEX(_calc_기준100!$CN$50:$EF$50,1,$C60)>0)*(INDEX(_calc_기준100!$CN$50:$EF$50,1,$C60)<=15)+(INDEX(_calc_기준100!$CN$50:$EF$50,1,$D60)>0)*(INDEX(_calc_기준100!$CN$50:$EF$50,1,$D60)<=15)+(INDEX(_calc_기준100!$CN$50:$EF$50,1,$E60)>0)*(INDEX(_calc_기준100!$CN$50:$EF$50,1,$E60)<=15)+(INDEX(_calc_기준100!$CN$50:$EF$50,1,$F60)>0)*(INDEX(_calc_기준100!$CN$50:$EF$50,1,$F60)<=15)+(INDEX(_calc_기준100!$CN$50:$EF$50,1,$G60)>0)*(INDEX(_calc_기준100!$CN$50:$EF$50,1,$G60)<=15),"") -> 2 | J60: =IFERROR((INDEX(_calc_기준100!$CN$50:$EF$50,1,$B60)>15)*(INDEX(_calc_기준100!$CN$50:$EF$50,1,$B60)<=30)+(INDEX(_calc_기준100!$CN$50:$EF$50,1,$C60)>15)*(INDEX(_calc_기준100!$CN$50:$EF$50,1,$C60)<=30)+(INDEX(_calc_기준100!$CN$50:$EF$50,1,$D60)>15)*(INDEX(_calc_기준100!$CN$50:$EF$50,1,$D60)<=30)+(INDEX(_calc_기준100!$CN$50:$EF$50,1,$E60)>15)*(INDEX(_calc_기준100!$CN$50:$EF$50,1,$E60)<=30)+(INDEX(_calc_기준100!$CN$50:$EF$50,1,$F60)>15)*(INDEX(_calc_기준100!$CN$50:$EF$50,1,$F60)<=30)+(INDEX(_calc_기준100!$CN$50:$EF$50,1,$G60)>15)*(INDEX(_calc_기준100!$CN$50:$EF$50,1,$G60)<=30),"") -> 3 | K60: =IFERROR((INDEX(_calc_기준100!$CN$50:$EF$50,1,$B60)>30)+(INDEX(_calc_기준100!$CN$50:$EF$50,1,$C60)>30)+(INDEX(_calc_기준100!$CN$50:$EF$50,1,$D60)>30)+(INDEX(_calc_기준100!$CN$50:$EF$50,1,$E60)>30)+(INDEX(_calc_기준100!$CN$50:$EF$50,1,$F60)>30)+(INDEX(_calc_기준100!$CN$50:$EF$50,1,$G60)>30),"") -> 1 | L60: =IFERROR(MATCH(L$11,_calc_기준100!$CN$50:$EF$50,0),"") -> 33 | M60: =IFERROR(MATCH(M$11,_calc_기준100!$CN$50:$EF$50,0),"") -> 34 | N60: =IFERROR(MATCH(N$11,_calc_기준100!$CN$50:$EF$50,0),"") -> 30 | O60: =IFERROR(MATCH(O$11,_calc_기준100!$CN$50:$EF$50,0),"") -> 44 | P60: =IFERROR(MATCH(P$11,_calc_기준100!$CN$50:$EF$50,0),"") -> 14 | Q60: =IFERROR(MATCH(Q$11,_calc_기준100!$CN$50:$EF$50,0),"") -> 31 | R60: =IFERROR(MATCH(R$11,_calc_기준100!$CN$50:$EF$50,0),"") -> 21 | S60: =IFERROR(MATCH(S$11,_calc_기준100!$CN$50:$EF$50,0),"") -> 40 | ... BD60: =IFERROR(MATCH(BD$11,_calc_기준100!$CN$50:$EF$50,0),"") -> 39
A61: =A60-1 -> 1195 | B61: =IFERROR(INDEX(전체당첨내역!$B:$B,MATCH($A61,전체당첨내역!$A:$A,0)),"") -> 3 | C61: =IFERROR(INDEX(전체당첨내역!$C:$C,MATCH($A61,전체당첨내역!$A:$A,0)),"") -> 15 | D61: =IFERROR(INDEX(전체당첨내역!$D:$D,MATCH($A61,전체당첨내역!$A:$A,0)),"") -> 27 | E61: =IFERROR(INDEX(전체당첨내역!$E:$E,MATCH($A61,전체당첨내역!$A:$A,0)),"") -> 33 | F61: =IFERROR(INDEX(전체당첨내역!$F:$F,MATCH($A61,전체당첨내역!$A:$A,0)),"") -> 34 | G61: =IFERROR(INDEX(전체당첨내역!$G:$G,MATCH($A61,전체당첨내역!$A:$A,0)),"") -> 36 | H61: =IFERROR(INDEX(전체당첨내역!$H:$H,MATCH($A61,전체당첨내역!$A:$A,0)),"") -> 37 | I61: =IFERROR((INDEX(_calc_기준100!$CN$51:$EF$51,1,$B61)>0)*(INDEX(_calc_기준100!$CN$51:$EF$51,1,$B61)<=15)+(INDEX(_calc_기준100!$CN$51:$EF$51,1,$C61)>0)*(INDEX(_calc_기준100!$CN$51:$EF$51,1,$C61)<=15)+(INDEX(_calc_기준100!$CN$51:$EF$51,1,$D61)>0)*(INDEX(_calc_기준100!$CN$51:$EF$51,1,$D61)<=15)+(INDEX(_calc_기준100!$CN$51:$EF$51,1,$E61)>0)*(INDEX(_calc_기준100!$CN$51:$EF$51,1,$E61)<=15)+(INDEX(_calc_기준100!$CN$51:$EF$51,1,$F61)>0)*(INDEX(_calc_기준100!$CN$51:$EF$51,1,$F61)<=15)+(INDEX(_calc_기준100!$CN$51:$EF$51,1,$G61)>0)*(INDEX(_calc_기준100!$CN$51:$EF$51,1,$G61)<=15),"") -> 2 | J61: =IFERROR((INDEX(_calc_기준100!$CN$51:$EF$51,1,$B61)>15)*(INDEX(_calc_기준100!$CN$51:$EF$51,1,$B61)<=30)+(INDEX(_calc_기준100!$CN$51:$EF$51,1,$C61)>15)*(INDEX(_calc_기준100!$CN$51:$EF$51,1,$C61)<=30)+(INDEX(_calc_기준100!$CN$51:$EF$51,1,$D61)>15)*(INDEX(_calc_기준100!$CN$51:$EF$51,1,$D61)<=30)+(INDEX(_calc_기준100!$CN$51:$EF$51,1,$E61)>15)*(INDEX(_calc_기준100!$CN$51:$EF$51,1,$E61)<=30)+(INDEX(_calc_기준100!$CN$51:$EF$51,1,$F61)>15)*(INDEX(_calc_기준100!$CN$51:$EF$51,1,$F61)<=30)+(INDEX(_calc_기준100!$CN$51:$EF$51,1,$G61)>15)*(INDEX(_calc_기준100!$CN$51:$EF$51,1,$G61)<=30),"") -> 3 | K61: =IFERROR((INDEX(_calc_기준100!$CN$51:$EF$51,1,$B61)>30)+(INDEX(_calc_기준100!$CN$51:$EF$51,1,$C61)>30)+(INDEX(_calc_기준100!$CN$51:$EF$51,1,$D61)>30)+(INDEX(_calc_기준100!$CN$51:$EF$51,1,$E61)>30)+(INDEX(_calc_기준100!$CN$51:$EF$51,1,$F61)>30)+(INDEX(_calc_기준100!$CN$51:$EF$51,1,$G61)>30),"") -> 1 | L61: =IFERROR(MATCH(L$11,_calc_기준100!$CN$51:$EF$51,0),"") -> 34 | M61: =IFERROR(MATCH(M$11,_calc_기준100!$CN$51:$EF$51,0),"") -> 30 | N61: =IFERROR(MATCH(N$11,_calc_기준100!$CN$51:$EF$51,0),"") -> 33 | O61: =IFERROR(MATCH(O$11,_calc_기준100!$CN$51:$EF$51,0),"") -> 14 | P61: =IFERROR(MATCH(P$11,_calc_기준100!$CN$51:$EF$51,0),"") -> 1 | Q61: =IFERROR(MATCH(Q$11,_calc_기준100!$CN$51:$EF$51,0),"") -> 10 | R61: =IFERROR(MATCH(R$11,_calc_기준100!$CN$51:$EF$51,0),"") -> 21 | S61: =IFERROR(MATCH(S$11,_calc_기준100!$CN$51:$EF$51,0),"") -> 40 | ... BD61: =IFERROR(MATCH(BD$11,_calc_기준100!$CN$51:$EF$51,0),"") -> 39
A62: =A61-1 -> 1194 | B62: =IFERROR(INDEX(전체당첨내역!$B:$B,MATCH($A62,전체당첨내역!$A:$A,0)),"") -> 3 | C62: =IFERROR(INDEX(전체당첨내역!$C:$C,MATCH($A62,전체당첨내역!$A:$A,0)),"") -> 13 | D62: =IFERROR(INDEX(전체당첨내역!$D:$D,MATCH($A62,전체당첨내역!$A:$A,0)),"") -> 15 | E62: =IFERROR(INDEX(전체당첨내역!$E:$E,MATCH($A62,전체당첨내역!$A:$A,0)),"") -> 24 | F62: =IFERROR(INDEX(전체당첨내역!$F:$F,MATCH($A62,전체당첨내역!$A:$A,0)),"") -> 33 | G62: =IFERROR(INDEX(전체당첨내역!$G:$G,MATCH($A62,전체당첨내역!$A:$A,0)),"") -> 37 | H62: =IFERROR(INDEX(전체당첨내역!$H:$H,MATCH($A62,전체당첨내역!$A:$A,0)),"") -> 2 | I62: =IFERROR((INDEX(_calc_기준100!$CN$52:$EF$52,1,$B62)>0)*(INDEX(_calc_기준100!$CN$52:$EF$52,1,$B62)<=15)+(INDEX(_calc_기준100!$CN$52:$EF$52,1,$C62)>0)*(INDEX(_calc_기준100!$CN$52:$EF$52,1,$C62)<=15)+(INDEX(_calc_기준100!$CN$52:$EF$52,1,$D62)>0)*(INDEX(_calc_기준100!$CN$52:$EF$52,1,$D62)<=15)+(INDEX(_calc_기준100!$CN$52:$EF$52,1,$E62)>0)*(INDEX(_calc_기준100!$CN$52:$EF$52,1,$E62)<=15)+(INDEX(_calc_기준100!$CN$52:$EF$52,1,$F62)>0)*(INDEX(_calc_기준100!$CN$52:$EF$52,1,$F62)<=15)+(INDEX(_calc_기준100!$CN$52:$EF$52,1,$G62)>0)*(INDEX(_calc_기준100!$CN$52:$EF$52,1,$G62)<=15),"") -> 2 | J62: =IFERROR((INDEX(_calc_기준100!$CN$52:$EF$52,1,$B62)>15)*(INDEX(_calc_기준100!$CN$52:$EF$52,1,$B62)<=30)+(INDEX(_calc_기준100!$CN$52:$EF$52,1,$C62)>15)*(INDEX(_calc_기준100!$CN$52:$EF$52,1,$C62)<=30)+(INDEX(_calc_기준100!$CN$52:$EF$52,1,$D62)>15)*(INDEX(_calc_기준100!$CN$52:$EF$52,1,$D62)<=30)+(INDEX(_calc_기준100!$CN$52:$EF$52,1,$E62)>15)*(INDEX(_calc_기준100!$CN$52:$EF$52,1,$E62)<=30)+(INDEX(_calc_기준100!$CN$52:$EF$52,1,$F62)>15)*(INDEX(_calc_기준100!$CN$52:$EF$52,1,$F62)<=30)+(INDEX(_calc_기준100!$CN$52:$EF$52,1,$G62)>15)*(INDEX(_calc_기준100!$CN$52:$EF$52,1,$G62)<=30),"") -> 3 | K62: =IFERROR((INDEX(_calc_기준100!$CN$52:$EF$52,1,$B62)>30)+(INDEX(_calc_기준100!$CN$52:$EF$52,1,$C62)>30)+(INDEX(_calc_기준100!$CN$52:$EF$52,1,$D62)>30)+(INDEX(_calc_기준100!$CN$52:$EF$52,1,$E62)>30)+(INDEX(_calc_기준100!$CN$52:$EF$52,1,$F62)>30)+(INDEX(_calc_기준100!$CN$52:$EF$52,1,$G62)>30),"") -> 1 | L62: =IFERROR(MATCH(L$11,_calc_기준100!$CN$52:$EF$52,0),"") -> 33 | M62: =IFERROR(MATCH(M$11,_calc_기준100!$CN$52:$EF$52,0),"") -> 34 | N62: =IFERROR(MATCH(N$11,_calc_기준100!$CN$52:$EF$52,0),"") -> 30 | O62: =IFERROR(MATCH(O$11,_calc_기준100!$CN$52:$EF$52,0),"") -> 14 | P62: =IFERROR(MATCH(P$11,_calc_기준100!$CN$52:$EF$52,0),"") -> 40 | Q62: =IFERROR(MATCH(Q$11,_calc_기준100!$CN$52:$EF$52,0),"") -> 21 | R62: =IFERROR(MATCH(R$11,_calc_기준100!$CN$52:$EF$52,0),"") -> 1 | S62: =IFERROR(MATCH(S$11,_calc_기준100!$CN$52:$EF$52,0),"") -> 10 | ... BD62: =IFERROR(MATCH(BD$11,_calc_기준100!$CN$52:$EF$52,0),"") -> 39

Sheet 기준150회_후보
A1: 기준빈도 회차수(이 값만 바꾸면 전체 재계산) | B1: 150 | L1: 1 | M1: 2 | N1: 3 | O1: 4 | P1: 5 | Q1: 6 | R1: 7 | S1: 8 | T1: 9 | U1: 10 | V1: 11 | W1: 12 | X1: 13 | Y1: 14 | Z1: 15 | AA1: 16 | AB1: 17 | AC1: 18 | AD1: 19 | AE1: 20 | AF1: 21 | AG1: 22 | AH1: 23 | AI1: 24 | AJ1: 25 | AK1: 26 | AL1: 27 | AM1: 28 | AN1: 29 | AO1: 30 | AP1: 31 | AQ1: 32 | AR1: 33 | AS1: 34 | AT1: 35 | AU1: 36 | AV1: 37 | AW1: 38 | AX1: 39 | AY1: 40 | AZ1: 41 | BA1: 42 | BB1: 43 | BC1: 44 | BD1: 45
K2: ="기준빈도(최근"&$B$1&"회)" -> 기준빈도(최근150회) | L2: =SUMPRODUCT((전체당첨내역!$A$2:$A$1500>=(MAX(전체당첨내역!$A$2:$A$1500)-($B$1-1)))*((전체당첨내역!$B$2:$B$1500=L$1)+(전체당첨내역!$C$2:$C$1500=L$1)+(전체당첨내역!$D$2:$D$1500=L$1)+(전체당첨내역!$E$2:$E$1500=L$1)+(전체당첨내역!$F$2:$F$1500=L$1)+(전체당첨내역!$G$2:$G$1500=L$1))) -> 19 | M2: =SUMPRODUCT((전체당첨내역!$A$2:$A$1500>=(MAX(전체당첨내역!$A$2:$A$1500)-($B$1-1)))*((전체당첨내역!$B$2:$B$1500=M$1)+(전체당첨내역!$C$2:$C$1500=M$1)+(전체당첨내역!$D$2:$D$1500=M$1)+(전체당첨내역!$E$2:$E$1500=M$1)+(전체당첨내역!$F$2:$F$1500=M$1)+(전체당첨내역!$G$2:$G$1500=M$1))) -> 15 | N2: =SUMPRODUCT((전체당첨내역!$A$2:$A$1500>=(MAX(전체당첨내역!$A$2:$A$1500)-($B$1-1)))*((전체당첨내역!$B$2:$B$1500=N$1)+(전체당첨내역!$C$2:$C$1500=N$1)+(전체당첨내역!$D$2:$D$1500=N$1)+(전체당첨내역!$E$2:$E$1500=N$1)+(전체당첨내역!$F$2:$F$1500=N$1)+(전체당첨내역!$G$2:$G$1500=N$1))) -> 25 | O2: =SUMPRODUCT((전체당첨내역!$A$2:$A$1500>=(MAX(전체당첨내역!$A$2:$A$1500)-($B$1-1)))*((전체당첨내역!$B$2:$B$1500=O$1)+(전체당첨내역!$C$2:$C$1500=O$1)+(전체당첨내역!$D$2:$D$1500=O$1)+(전체당첨내역!$E$2:$E$1500=O$1)+(전체당첨내역!$F$2:$F$1500=O$1)+(전체당첨내역!$G$2:$G$1500=O$1))) -> 16 | P2: =SUMPRODUCT((전체당첨내역!$A$2:$A$1500>=(MAX(전체당첨내역!$A$2:$A$1500)-($B$1-1)))*((전체당첨내역!$B$2:$B$1500=P$1)+(전체당첨내역!$C$2:$C$1500=P$1)+(전체당첨내역!$D$2:$D$1500=P$1)+(전체당첨내역!$E$2:$E$1500=P$1)+(전체당첨내역!$F$2:$F$1500=P$1)+(전체당첨내역!$G$2:$G$1500=P$1))) -> 13 | Q2: =SUMPRODUCT((전체당첨내역!$A$2:$A$1500>=(MAX(전체당첨내역!$A$2:$A$1500)-($B$1-1)))*((전체당첨내역!$B$2:$B$1500=Q$1)+(전체당첨내역!$C$2:$C$1500=Q$1)+(전체당첨내역!$D$2:$D$1500=Q$1)+(전체당첨내역!$E$2:$E$1500=Q$1)+(전체당첨내역!$F$2:$F$1500=Q$1)+(전체당첨내역!$G$2:$G$1500=Q$1))) -> 24 | R2: =SUMPRODUCT((전체당첨내역!$A$2:$A$1500>=(MAX(전체당첨내역!$A$2:$A$1500)-($B$1-1)))*((전체당첨내역!$B$2:$B$1500=R$1)+(전체당첨내역!$C$2:$C$1500=R$1)+(전체당첨내역!$D$2:$D$1500=R$1)+(전체당첨내역!$E$2:$E$1500=R$1)+(전체당첨내역!$F$2:$F$1500=R$1)+(전체당첨내역!$G$2:$G$1500=R$1))) -> 25 | S2: =SUMPRODUCT((전체당첨내역!$A$2:$A$1500>=(MAX(전체당첨내역!$A$2:$A$1500)-($B$1-1)))*((전체당첨내역!$B$2:$B$1500=S$1)+(전체당첨내역!$C$2:$C$1500=S$1)+(전체당첨내역!$D$2:$D$1500=S$1)+(전체당첨내역!$E$2:$E$1500=S$1)+(전체당첨내역!$F$2:$F$1500=S$1)+(전체당첨내역!$G$2:$G$1500=S$1))) -> 18 | ... BD2: =SUMPRODUCT((전체당첨내역!$A$2:$A$1500>=(MAX(전체당첨내역!$A$2:$A$1500)-($B$1-1)))*((전체당첨내역!$B$2:$B$1500=BD$1)+(전체당첨내역!$C$2:$C$1500=BD$1)+(전체당첨내역!$D$2:$D$1500=BD$1)+(전체당첨내역!$E$2:$E$1500=BD$1)+(전체당첨내역!$F$2:$F$1500=BD$1)+(전체당첨내역!$G$2:$G$1500=BD$1))) -> 16
A3: 순위 | B3: 후보숫자 | K3: 최근50회 빈도(고정) | L3: =SUMPRODUCT((전체당첨내역!$A$2:$A$1500>=(MAX(전체당첨내역!$A$2:$A$1500)-49))*((전체당첨내역!$B$2:$B$1500=L$1)+(전체당첨내역!$C$2:$C$1500=L$1)+(전체당첨내역!$D$2:$D$1500=L$1)+(전체당첨내역!$E$2:$E$1500=L$1)+(전체당첨내역!$F$2:$F$1500=L$1)+(전체당첨내역!$G$2:$G$1500=L$1))) -> 8 | M3: =SUMPRODUCT((전체당첨내역!$A$2:$A$1500>=(MAX(전체당첨내역!$A$2:$A$1500)-49))*((전체당첨내역!$B$2:$B$1500=M$1)+(전체당첨내역!$C$2:$C$1500=M$1)+(전체당첨내역!$D$2:$D$1500=M$1)+(전체당첨내역!$E$2:$E$1500=M$1)+(전체당첨내역!$F$2:$F$1500=M$1)+(전체당첨내역!$G$2:$G$1500=M$1))) -> 7 | N3: =SUMPRODUCT((전체당첨내역!$A$2:$A$1500>=(MAX(전체당첨내역!$A$2:$A$1500)-49))*((전체당첨내역!$B$2:$B$1500=N$1)+(전체당첨내역!$C$2:$C$1500=N$1)+(전체당첨내역!$D$2:$D$1500=N$1)+(전체당첨내역!$E$2:$E$1500=N$1)+(전체당첨내역!$F$2:$F$1500=N$1)+(전체당첨내역!$G$2:$G$1500=N$1))) -> 7 | O3: =SUMPRODUCT((전체당첨내역!$A$2:$A$1500>=(MAX(전체당첨내역!$A$2:$A$1500)-49))*((전체당첨내역!$B$2:$B$1500=O$1)+(전체당첨내역!$C$2:$C$1500=O$1)+(전체당첨내역!$D$2:$D$1500=O$1)+(전체당첨내역!$E$2:$E$1500=O$1)+(전체당첨내역!$F$2:$F$1500=O$1)+(전체당첨내역!$G$2:$G$1500=O$1))) -> 6 | P3: =SUMPRODUCT((전체당첨내역!$A$2:$A$1500>=(MAX(전체당첨내역!$A$2:$A$1500)-49))*((전체당첨내역!$B$2:$B$1500=P$1)+(전체당첨내역!$C$2:$C$1500=P$1)+(전체당첨내역!$D$2:$D$1500=P$1)+(전체당첨내역!$E$2:$E$1500=P$1)+(전체당첨내역!$F$2:$F$1500=P$1)+(전체당첨내역!$G$2:$G$1500=P$1))) -> 4 | Q3: =SUMPRODUCT((전체당첨내역!$A$2:$A$1500>=(MAX(전체당첨내역!$A$2:$A$1500)-49))*((전체당첨내역!$B$2:$B$1500=Q$1)+(전체당첨내역!$C$2:$C$1500=Q$1)+(전체당첨내역!$D$2:$D$1500=Q$1)+(전체당첨내역!$E$2:$E$1500=Q$1)+(전체당첨내역!$F$2:$F$1500=Q$1)+(전체당첨내역!$G$2:$G$1500=Q$1))) -> 5 | R3: =SUMPRODUCT((전체당첨내역!$A$2:$A$1500>=(MAX(전체당첨내역!$A$2:$A$1500)-49))*((전체당첨내역!$B$2:$B$1500=R$1)+(전체당첨내역!$C$2:$C$1500=R$1)+(전체당첨내역!$D$2:$D$1500=R$1)+(전체당첨내역!$E$2:$E$1500=R$1)+(전체당첨내역!$F$2:$F$1500=R$1)+(전체당첨내역!$G$2:$G$1500=R$1))) -> 6 | S3: =SUMPRODUCT((전체당첨내역!$A$2:$A$1500>=(MAX(전체당첨내역!$A$2:$A$1500)-49))*((전체당첨내역!$B$2:$B$1500=S$1)+(전체당첨내역!$C$2:$C$1500=S$1)+(전체당첨내역!$D$2:$D$1500=S$1)+(전체당첨내역!$E$2:$E$1500=S$1)+(전체당첨내역!$F$2:$F$1500=S$1)+(전체당첨내역!$G$2:$G$1500=S$1))) -> 6 | ... BD3: =SUMPRODUCT((전체당첨내역!$A$2:$A$1500>=(MAX(전체당첨내역!$A$2:$A$1500)-49))*((전체당첨내역!$B$2:$B$1500=BD$1)+(전체당첨내역!$C$2:$C$1500=BD$1)+(전체당첨내역!$D$2:$D$1500=BD$1)+(전체당첨내역!$E$2:$E$1500=BD$1)+(전체당첨내역!$F$2:$F$1500=BD$1)+(전체당첨내역!$G$2:$G$1500=BD$1))) -> 6
A4: 1 | B4: =INDEX($L$1:$BD$1,MATCH(A4,$L$5:$BD$5,0)) -> 40 | K4: 오차(출현임박) | L4: =(RANK(L$3,$L$3:$BD$3,0)+COUNTIFS($L$3:$BD$3,L$3,$L$1:$BD$1,"<"&L$1))-(RANK(L$2,$L$2:$BD$2,0)+COUNTIFS($L$2:$BD$2,L$2,$L$1:$BD$1,"<"&L$1)) -> -16 | M4: =(RANK(M$3,$L$3:$BD$3,0)+COUNTIFS($L$3:$BD$3,M$3,$L$1:$BD$1,"<"&M$1))-(RANK(M$2,$L$2:$BD$2,0)+COUNTIFS($L$2:$BD$2,M$2,$L$1:$BD$1,"<"&M$1)) -> -28 | N4: =(RANK(N$3,$L$3:$BD$3,0)+COUNTIFS($L$3:$BD$3,N$3,$L$1:$BD$1,"<"&N$1))-(RANK(N$2,$L$2:$BD$2,0)+COUNTIFS($L$2:$BD$2,N$2,$L$1:$BD$1,"<"&N$1)) -> 9 | O4: =(RANK(O$3,$L$3:$BD$3,0)+COUNTIFS($L$3:$BD$3,O$3,$L$1:$BD$1,"<"&O$1))-(RANK(O$2,$L$2:$BD$2,0)+COUNTIFS($L$2:$BD$2,O$2,$L$1:$BD$1,"<"&O$1)) -> -14 | P4: =(RANK(P$3,$L$3:$BD$3,0)+COUNTIFS($L$3:$BD$3,P$3,$L$1:$BD$1,"<"&P$1))-(RANK(P$2,$L$2:$BD$2,0)+COUNTIFS($L$2:$BD$2,P$2,$L$1:$BD$1,"<"&P$1)) -> -2 | Q4: =(RANK(Q$3,$L$3:$BD$3,0)+COUNTIFS($L$3:$BD$3,Q$3,$L$1:$BD$1,"<"&Q$1))-(RANK(Q$2,$L$2:$BD$2,0)+COUNTIFS($L$2:$BD$2,Q$2,$L$1:$BD$1,"<"&Q$1)) -> 26 | R4: =(RANK(R$3,$L$3:$BD$3,0)+COUNTIFS($L$3:$BD$3,R$3,$L$1:$BD$1,"<"&R$1))-(RANK(R$2,$L$2:$BD$2,0)+COUNTIFS($L$2:$BD$2,R$2,$L$1:$BD$1,"<"&R$1)) -> 17 | S4: =(RANK(S$3,$L$3:$BD$3,0)+COUNTIFS($L$3:$BD$3,S$3,$L$1:$BD$1,"<"&S$1))-(RANK(S$2,$L$2:$BD$2,0)+COUNTIFS($L$2:$BD$2,S$2,$L$1:$BD$1,"<"&S$1)) -> -5 | ... BD4: =(RANK(BD$3,$L$3:$BD$3,0)+COUNTIFS($L$3:$BD$3,BD$3,$L$1:$BD$1,"<"&BD$1))-(RANK(BD$2,$L$2:$BD$2,0)+COUNTIFS($L$2:$BD$2,BD$2,$L$1:$BD$1,"<"&BD$1)) -> -4
A5: 2 | B5: =INDEX($L$1:$BD$1,MATCH(A5,$L$5:$BD$5,0)) -> 6 | K5: 순위(1~45) | L5: =RANK(L4,$L$4:$BD$4,0)+COUNTIFS($L$4:$BD$4,L4,$L$1:$BD$1,"<"&L$1) -> 43 | M5: =RANK(M4,$L$4:$BD$4,0)+COUNTIFS($L$4:$BD$4,M4,$L$1:$BD$1,"<"&M$1) -> 44 | N5: =RANK(N4,$L$4:$BD$4,0)+COUNTIFS($L$4:$BD$4,N4,$L$1:$BD$1,"<"&N$1) -> 11 | O5: =RANK(O4,$L$4:$BD$4,0)+COUNTIFS($L$4:$BD$4,O4,$L$1:$BD$1,"<"&O$1) -> 38 | P5: =RANK(P4,$L$4:$BD$4,0)+COUNTIFS($L$4:$BD$4,P4,$L$1:$BD$1,"<"&P$1) -> 24 | Q5: =RANK(Q4,$L$4:$BD$4,0)+COUNTIFS($L$4:$BD$4,Q4,$L$1:$BD$1,"<"&Q$1) -> 2 | R5: =RANK(R4,$L$4:$BD$4,0)+COUNTIFS($L$4:$BD$4,R4,$L$1:$BD$1,"<"&R$1) -> 7 | S5: =RANK(S4,$L$4:$BD$4,0)+COUNTIFS($L$4:$BD$4,S4,$L$1:$BD$1,"<"&S$1) -> 27 | ... BD5: =RANK(BD4,$L$4:$BD$4,0)+COUNTIFS($L$4:$BD$4,BD4,$L$1:$BD$1,"<"&BD$1) -> 26
A6: 3 | B6: =INDEX($L$1:$BD$1,MATCH(A6,$L$5:$BD$5,0)) -> 12 | K6: 적중회수(현재순위 기준, 최근50회 실적) | L6: =SUMPRODUCT(($L$13:$L$62=$B$13:$B$62)+($L$13:$L$62=$C$13:$C$62)+($L$13:$L$62=$D$13:$D$62)+($L$13:$L$62=$E$13:$E$62)+($L$13:$L$62=$F$13:$F$62)+($L$13:$L$62=$G$13:$G$62)) -> 11 | M6: =SUMPRODUCT(($M$13:$M$62=$B$13:$B$62)+($M$13:$M$62=$C$13:$C$62)+($M$13:$M$62=$D$13:$D$62)+($M$13:$M$62=$E$13:$E$62)+($M$13:$M$62=$F$13:$F$62)+($M$13:$M$62=$G$13:$G$62)) -> 7 | N6: =SUMPRODUCT(($N$13:$N$62=$B$13:$B$62)+($N$13:$N$62=$C$13:$C$62)+($N$13:$N$62=$D$13:$D$62)+($N$13:$N$62=$E$13:$E$62)+($N$13:$N$62=$F$13:$F$62)+($N$13:$N$62=$G$13:$G$62)) -> 10 | O6: =SUMPRODUCT(($O$13:$O$62=$B$13:$B$62)+($O$13:$O$62=$C$13:$C$62)+($O$13:$O$62=$D$13:$D$62)+($O$13:$O$62=$E$13:$E$62)+($O$13:$O$62=$F$13:$F$62)+($O$13:$O$62=$G$13:$G$62)) -> 2 | P6: =SUMPRODUCT(($P$13:$P$62=$B$13:$B$62)+($P$13:$P$62=$C$13:$C$62)+($P$13:$P$62=$D$13:$D$62)+($P$13:$P$62=$E$13:$E$62)+($P$13:$P$62=$F$13:$F$62)+($P$13:$P$62=$G$13:$G$62)) -> 9 | Q6: =SUMPRODUCT(($Q$13:$Q$62=$B$13:$B$62)+($Q$13:$Q$62=$C$13:$C$62)+($Q$13:$Q$62=$D$13:$D$62)+($Q$13:$Q$62=$E$13:$E$62)+($Q$13:$Q$62=$F$13:$F$62)+($Q$13:$Q$62=$G$13:$G$62)) -> 5 | R6: =SUMPRODUCT(($R$13:$R$62=$B$13:$B$62)+($R$13:$R$62=$C$13:$C$62)+($R$13:$R$62=$D$13:$D$62)+($R$13:$R$62=$E$13:$E$62)+($R$13:$R$62=$F$13:$F$62)+($R$13:$R$62=$G$13:$G$62)) -> 0 | S6: =SUMPRODUCT(($S$13:$S$62=$B$13:$B$62)+($S$13:$S$62=$C$13:$C$62)+($S$13:$S$62=$D$13:$D$62)+($S$13:$S$62=$E$13:$E$62)+($S$13:$S$62=$F$13:$F$62)+($S$13:$S$62=$G$13:$G$62)) -> 7 | T6: =SUMPRODUCT(($T$13:$T$62=$B$13:$B$62)+($T$13:$T$62=$C$13:$C$62)+($T$13:$T$62=$D$13:$D$62)+($T$13:$T$62=$E$13:$E$62)+($T$13:$T$62=$F$13:$F$62)+($T$13:$T$62=$G$13:$G$62)) -> 8 | U6: =SUMPRODUCT(($U$13:$U$62=$B$13:$B$62)+($U$13:$U$62=$C$13:$C$62)+($U$13:$U$62=$D$13:$D$62)+($U$13:$U$62=$E$13:$E$62)+($U$13:$U$62=$F$13:$F$62)+($U$13:$U$62=$G$13:$G$62)) -> 8 | V6: =SUMPRODUCT(($V$13:$V$62=$B$13:$B$62)+($V$13:$V$62=$C$13:$C$62)+($V$13:$V$62=$D$13:$D$62)+($V$13:$V$62=$E$13:$E$62)+($V$13:$V$62=$F$13:$F$62)+($V$13:$V$62=$G$13:$G$62)) -> 5 | W6: =SUMPRODUCT(($W$13:$W$62=$B$13:$B$62)+($W$13:$W$62=$C$13:$C$62)+($W$13:$W$62=$D$13:$D$62)+($W$13:$W$62=$E$13:$E$62)+($W$13:$W$62=$F$13:$F$62)+($W$13:$W$62=$G$13:$G$62)) -> 5 | X6: =SUMPRODUCT(($X$13:$X$62=$B$13:$B$62)+($X$13:$X$62=$C$13:$C$62)+($X$13:$X$62=$D$13:$D$62)+($X$13:$X$62=$E$13:$E$62)+($X$13:$X$62=$F$13:$F$62)+($X$13:$X$62=$G$13:$G$62)) -> 8 | Y6: =SUMPRODUCT(($Y$13:$Y$62=$B$13:$B$62)+($Y$13:$Y$62=$C$13:$C$62)+($Y$13:$Y$62=$D$13:$D$62)+($Y$13:$Y$62=$E$13:$E$62)+($Y$13:$Y$62=$F$13:$F$62)+($Y$13:$Y$62=$G$13:$G$62)) -> 9 | Z6: =SUMPRODUCT(($Z$13:$Z$62=$B$13:$B$62)+($Z$13:$Z$62=$C$13:$C$62)+($Z$13:$Z$62=$D$13:$D$62)+($Z$13:$Z$62=$E$13:$E$62)+($Z$13:$Z$62=$F$13:$F$62)+($Z$13:$Z$62=$G$13:$G$62)) -> 8 | AA6: =SUMPRODUCT(($AA$13:$AA$62=$B$13:$B$62)+($AA$13:$AA$62=$C$13:$C$62)+($AA$13:$AA$62=$D$13:$D$62)+($AA$13:$AA$62=$E$13:$E$62)+($AA$13:$AA$62=$F$13:$F$62)+($AA$13:$AA$62=$G$13:$G$62)) -> 8 | AB6: =SUMPRODUCT(($AB$13:$AB$62=$B$13:$B$62)+($AB$13:$AB$62=$C$13:$C$62)+($AB$13:$AB$62=$D$13:$D$62)+($AB$13:$AB$62=$E$13:$E$62)+($AB$13:$AB$62=$F$13:$F$62)+($AB$13:$AB$62=$G$13:$G$62)) -> 9 | AC6: =SUMPRODUCT(($AC$13:$AC$62=$B$13:$B$62)+($AC$13:$AC$62=$C$13:$C$62)+($AC$13:$AC$62=$D$13:$D$62)+($AC$13:$AC$62=$E$13:$E$62)+($AC$13:$AC$62=$F$13:$F$62)+($AC$13:$AC$62=$G$13:$G$62)) -> 8 | AD6: =SUMPRODUCT(($AD$13:$AD$62=$B$13:$B$62)+($AD$13:$AD$62=$C$13:$C$62)+($AD$13:$AD$62=$D$13:$D$62)+($AD$13:$AD$62=$E$13:$E$62)+($AD$13:$AD$62=$F$13:$F$62)+($AD$13:$AD$62=$G$13:$G$62)) -> 5 | AE6: =SUMPRODUCT(($AE$13:$AE$62=$B$13:$B$62)+($AE$13:$AE$62=$C$13:$C$62)+($AE$13:$AE$62=$D$13:$D$62)+($AE$13:$AE$62=$E$13:$E$62)+($AE$13:$AE$62=$F$13:$F$62)+($AE$13:$AE$62=$G$13:$G$62)) -> 7 | AF6: =SUMPRODUCT(($AF$13:$AF$62=$B$13:$B$62)+($AF$13:$AF$62=$C$13:$C$62)+($AF$13:$AF$62=$D$13:$D$62)+($AF$13:$AF$62=$E$13:$E$62)+($AF$13:$AF$62=$F$13:$F$62)+($AF$13:$AF$62=$G$13:$G$62)) -> 7 | AG6: =SUMPRODUCT(($AG$13:$AG$62=$B$13:$B$62)+($AG$13:$AG$62=$C$13:$C$62)+($AG$13:$AG$62=$D$13:$D$62)+($AG$13:$AG$62=$E$13:$E$62)+($AG$13:$AG$62=$F$13:$F$62)+($AG$13:$AG$62=$G$13:$G$62)) -> 5 | AH6: =SUMPRODUCT(($AH$13:$AH$62=$B$13:$B$62)+($AH$13:$AH$62=$C$13:$C$62)+($AH$13:$AH$62=$D$13:$D$62)+($AH$13:$AH$62=$E$13:$E$62)+($AH$13:$AH$62=$F$13:$F$62)+($AH$13:$AH$62=$G$13:$G$62)) -> 7 | AI6: =SUMPRODUCT(($AI$13:$AI$62=$B$13:$B$62)+($AI$13:$AI$62=$C$13:$C$62)+($AI$13:$AI$62=$D$13:$D$62)+($AI$13:$AI$62=$E$13:$E$62)+($AI$13:$AI$62=$F$13:$F$62)+($AI$13:$AI$62=$G$13:$G$62)) -> 7 | AJ6: =SUMPRODUCT(($AJ$13:$AJ$62=$B$13:$B$62)+($AJ$13:$AJ$62=$C$13:$C$62)+($AJ$13:$AJ$62=$D$13:$D$62)+($AJ$13:$AJ$62=$E$13:$E$62)+($AJ$13:$AJ$62=$F$13:$F$62)+($AJ$13:$AJ$62=$G$13:$G$62)) -> 8 | AK6: =SUMPRODUCT(($AK$13:$AK$62=$B$13:$B$62)+($AK$13:$AK$62=$C$13:$C$62)+($AK$13:$AK$62=$D$13:$D$62)+($AK$13:$AK$62=$E$13:$E$62)+($AK$13:$AK$62=$F$13:$F$62)+($AK$13:$AK$62=$G$13:$G$62)) -> 8 | AL6: =SUMPRODUCT(($AL$13:$AL$62=$B$13:$B$62)+($AL$13:$AL$62=$C$13:$C$62)+($AL$13:$AL$62=$D$13:$D$62)+($AL$13:$AL$62=$E$13:$E$62)+($AL$13:$AL$62=$F$13:$F$62)+($AL$13:$AL$62=$G$13:$G$62)) -> 7 | AM6: =SUMPRODUCT(($AM$13:$AM$62=$B$13:$B$62)+($AM$13:$AM$62=$C$13:$C$62)+($AM$13:$AM$62=$D$13:$D$62)+($AM$13:$AM$62=$E$13:$E$62)+($AM$13:$AM$62=$F$13:$F$62)+($AM$13:$AM$62=$G$13:$G$62)) -> 8 | AN6: =SUMPRODUCT(($AN$13:$AN$62=$B$13:$B$62)+($AN$13:$AN$62=$C$13:$C$62)+($AN$13:$AN$62=$D$13:$D$62)+($AN$13:$AN$62=$E$13:$E$62)+($AN$13:$AN$62=$F$13:$F$62)+($AN$13:$AN$62=$G$13:$G$62)) -> 6 | AO6: =SUMPRODUCT(($AO$13:$AO$62=$B$13:$B$62)+($AO$13:$AO$62=$C$13:$C$62)+($AO$13:$AO$62=$D$13:$D$62)+($AO$13:$AO$62=$E$13:$E$62)+($AO$13:$AO$62=$F$13:$F$62)+($AO$13:$AO$62=$G$13:$G$62)) -> 10 | AP6: =SUMPRODUCT(($AP$13:$AP$62=$B$13:$B$62)+($AP$13:$AP$62=$C$13:$C$62)+($AP$13:$AP$62=$D$13:$D$62)+($AP$13:$AP$62=$E$13:$E$62)+($AP$13:$AP$62=$F$13:$F$62)+($AP$13:$AP$62=$G$13:$G$62)) -> 7 | AQ6: =SUMPRODUCT(($AQ$13:$AQ$62=$B$13:$B$62)+($AQ$13:$AQ$62=$C$13:$C$62)+($AQ$13:$AQ$62=$D$13:$D$62)+($AQ$13:$AQ$62=$E$13:$E$62)+($AQ$13:$AQ$62=$F$13:$F$62)+($AQ$13:$AQ$62=$G$13:$G$62)) -> 6 | AR6: =SUMPRODUCT(($AR$13:$AR$62=$B$13:$B$62)+($AR$13:$AR$62=$C$13:$C$62)+($AR$13:$AR$62=$D$13:$D$62)+($AR$13:$AR$62=$E$13:$E$62)+($AR$13:$AR$62=$F$13:$F$62)+($AR$13:$AR$62=$G$13:$G$62)) -> 6 | AS6: =SUMPRODUCT(($AS$13:$AS$62=$B$13:$B$62)+($AS$13:$AS$62=$C$13:$C$62)+($AS$13:$AS$62=$D$13:$D$62)+($AS$13:$AS$62=$E$13:$E$62)+($AS$13:$AS$62=$F$13:$F$62)+($AS$13:$AS$62=$G$13:$G$62)) -> 4 | AT6: =SUMPRODUCT(($AT$13:$AT$62=$B$13:$B$62)+($AT$13:$AT$62=$C$13:$C$62)+($AT$13:$AT$62=$D$13:$D$62)+($AT$13:$AT$62=$E$13:$E$62)+($AT$13:$AT$62=$F$13:$F$62)+($AT$13:$AT$62=$G$13:$G$62)) -> 7 | AU6: =SUMPRODUCT(($AU$13:$AU$62=$B$13:$B$62)+($AU$13:$AU$62=$C$13:$C$62)+($AU$13:$AU$62=$D$13:$D$62)+($AU$13:$AU$62=$E$13:$E$62)+($AU$13:$AU$62=$F$13:$F$62)+($AU$13:$AU$62=$G$13:$G$62)) -> 3 | AV6: =SUMPRODUCT(($AV$13:$AV$62=$B$13:$B$62)+($AV$13:$AV$62=$C$13:$C$62)+($AV$13:$AV$62=$D$13:$D$62)+($AV$13:$AV$62=$E$13:$E$62)+($AV$13:$AV$62=$F$13:$F$62)+($AV$13:$AV$62=$G$13:$G$62)) -> 7 | AW6: =SUMPRODUCT(($AW$13:$AW$62=$B$13:$B$62)+($AW$13:$AW$62=$C$13:$C$62)+($AW$13:$AW$62=$D$13:$D$62)+($AW$13:$AW$62=$E$13:$E$62)+($AW$13:$AW$62=$F$13:$F$62)+($AW$13:$AW$62=$G$13:$G$62)) -> 6 | AX6: =SUMPRODUCT(($AX$13:$AX$62=$B$13:$B$62)+($AX$13:$AX$62=$C$13:$C$62)+($AX$13:$AX$62=$D$13:$D$62)+($AX$13:$AX$62=$E$13:$E$62)+($AX$13:$AX$62=$F$13:$F$62)+($AX$13:$AX$62=$G$13:$G$62)) -> 7 | AY6: =SUMPRODUCT(($AY$13:$AY$62=$B$13:$B$62)+($AY$13:$AY$62=$C$13:$C$62)+($AY$13:$AY$62=$D$13:$D$62)+($AY$13:$AY$62=$E$13:$E$62)+($AY$13:$AY$62=$F$13:$F$62)+($AY$13:$AY$62=$G$13:$G$62)) -> 6 | AZ6: =SUMPRODUCT(($AZ$13:$AZ$62=$B$13:$B$62)+($AZ$13:$AZ$62=$C$13:$C$62)+($AZ$13:$AZ$62=$D$13:$D$62)+($AZ$13:$AZ$62=$E$13:$E$62)+($AZ$13:$AZ$62=$F$13:$F$62)+($AZ$13:$AZ$62=$G$13:$G$62)) -> 8 | BA6: =SUMPRODUCT(($BA$13:$BA$62=$B$13:$B$62)+($BA$13:$BA$62=$C$13:$C$62)+($BA$13:$BA$62=$D$13:$D$62)+($BA$13:$BA$62=$E$13:$E$62)+($BA$13:$BA$62=$F$13:$F$62)+($BA$13:$BA$62=$G$13:$G$62)) -> 3 | BB6: =SUMPRODUCT(($BB$13:$BB$62=$B$13:$B$62)+($BB$13:$BB$62=$C$13:$C$62)+($BB$13:$BB$62=$D$13:$D$62)+($BB$13:$BB$62=$E$13:$E$62)+($BB$13:$BB$62=$F$13:$F$62)+($BB$13:$BB$62=$G$13:$G$62)) -> 8 | BC6: =SUMPRODUCT(($BC$13:$BC$62=$B$13:$B$62)+($BC$13:$BC$62=$C$13:$C$62)+($BC$13:$BC$62=$D$13:$D$62)+($BC$13:$BC$62=$E$13:$E$62)+($BC$13:$BC$62=$F$13:$F$62)+($BC$13:$BC$62=$G$13:$G$62)) -> 4 | BD6: =SUMPRODUCT(($BD$13:$BD$62=$B$13:$B$62)+($BD$13:$BD$62=$C$13:$C$62)+($BD$13:$BD$62=$D$13:$D$62)+($BD$13:$BD$62=$E$13:$E$62)+($BD$13:$BD$62=$F$13:$F$62)+($BD$13:$BD$62=$G$13:$G$62)) -> 6
A7: 4 | B7: =INDEX($L$1:$BD$1,MATCH(A7,$L$5:$BD$5,0)) -> 37
A8: 5 | B8: =INDEX($L$1:$BD$1,MATCH(A8,$L$5:$BD$5,0)) -> 19
A9: ▼ 회차별 후보숫자 순위표 (자동 재계산 — B1 변경 시 전체 회차 재계산됨)
A10: 회차 | B10: 1구 | C10: 2구 | D10: 3구 | E10: 4구 | F10: 5구 | G10: 6구 | H10: 보너스 | L10: 상위(1~15위) | AA10: 중위(16~30위) | AP10: 하위(31~45위)
A11: 회차 | B11: 1구 | C11: 2구 | D11: 3구 | E11: 4구 | F11: 5구 | G11: 6구 | H11: 보너스 | I11: 상위 | J11: 중위 | K11: 하위 | L11: 1 | M11: 2 | N11: 3 | O11: 4 | P11: 5 | Q11: 6 | R11: 7 | S11: 8 | T11: 9 | U11: 10 | V11: 11 | W11: 12 | X11: 13 | Y11: 14 | Z11: 15 | AA11: 16 | AB11: 17 | AC11: 18 | AD11: 19 | AE11: 20 | AF11: 21 | AG11: 22 | AH11: 23 | AI11: 24 | AJ11: 25 | AK11: 26 | AL11: 27 | AM11: 28 | AN11: 29 | AO11: 30 | AP11: 31 | AQ11: 32 | AR11: 33 | AS11: 34 | AT11: 35 | AU11: 36 | AV11: 37 | AW11: 38 | AX11: 39 | AY11: 40 | AZ11: 41 | BA11: 42 | BB11: 43 | BC11: 44 | BD11: 45
A12: =MAX(전체당첨내역!$A$2:$A$1500)+1 -> 1244 | B12: =IFERROR(INDEX(전체당첨내역!$B:$B,MATCH($A12,전체당첨내역!$A:$A,0)),"") | C12: =IFERROR(INDEX(전체당첨내역!$C:$C,MATCH($A12,전체당첨내역!$A:$A,0)),"") | D12: =IFERROR(INDEX(전체당첨내역!$D:$D,MATCH($A12,전체당첨내역!$A:$A,0)),"") | E12: =IFERROR(INDEX(전체당첨내역!$E:$E,MATCH($A12,전체당첨내역!$A:$A,0)),"") | F12: =IFERROR(INDEX(전체당첨내역!$F:$F,MATCH($A12,전체당첨내역!$A:$A,0)),"") | G12: =IFERROR(INDEX(전체당첨내역!$G:$G,MATCH($A12,전체당첨내역!$A:$A,0)),"") | H12: =IFERROR(INDEX(전체당첨내역!$H:$H,MATCH($A12,전체당첨내역!$A:$A,0)),"") | I12: =IFERROR((INDEX(_calc_기준150!$CN$2:$EF$2,1,$B12)>0)*(INDEX(_calc_기준150!$CN$2:$EF$2,1,$B12)<=15)+(INDEX(_calc_기준150!$CN$2:$EF$2,1,$C12)>0)*(INDEX(_calc_기준150!$CN$2:$EF$2,1,$C12)<=15)+(INDEX(_calc_기준150!$CN$2:$EF$2,1,$D12)>0)*(INDEX(_calc_기준150!$CN$2:$EF$2,1,$D12)<=15)+(INDEX(_calc_기준150!$CN$2:$EF$2,1,$E12)>0)*(INDEX(_calc_기준150!$CN$2:$EF$2,1,$E12)<=15)+(INDEX(_calc_기준150!$CN$2:$EF$2,1,$F12)>0)*(INDEX(_calc_기준150!$CN$2:$EF$2,1,$F12)<=15)+(INDEX(_calc_기준150!$CN$2:$EF$2,1,$G12)>0)*(INDEX(_calc_기준150!$CN$2:$EF$2,1,$G12)<=15),"") | J12: =IFERROR((INDEX(_calc_기준150!$CN$2:$EF$2,1,$B12)>15)*(INDEX(_calc_기준150!$CN$2:$EF$2,1,$B12)<=30)+(INDEX(_calc_기준150!$CN$2:$EF$2,1,$C12)>15)*(INDEX(_calc_기준150!$CN$2:$EF$2,1,$C12)<=30)+(INDEX(_calc_기준150!$CN$2:$EF$2,1,$D12)>15)*(INDEX(_calc_기준150!$CN$2:$EF$2,1,$D12)<=30)+(INDEX(_calc_기준150!$CN$2:$EF$2,1,$E12)>15)*(INDEX(_calc_기준150!$CN$2:$EF$2,1,$E12)<=30)+(INDEX(_calc_기준150!$CN$2:$EF$2,1,$F12)>15)*(INDEX(_calc_기준150!$CN$2:$EF$2,1,$F12)<=30)+(INDEX(_calc_기준150!$CN$2:$EF$2,1,$G12)>15)*(INDEX(_calc_기준150!$CN$2:$EF$2,1,$G12)<=30),"") | K12: =IFERROR((INDEX(_calc_기준150!$CN$2:$EF$2,1,$B12)>30)+(INDEX(_calc_기준150!$CN$2:$EF$2,1,$C12)>30)+(INDEX(_calc_기준150!$CN$2:$EF$2,1,$D12)>30)+(INDEX(_calc_기준150!$CN$2:$EF$2,1,$E12)>30)+(INDEX(_calc_기준150!$CN$2:$EF$2,1,$F12)>30)+(INDEX(_calc_기준150!$CN$2:$EF$2,1,$G12)>30),"") | L12: =IFERROR(MATCH(L$11,_calc_기준150!$CN$2:$EF$2,0),"") -> 40 | M12: =IFERROR(MATCH(M$11,_calc_기준150!$CN$2:$EF$2,0),"") -> 6 | N12: =IFERROR(MATCH(N$11,_calc_기준150!$CN$2:$EF$2,0),"") -> 12 | O12: =IFERROR(MATCH(O$11,_calc_기준150!$CN$2:$EF$2,0),"") -> 37 | P12: =IFERROR(MATCH(P$11,_calc_기준150!$CN$2:$EF$2,0),"") -> 19 | Q12: =IFERROR(MATCH(Q$11,_calc_기준150!$CN$2:$EF$2,0),"") -> 21 | R12: =IFERROR(MATCH(R$11,_calc_기준150!$CN$2:$EF$2,0),"") -> 7 | S12: =IFERROR(MATCH(S$11,_calc_기준150!$CN$2:$EF$2,0),"") -> 26 | ... BD12: =IFERROR(MATCH(BD$11,_calc_기준150!$CN$2:$EF$2,0),"") -> 18
A13: =MAX(전체당첨내역!$A$2:$A$1500) -> 1243 | B13: =IFERROR(INDEX(전체당첨내역!$B:$B,MATCH($A13,전체당첨내역!$A:$A,0)),"") -> 9 | C13: =IFERROR(INDEX(전체당첨내역!$C:$C,MATCH($A13,전체당첨내역!$A:$A,0)),"") -> 18 | D13: =IFERROR(INDEX(전체당첨내역!$D:$D,MATCH($A13,전체당첨내역!$A:$A,0)),"") -> 24 | E13: =IFERROR(INDEX(전체당첨내역!$E:$E,MATCH($A13,전체당첨내역!$A:$A,0)),"") -> 38 | F13: =IFERROR(INDEX(전체당첨내역!$F:$F,MATCH($A13,전체당첨내역!$A:$A,0)),"") -> 43 | G13: =IFERROR(INDEX(전체당첨내역!$G:$G,MATCH($A13,전체당첨내역!$A:$A,0)),"") -> 44 | H13: =IFERROR(INDEX(전체당첨내역!$H:$H,MATCH($A13,전체당첨내역!$A:$A,0)),"") -> 35 | I13: =IFERROR((INDEX(_calc_기준150!$CN$3:$EF$3,1,$B13)>0)*(INDEX(_calc_기준150!$CN$3:$EF$3,1,$B13)<=15)+(INDEX(_calc_기준150!$CN$3:$EF$3,1,$C13)>0)*(INDEX(_calc_기준150!$CN$3:$EF$3,1,$C13)<=15)+(INDEX(_calc_기준150!$CN$3:$EF$3,1,$D13)>0)*(INDEX(_calc_기준150!$CN$3:$EF$3,1,$D13)<=15)+(INDEX(_calc_기준150!$CN$3:$EF$3,1,$E13)>0)*(INDEX(_calc_기준150!$CN$3:$EF$3,1,$E13)<=15)+(INDEX(_calc_기준150!$CN$3:$EF$3,1,$F13)>0)*(INDEX(_calc_기준150!$CN$3:$EF$3,1,$F13)<=15)+(INDEX(_calc_기준150!$CN$3:$EF$3,1,$G13)>0)*(INDEX(_calc_기준150!$CN$3:$EF$3,1,$G13)<=15),"") -> 1 | J13: =IFERROR((INDEX(_calc_기준150!$CN$3:$EF$3,1,$B13)>15)*(INDEX(_calc_기준150!$CN$3:$EF$3,1,$B13)<=30)+(INDEX(_calc_기준150!$CN$3:$EF$3,1,$C13)>15)*(INDEX(_calc_기준150!$CN$3:$EF$3,1,$C13)<=30)+(INDEX(_calc_기준150!$CN$3:$EF$3,1,$D13)>15)*(INDEX(_calc_기준150!$CN$3:$EF$3,1,$D13)<=30)+(INDEX(_calc_기준150!$CN$3:$EF$3,1,$E13)>15)*(INDEX(_calc_기준150!$CN$3:$EF$3,1,$E13)<=30)+(INDEX(_calc_기준150!$CN$3:$EF$3,1,$F13)>15)*(INDEX(_calc_기준150!$CN$3:$EF$3,1,$F13)<=30)+(INDEX(_calc_기준150!$CN$3:$EF$3,1,$G13)>15)*(INDEX(_calc_기준150!$CN$3:$EF$3,1,$G13)<=30),"") -> 2 | K13: =IFERROR((INDEX(_calc_기준150!$CN$3:$EF$3,1,$B13)>30)+(INDEX(_calc_기준150!$CN$3:$EF$3,1,$C13)>30)+(INDEX(_calc_기준150!$CN$3:$EF$3,1,$D13)>30)+(INDEX(_calc_기준150!$CN$3:$EF$3,1,$E13)>30)+(INDEX(_calc_기준150!$CN$3:$EF$3,1,$F13)>30)+(INDEX(_calc_기준150!$CN$3:$EF$3,1,$G13)>30),"") -> 3 | L13: =IFERROR(MATCH(L$11,_calc_기준150!$CN$3:$EF$3,0),"") -> 40 | M13: =IFERROR(MATCH(M$11,_calc_기준150!$CN$3:$EF$3,0),"") -> 12 | N13: =IFERROR(MATCH(N$11,_calc_기준150!$CN$3:$EF$3,0),"") -> 37 | O13: =IFERROR(MATCH(O$11,_calc_기준150!$CN$3:$EF$3,0),"") -> 7 | P13: =IFERROR(MATCH(P$11,_calc_기준150!$CN$3:$EF$3,0),"") -> 21 | Q13: =IFERROR(MATCH(Q$11,_calc_기준150!$CN$3:$EF$3,0),"") -> 26 | R13: =IFERROR(MATCH(R$11,_calc_기준150!$CN$3:$EF$3,0),"") -> 34 | S13: =IFERROR(MATCH(S$11,_calc_기준150!$CN$3:$EF$3,0),"") -> 6 | ... BD13: =IFERROR(MATCH(BD$11,_calc_기준150!$CN$3:$EF$3,0),"") -> 18
A14: =A13-1 -> 1242 | B14: =IFERROR(INDEX(전체당첨내역!$B:$B,MATCH($A14,전체당첨내역!$A:$A,0)),"") -> 2 | C14: =IFERROR(INDEX(전체당첨내역!$C:$C,MATCH($A14,전체당첨내역!$A:$A,0)),"") -> 4 | D14: =IFERROR(INDEX(전체당첨내역!$D:$D,MATCH($A14,전체당첨내역!$A:$A,0)),"") -> 10 | E14: =IFERROR(INDEX(전체당첨내역!$E:$E,MATCH($A14,전체당첨내역!$A:$A,0)),"") -> 16 | F14: =IFERROR(INDEX(전체당첨내역!$F:$F,MATCH($A14,전체당첨내역!$A:$A,0)),"") -> 31 | G14: =IFERROR(INDEX(전체당첨내역!$G:$G,MATCH($A14,전체당첨내역!$A:$A,0)),"") -> 41 | H14: =IFERROR(INDEX(전체당첨내역!$H:$H,MATCH($A14,전체당첨내역!$A:$A,0)),"") -> 9 | I14: =IFERROR((INDEX(_calc_기준150!$CN$4:$EF$4,1,$B14)>0)*(INDEX(_calc_기준150!$CN$4:$EF$4,1,$B14)<=15)+(INDEX(_calc_기준150!$CN$4:$EF$4,1,$C14)>0)*(INDEX(_calc_기준150!$CN$4:$EF$4,1,$C14)<=15)+(INDEX(_calc_기준150!$CN$4:$EF$4,1,$D14)>0)*(INDEX(_calc_기준150!$CN$4:$EF$4,1,$D14)<=15)+(INDEX(_calc_기준150!$CN$4:$EF$4,1,$E14)>0)*(INDEX(_calc_기준150!$CN$4:$EF$4,1,$E14)<=15)+(INDEX(_calc_기준150!$CN$4:$EF$4,1,$F14)>0)*(INDEX(_calc_기준150!$CN$4:$EF$4,1,$F14)<=15)+(INDEX(_calc_기준150!$CN$4:$EF$4,1,$G14)>0)*(INDEX(_calc_기준150!$CN$4:$EF$4,1,$G14)<=15),"") -> 0 | J14: =IFERROR((INDEX(_calc_기준150!$CN$4:$EF$4,1,$B14)>15)*(INDEX(_calc_기준150!$CN$4:$EF$4,1,$B14)<=30)+(INDEX(_calc_기준150!$CN$4:$EF$4,1,$C14)>15)*(INDEX(_calc_기준150!$CN$4:$EF$4,1,$C14)<=30)+(INDEX(_calc_기준150!$CN$4:$EF$4,1,$D14)>15)*(INDEX(_calc_기준150!$CN$4:$EF$4,1,$D14)<=30)+(INDEX(_calc_기준150!$CN$4:$EF$4,1,$E14)>15)*(INDEX(_calc_기준150!$CN$4:$EF$4,1,$E14)<=30)+(INDEX(_calc_기준150!$CN$4:$EF$4,1,$F14)>15)*(INDEX(_calc_기준150!$CN$4:$EF$4,1,$F14)<=30)+(INDEX(_calc_기준150!$CN$4:$EF$4,1,$G14)>15)*(INDEX(_calc_기준150!$CN$4:$EF$4,1,$G14)<=30),"") -> 4 | K14: =IFERROR((INDEX(_calc_기준150!$CN$4:$EF$4,1,$B14)>30)+(INDEX(_calc_기준150!$CN$4:$EF$4,1,$C14)>30)+(INDEX(_calc_기준150!$CN$4:$EF$4,1,$D14)>30)+(INDEX(_calc_기준150!$CN$4:$EF$4,1,$E14)>30)+(INDEX(_calc_기준150!$CN$4:$EF$4,1,$F14)>30)+(INDEX(_calc_기준150!$CN$4:$EF$4,1,$G14)>30),"") -> 2 | L14: =IFERROR(MATCH(L$11,_calc_기준150!$CN$4:$EF$4,0),"") -> 12 | M14: =IFERROR(MATCH(M$11,_calc_기준150!$CN$4:$EF$4,0),"") -> 7 | N14: =IFERROR(MATCH(N$11,_calc_기준150!$CN$4:$EF$4,0),"") -> 37 | O14: =IFERROR(MATCH(O$11,_calc_기준150!$CN$4:$EF$4,0),"") -> 26 | P14: =IFERROR(MATCH(P$11,_calc_기준150!$CN$4:$EF$4,0),"") -> 40 | Q14: =IFERROR(MATCH(Q$11,_calc_기준150!$CN$4:$EF$4,0),"") -> 21 | R14: =IFERROR(MATCH(R$11,_calc_기준150!$CN$4:$EF$4,0),"") -> 34 | S14: =IFERROR(MATCH(S$11,_calc_기준150!$CN$4:$EF$4,0),"") -> 6 | ... BD14: =IFERROR(MATCH(BD$11,_calc_기준150!$CN$4:$EF$4,0),"") -> 18
A15: =A14-1 -> 1241 | B15: =IFERROR(INDEX(전체당첨내역!$B:$B,MATCH($A15,전체당첨내역!$A:$A,0)),"") -> 7 | C15: =IFERROR(INDEX(전체당첨내역!$C:$C,MATCH($A15,전체당첨내역!$A:$A,0)),"") -> 13 | D15: =IFERROR(INDEX(전체당첨내역!$D:$D,MATCH($A15,전체당첨내역!$A:$A,0)),"") -> 16 | E15: =IFERROR(INDEX(전체당첨내역!$E:$E,MATCH($A15,전체당첨내역!$A:$A,0)),"") -> 23 | F15: =IFERROR(INDEX(전체당첨내역!$F:$F,MATCH($A15,전체당첨내역!$A:$A,0)),"") -> 24 | G15: =IFERROR(INDEX(전체당첨내역!$G:$G,MATCH($A15,전체당첨내역!$A:$A,0)),"") -> 43 | H15: =IFERROR(INDEX(전체당첨내역!$H:$H,MATCH($A15,전체당첨내역!$A:$A,0)),"") -> 9 | I15: =IFERROR((INDEX(_calc_기준150!$CN$5:$EF$5,1,$B15)>0)*(INDEX(_calc_기준150!$CN$5:$EF$5,1,$B15)<=15)+(INDEX(_calc_기준150!$CN$5:$EF$5,1,$C15)>0)*(INDEX(_calc_기준150!$CN$5:$EF$5,1,$C15)<=15)+(INDEX(_calc_기준150!$CN$5:$EF$5,1,$D15)>0)*(INDEX(_calc_기준150!$CN$5:$EF$5,1,$D15)<=15)+(INDEX(_calc_기준150!$CN$5:$EF$5,1,$E15)>0)*(INDEX(_calc_기준150!$CN$5:$EF$5,1,$E15)<=15)+(INDEX(_calc_기준150!$CN$5:$EF$5,1,$F15)>0)*(INDEX(_calc_기준150!$CN$5:$EF$5,1,$F15)<=15)+(INDEX(_calc_기준150!$CN$5:$EF$5,1,$G15)>0)*(INDEX(_calc_기준150!$CN$5:$EF$5,1,$G15)<=15),"") -> 1 | J15: =IFERROR((INDEX(_calc_기준150!$CN$5:$EF$5,1,$B15)>15)*(INDEX(_calc_기준150!$CN$5:$EF$5,1,$B15)<=30)+(INDEX(_calc_기준150!$CN$5:$EF$5,1,$C15)>15)*(INDEX(_calc_기준150!$CN$5:$EF$5,1,$C15)<=30)+(INDEX(_calc_기준150!$CN$5:$EF$5,1,$D15)>15)*(INDEX(_calc_기준150!$CN$5:$EF$5,1,$D15)<=30)+(INDEX(_calc_기준150!$CN$5:$EF$5,1,$E15)>15)*(INDEX(_calc_기준150!$CN$5:$EF$5,1,$E15)<=30)+(INDEX(_calc_기준150!$CN$5:$EF$5,1,$F15)>15)*(INDEX(_calc_기준150!$CN$5:$EF$5,1,$F15)<=30)+(INDEX(_calc_기준150!$CN$5:$EF$5,1,$G15)>15)*(INDEX(_calc_기준150!$CN$5:$EF$5,1,$G15)<=30),"") -> 4 | K15: =IFERROR((INDEX(_calc_기준150!$CN$5:$EF$5,1,$B15)>30)+(INDEX(_calc_기준150!$CN$5:$EF$5,1,$C15)>30)+(INDEX(_calc_기준150!$CN$5:$EF$5,1,$D15)>30)+(INDEX(_calc_기준150!$CN$5:$EF$5,1,$E15)>30)+(INDEX(_calc_기준150!$CN$5:$EF$5,1,$F15)>30)+(INDEX(_calc_기준150!$CN$5:$EF$5,1,$G15)>30),"") -> 1 | L15: =IFERROR(MATCH(L$11,_calc_기준150!$CN$5:$EF$5,0),"") -> 7 | M15: =IFERROR(MATCH(M$11,_calc_기준150!$CN$5:$EF$5,0),"") -> 37 | N15: =IFERROR(MATCH(N$11,_calc_기준150!$CN$5:$EF$5,0),"") -> 40 | O15: =IFERROR(MATCH(O$11,_calc_기준150!$CN$5:$EF$5,0),"") -> 26 | P15: =IFERROR(MATCH(P$11,_calc_기준150!$CN$5:$EF$5,0),"") -> 6 | Q15: =IFERROR(MATCH(Q$11,_calc_기준150!$CN$5:$EF$5,0),"") -> 21 | R15: =IFERROR(MATCH(R$11,_calc_기준150!$CN$5:$EF$5,0),"") -> 34 | S15: =IFERROR(MATCH(S$11,_calc_기준150!$CN$5:$EF$5,0),"") -> 12 | ... BD15: =IFERROR(MATCH(BD$11,_calc_기준150!$CN$5:$EF$5,0),"") -> 18
A16: =A15-1 -> 1240 | B16: =IFERROR(INDEX(전체당첨내역!$B:$B,MATCH($A16,전체당첨내역!$A:$A,0)),"") -> 11 | C16: =IFERROR(INDEX(전체당첨내역!$C:$C,MATCH($A16,전체당첨내역!$A:$A,0)),"") -> 13 | D16: =IFERROR(INDEX(전체당첨내역!$D:$D,MATCH($A16,전체당첨내역!$A:$A,0)),"") -> 19 | E16: =IFERROR(INDEX(전체당첨내역!$E:$E,MATCH($A16,전체당첨내역!$A:$A,0)),"") -> 20 | F16: =IFERROR(INDEX(전체당첨내역!$F:$F,MATCH($A16,전체당첨내역!$A:$A,0)),"") -> 31 | G16: =IFERROR(INDEX(전체당첨내역!$G:$G,MATCH($A16,전체당첨내역!$A:$A,0)),"") -> 44 | H16: =IFERROR(INDEX(전체당첨내역!$H:$H,MATCH($A16,전체당첨내역!$A:$A,0)),"") -> 27 | I16: =IFERROR((INDEX(_calc_기준150!$CN$6:$EF$6,1,$B16)>0)*(INDEX(_calc_기준150!$CN$6:$EF$6,1,$B16)<=15)+(INDEX(_calc_기준150!$CN$6:$EF$6,1,$C16)>0)*(INDEX(_calc_기준150!$CN$6:$EF$6,1,$C16)<=15)+(INDEX(_calc_기준150!$CN$6:$EF$6,1,$D16)>0)*(INDEX(_calc_기준150!$CN$6:$EF$6,1,$D16)<=15)+(INDEX(_calc_기준150!$CN$6:$EF$6,1,$E16)>0)*(INDEX(_calc_기준150!$CN$6:$EF$6,1,$E16)<=15)+(INDEX(_calc_기준150!$CN$6:$EF$6,1,$F16)>0)*(INDEX(_calc_기준150!$CN$6:$EF$6,1,$F16)<=15)+(INDEX(_calc_기준150!$CN$6:$EF$6,1,$G16)>0)*(INDEX(_calc_기준150!$CN$6:$EF$6,1,$G16)<=15),"") -> 3 | J16: =IFERROR((INDEX(_calc_기준150!$CN$6:$EF$6,1,$B16)>15)*(INDEX(_calc_기준150!$CN$6:$EF$6,1,$B16)<=30)+(INDEX(_calc_기준150!$CN$6:$EF$6,1,$C16)>15)*(INDEX(_calc_기준150!$CN$6:$EF$6,1,$C16)<=30)+(INDEX(_calc_기준150!$CN$6:$EF$6,1,$D16)>15)*(INDEX(_calc_기준150!$CN$6:$EF$6,1,$D16)<=30)+(INDEX(_calc_기준150!$CN$6:$EF$6,1,$E16)>15)*(INDEX(_calc_기준150!$CN$6:$EF$6,1,$E16)<=30)+(INDEX(_calc_기준150!$CN$6:$EF$6,1,$F16)>15)*(INDEX(_calc_기준150!$CN$6:$EF$6,1,$F16)<=30)+(INDEX(_calc_기준150!$CN$6:$EF$6,1,$G16)>15)*(INDEX(_calc_기준150!$CN$6:$EF$6,1,$G16)<=30),"") -> 2 | K16: =IFERROR((INDEX(_calc_기준150!$CN$6:$EF$6,1,$B16)>30)+(INDEX(_calc_기준150!$CN$6:$EF$6,1,$C16)>30)+(INDEX(_calc_기준150!$CN$6:$EF$6,1,$D16)>30)+(INDEX(_calc_기준150!$CN$6:$EF$6,1,$E16)>30)+(INDEX(_calc_기준150!$CN$6:$EF$6,1,$F16)>30)+(INDEX(_calc_기준150!$CN$6:$EF$6,1,$G16)>30),"") -> 1 | L16: =IFERROR(MATCH(L$11,_calc_기준150!$CN$6:$EF$6,0),"") -> 37 | M16: =IFERROR(MATCH(M$11,_calc_기준150!$CN$6:$EF$6,0),"") -> 40 | N16: =IFERROR(MATCH(N$11,_calc_기준150!$CN$6:$EF$6,0),"") -> 21 | O16: =IFERROR(MATCH(O$11,_calc_기준150!$CN$6:$EF$6,0),"") -> 6 | P16: =IFERROR(MATCH(P$11,_calc_기준150!$CN$6:$EF$6,0),"") -> 7 | Q16: =IFERROR(MATCH(Q$11,_calc_기준150!$CN$6:$EF$6,0),"") -> 29 | R16: =IFERROR(MATCH(R$11,_calc_기준150!$CN$6:$EF$6,0),"") -> 34 | S16: =IFERROR(MATCH(S$11,_calc_기준150!$CN$6:$EF$6,0),"") -> 12 | ... BD16: =IFERROR(MATCH(BD$11,_calc_기준150!$CN$6:$EF$6,0),"") -> 18
A17: =A16-1 -> 1239 | B17: =IFERROR(INDEX(전체당첨내역!$B:$B,MATCH($A17,전체당첨내역!$A:$A,0)),"") -> 11 | C17: =IFERROR(INDEX(전체당첨내역!$C:$C,MATCH($A17,전체당첨내역!$A:$A,0)),"") -> 13 | D17: =IFERROR(INDEX(전체당첨내역!$D:$D,MATCH($A17,전체당첨내역!$A:$A,0)),"") -> 22 | E17: =IFERROR(INDEX(전체당첨내역!$E:$E,MATCH($A17,전체당첨내역!$A:$A,0)),"") -> 32 | F17: =IFERROR(INDEX(전체당첨내역!$F:$F,MATCH($A17,전체당첨내역!$A:$A,0)),"") -> 33 | G17: =IFERROR(INDEX(전체당첨내역!$G:$G,MATCH($A17,전체당첨내역!$A:$A,0)),"") -> 36 | H17: =IFERROR(INDEX(전체당첨내역!$H:$H,MATCH($A17,전체당첨내역!$A:$A,0)),"") -> 8 | I17: =IFERROR((INDEX(_calc_기준150!$CN$7:$EF$7,1,$B17)>0)*(INDEX(_calc_기준150!$CN$7:$EF$7,1,$B17)<=15)+(INDEX(_calc_기준150!$CN$7:$EF$7,1,$C17)>0)*(INDEX(_calc_기준150!$CN$7:$EF$7,1,$C17)<=15)+(INDEX(_calc_기준150!$CN$7:$EF$7,1,$D17)>0)*(INDEX(_calc_기준150!$CN$7:$EF$7,1,$D17)<=15)+(INDEX(_calc_기준150!$CN$7:$EF$7,1,$E17)>0)*(INDEX(_calc_기준150!$CN$7:$EF$7,1,$E17)<=15)+(INDEX(_calc_기준150!$CN$7:$EF$7,1,$F17)>0)*(INDEX(_calc_기준150!$CN$7:$EF$7,1,$F17)<=15)+(INDEX(_calc_기준150!$CN$7:$EF$7,1,$G17)>0)*(INDEX(_calc_기준150!$CN$7:$EF$7,1,$G17)<=15),"") -> 3 | J17: =IFERROR((INDEX(_calc_기준150!$CN$7:$EF$7,1,$B17)>15)*(INDEX(_calc_기준150!$CN$7:$EF$7,1,$B17)<=30)+(INDEX(_calc_기준150!$CN$7:$EF$7,1,$C17)>15)*(INDEX(_calc_기준150!$CN$7:$EF$7,1,$C17)<=30)+(INDEX(_calc_기준150!$CN$7:$EF$7,1,$D17)>15)*(INDEX(_calc_기준150!$CN$7:$EF$7,1,$D17)<=30)+(INDEX(_calc_기준150!$CN$7:$EF$7,1,$E17)>15)*(INDEX(_calc_기준150!$CN$7:$EF$7,1,$E17)<=30)+(INDEX(_calc_기준150!$CN$7:$EF$7,1,$F17)>15)*(INDEX(_calc_기준150!$CN$7:$EF$7,1,$F17)<=30)+(INDEX(_calc_기준150!$CN$7:$EF$7,1,$G17)>15)*(INDEX(_calc_기준150!$CN$7:$EF$7,1,$G17)<=30),"") -> 2 | K17: =IFERROR((INDEX(_calc_기준150!$CN$7:$EF$7,1,$B17)>30)+(INDEX(_calc_기준150!$CN$7:$EF$7,1,$C17)>30)+(INDEX(_calc_기준150!$CN$7:$EF$7,1,$D17)>30)+(INDEX(_calc_기준150!$CN$7:$EF$7,1,$E17)>30)+(INDEX(_calc_기준150!$CN$7:$EF$7,1,$F17)>30)+(INDEX(_calc_기준150!$CN$7:$EF$7,1,$G17)>30),"") -> 1 | L17: =IFERROR(MATCH(L$11,_calc_기준150!$CN$7:$EF$7,0),"") -> 40 | M17: =IFERROR(MATCH(M$11,_calc_기준150!$CN$7:$EF$7,0),"") -> 21 | N17: =IFERROR(MATCH(N$11,_calc_기준150!$CN$7:$EF$7,0),"") -> 6 | O17: =IFERROR(MATCH(O$11,_calc_기준150!$CN$7:$EF$7,0),"") -> 7 | P17: =IFERROR(MATCH(P$11,_calc_기준150!$CN$7:$EF$7,0),"") -> 33 | Q17: =IFERROR(MATCH(Q$11,_calc_기준150!$CN$7:$EF$7,0),"") -> 34 | R17: =IFERROR(MATCH(R$11,_calc_기준150!$CN$7:$EF$7,0),"") -> 12 | S17: =IFERROR(MATCH(S$11,_calc_기준150!$CN$7:$EF$7,0),"") -> 11 | ... BD17: =IFERROR(MATCH(BD$11,_calc_기준150!$CN$7:$EF$7,0),"") -> 18
A18: =A17-1 -> 1238 | B18: =IFERROR(INDEX(전체당첨내역!$B:$B,MATCH($A18,전체당첨내역!$A:$A,0)),"") -> 2 | C18: =IFERROR(INDEX(전체당첨내역!$C:$C,MATCH($A18,전체당첨내역!$A:$A,0)),"") -> 13 | D18: =IFERROR(INDEX(전체당첨내역!$D:$D,MATCH($A18,전체당첨내역!$A:$A,0)),"") -> 18 | E18: =IFERROR(INDEX(전체당첨내역!$E:$E,MATCH($A18,전체당첨내역!$A:$A,0)),"") -> 32 | F18: =IFERROR(INDEX(전체당첨내역!$F:$F,MATCH($A18,전체당첨내역!$A:$A,0)),"") -> 38 | G18: =IFERROR(INDEX(전체당첨내역!$G:$G,MATCH($A18,전체당첨내역!$A:$A,0)),"") -> 42 | H18: =IFERROR(INDEX(전체당첨내역!$H:$H,MATCH($A18,전체당첨내역!$A:$A,0)),"") -> 22 | I18: =IFERROR((INDEX(_calc_기준150!$CN$8:$EF$8,1,$B18)>0)*(INDEX(_calc_기준150!$CN$8:$EF$8,1,$B18)<=15)+(INDEX(_calc_기준150!$CN$8:$EF$8,1,$C18)>0)*(INDEX(_calc_기준150!$CN$8:$EF$8,1,$C18)<=15)+(INDEX(_calc_기준150!$CN$8:$EF$8,1,$D18)>0)*(INDEX(_calc_기준150!$CN$8:$EF$8,1,$D18)<=15)+(INDEX(_calc_기준150!$CN$8:$EF$8,1,$E18)>0)*(INDEX(_calc_기준150!$CN$8:$EF$8,1,$E18)<=15)+(INDEX(_calc_기준150!$CN$8:$EF$8,1,$F18)>0)*(INDEX(_calc_기준150!$CN$8:$EF$8,1,$F18)<=15)+(INDEX(_calc_기준150!$CN$8:$EF$8,1,$G18)>0)*(INDEX(_calc_기준150!$CN$8:$EF$8,1,$G18)<=15),"") -> 1 | J18: =IFERROR((INDEX(_calc_기준150!$CN$8:$EF$8,1,$B18)>15)*(INDEX(_calc_기준150!$CN$8:$EF$8,1,$B18)<=30)+(INDEX(_calc_기준150!$CN$8:$EF$8,1,$C18)>15)*(INDEX(_calc_기준150!$CN$8:$EF$8,1,$C18)<=30)+(INDEX(_calc_기준150!$CN$8:$EF$8,1,$D18)>15)*(INDEX(_calc_기준150!$CN$8:$EF$8,1,$D18)<=30)+(INDEX(_calc_기준150!$CN$8:$EF$8,1,$E18)>15)*(INDEX(_calc_기준150!$CN$8:$EF$8,1,$E18)<=30)+(INDEX(_calc_기준150!$CN$8:$EF$8,1,$F18)>15)*(INDEX(_calc_기준150!$CN$8:$EF$8,1,$F18)<=30)+(INDEX(_calc_기준150!$CN$8:$EF$8,1,$G18)>15)*(INDEX(_calc_기준150!$CN$8:$EF$8,1,$G18)<=30),"") -> 4 | K18: =IFERROR((INDEX(_calc_기준150!$CN$8:$EF$8,1,$B18)>30)+(INDEX(_calc_기준150!$CN$8:$EF$8,1,$C18)>30)+(INDEX(_calc_기준150!$CN$8:$EF$8,1,$D18)>30)+(INDEX(_calc_기준150!$CN$8:$EF$8,1,$E18)>30)+(INDEX(_calc_기준150!$CN$8:$EF$8,1,$F18)>30)+(INDEX(_calc_기준150!$CN$8:$EF$8,1,$G18)>30),"") -> 1 | L18: =IFERROR(MATCH(L$11,_calc_기준150!$CN$8:$EF$8,0),"") -> 21 | M18: =IFERROR(MATCH(M$11,_calc_기준150!$CN$8:$EF$8,0),"") -> 40 | N18: =IFERROR(MATCH(N$11,_calc_기준150!$CN$8:$EF$8,0),"") -> 13 | O18: =IFERROR(MATCH(O$11,_calc_기준150!$CN$8:$EF$8,0),"") -> 6 | P18: =IFERROR(MATCH(P$11,_calc_기준150!$CN$8:$EF$8,0),"") -> 7 | Q18: =IFERROR(MATCH(Q$11,_calc_기준150!$CN$8:$EF$8,0),"") -> 33 | R18: =IFERROR(MATCH(R$11,_calc_기준150!$CN$8:$EF$8,0),"") -> 34 | S18: =IFERROR(MATCH(S$11,_calc_기준150!$CN$8:$EF$8,0),"") -> 11 | ... BD18: =IFERROR(MATCH(BD$11,_calc_기준150!$CN$8:$EF$8,0),"") -> 4
A19: =A18-1 -> 1237 | B19: =IFERROR(INDEX(전체당첨내역!$B:$B,MATCH($A19,전체당첨내역!$A:$A,0)),"") -> 10 | C19: =IFERROR(INDEX(전체당첨내역!$C:$C,MATCH($A19,전체당첨내역!$A:$A,0)),"") -> 20 | D19: =IFERROR(INDEX(전체당첨내역!$D:$D,MATCH($A19,전체당첨내역!$A:$A,0)),"") -> 23 | E19: =IFERROR(INDEX(전체당첨내역!$E:$E,MATCH($A19,전체당첨내역!$A:$A,0)),"") -> 34 | F19: =IFERROR(INDEX(전체당첨내역!$F:$F,MATCH($A19,전체당첨내역!$A:$A,0)),"") -> 37 | G19: =IFERROR(INDEX(전체당첨내역!$G:$G,MATCH($A19,전체당첨내역!$A:$A,0)),"") -> 40 | H19: =IFERROR(INDEX(전체당첨내역!$H:$H,MATCH($A19,전체당첨내역!$A:$A,0)),"") -> 36 | I19: =IFERROR((INDEX(_calc_기준150!$CN$9:$EF$9,1,$B19)>0)*(INDEX(_calc_기준150!$CN$9:$EF$9,1,$B19)<=15)+(INDEX(_calc_기준150!$CN$9:$EF$9,1,$C19)>0)*(INDEX(_calc_기준150!$CN$9:$EF$9,1,$C19)<=15)+(INDEX(_calc_기준150!$CN$9:$EF$9,1,$D19)>0)*(INDEX(_calc_기준150!$CN$9:$EF$9,1,$D19)<=15)+(INDEX(_calc_기준150!$CN$9:$EF$9,1,$E19)>0)*(INDEX(_calc_기준150!$CN$9:$EF$9,1,$E19)<=15)+(INDEX(_calc_기준150!$CN$9:$EF$9,1,$F19)>0)*(INDEX(_calc_기준150!$CN$9:$EF$9,1,$F19)<=15)+(INDEX(_calc_기준150!$CN$9:$EF$9,1,$G19)>0)*(INDEX(_calc_기준150!$CN$9:$EF$9,1,$G19)<=15),"") -> 3 | J19: =IFERROR((INDEX(_calc_기준150!$CN$9:$EF$9,1,$B19)>15)*(INDEX(_calc_기준150!$CN$9:$EF$9,1,$B19)<=30)+(INDEX(_calc_기준150!$CN$9:$EF$9,1,$C19)>15)*(INDEX(_calc_기준150!$CN$9:$EF$9,1,$C19)<=30)+(INDEX(_calc_기준150!$CN$9:$EF$9,1,$D19)>15)*(INDEX(_calc_기준150!$CN$9:$EF$9,1,$D19)<=30)+(INDEX(_calc_기준150!$CN$9:$EF$9,1,$E19)>15)*(INDEX(_calc_기준150!$CN$9:$EF$9,1,$E19)<=30)+(INDEX(_calc_기준150!$CN$9:$EF$9,1,$F19)>15)*(INDEX(_calc_기준150!$CN$9:$EF$9,1,$F19)<=30)+(INDEX(_calc_기준150!$CN$9:$EF$9,1,$G19)>15)*(INDEX(_calc_기준150!$CN$9:$EF$9,1,$G19)<=30),"") -> 3 | K19: =IFERROR((INDEX(_calc_기준150!$CN$9:$EF$9,1,$B19)>30)+(INDEX(_calc_기준150!$CN$9:$EF$9,1,$C19)>30)+(INDEX(_calc_기준150!$CN$9:$EF$9,1,$D19)>30)+(INDEX(_calc_기준150!$CN$9:$EF$9,1,$E19)>30)+(INDEX(_calc_기준150!$CN$9:$EF$9,1,$F19)>30)+(INDEX(_calc_기준150!$CN$9:$EF$9,1,$G19)>30),"") -> 0 | L19: =IFERROR(MATCH(L$11,_calc_기준150!$CN$9:$EF$9,0),"") -> 21 | M19: =IFERROR(MATCH(M$11,_calc_기준150!$CN$9:$EF$9,0),"") -> 34 | N19: =IFERROR(MATCH(N$11,_calc_기준150!$CN$9:$EF$9,0),"") -> 6 | O19: =IFERROR(MATCH(O$11,_calc_기준150!$CN$9:$EF$9,0),"") -> 7 | P19: =IFERROR(MATCH(P$11,_calc_기준150!$CN$9:$EF$9,0),"") -> 40 | Q19: =IFERROR(MATCH(Q$11,_calc_기준150!$CN$9:$EF$9,0),"") -> 11 | R19: =IFERROR(MATCH(R$11,_calc_기준150!$CN$9:$EF$9,0),"") -> 13 | S19: =IFERROR(MATCH(S$11,_calc_기준150!$CN$9:$EF$9,0),"") -> 14 | ... BD19: =IFERROR(MATCH(BD$11,_calc_기준150!$CN$9:$EF$9,0),"") -> 4
A20: =A19-1 -> 1236 | B20: =IFERROR(INDEX(전체당첨내역!$B:$B,MATCH($A20,전체당첨내역!$A:$A,0)),"") -> 12 | C20: =IFERROR(INDEX(전체당첨내역!$C:$C,MATCH($A20,전체당첨내역!$A:$A,0)),"") -> 18 | D20: =IFERROR(INDEX(전체당첨내역!$D:$D,MATCH($A20,전체당첨내역!$A:$A,0)),"") -> 21 | E20: =IFERROR(INDEX(전체당첨내역!$E:$E,MATCH($A20,전체당첨내역!$A:$A,0)),"") -> 29 | F20: =IFERROR(INDEX(전체당첨내역!$F:$F,MATCH($A20,전체당첨내역!$A:$A,0)),"") -> 34 | G20: =IFERROR(INDEX(전체당첨내역!$G:$G,MATCH($A20,전체당첨내역!$A:$A,0)),"") -> 38 | H20: =IFERROR(INDEX(전체당첨내역!$H:$H,MATCH($A20,전체당첨내역!$A:$A,0)),"") -> 10 | I20: =IFERROR((INDEX(_calc_기준150!$CN$10:$EF$10,1,$B20)>0)*(INDEX(_calc_기준150!$CN$10:$EF$10,1,$B20)<=15)+(INDEX(_calc_기준150!$CN$10:$EF$10,1,$C20)>0)*(INDEX(_calc_기준150!$CN$10:$EF$10,1,$C20)<=15)+(INDEX(_calc_기준150!$CN$10:$EF$10,1,$D20)>0)*(INDEX(_calc_기준150!$CN$10:$EF$10,1,$D20)<=15)+(INDEX(_calc_기준150!$CN$10:$EF$10,1,$E20)>0)*(INDEX(_calc_기준150!$CN$10:$EF$10,1,$E20)<=15)+(INDEX(_calc_기준150!$CN$10:$EF$10,1,$F20)>0)*(INDEX(_calc_기준150!$CN$10:$EF$10,1,$F20)<=15)+(INDEX(_calc_기준150!$CN$10:$EF$10,1,$G20)>0)*(INDEX(_calc_기준150!$CN$10:$EF$10,1,$G20)<=15),"") -> 3 | J20: =IFERROR((INDEX(_calc_기준150!$CN$10:$EF$10,1,$B20)>15)*(INDEX(_calc_기준150!$CN$10:$EF$10,1,$B20)<=30)+(INDEX(_calc_기준150!$CN$10:$EF$10,1,$C20)>15)*(INDEX(_calc_기준150!$CN$10:$EF$10,1,$C20)<=30)+(INDEX(_calc_기준150!$CN$10:$EF$10,1,$D20)>15)*(INDEX(_calc_기준150!$CN$10:$EF$10,1,$D20)<=30)+(INDEX(_calc_기준150!$CN$10:$EF$10,1,$E20)>15)*(INDEX(_calc_기준150!$CN$10:$EF$10,1,$E20)<=30)+(INDEX(_calc_기준150!$CN$10:$EF$10,1,$F20)>15)*(INDEX(_calc_기준150!$CN$10:$EF$10,1,$F20)<=30)+(INDEX(_calc_기준150!$CN$10:$EF$10,1,$G20)>15)*(INDEX(_calc_기준150!$CN$10:$EF$10,1,$G20)<=30),"") -> 3 | K20: =IFERROR((INDEX(_calc_기준150!$CN$10:$EF$10,1,$B20)>30)+(INDEX(_calc_기준150!$CN$10:$EF$10,1,$C20)>30)+(INDEX(_calc_기준150!$CN$10:$EF$10,1,$D20)>30)+(INDEX(_calc_기준150!$CN$10:$EF$10,1,$E20)>30)+(INDEX(_calc_기준150!$CN$10:$EF$10,1,$F20)>30)+(INDEX(_calc_기준150!$CN$10:$EF$10,1,$G20)>30),"") -> 0 | L20: =IFERROR(MATCH(L$11,_calc_기준150!$CN$10:$EF$10,0),"") -> 21 | M20: =IFERROR(MATCH(M$11,_calc_기준150!$CN$10:$EF$10,0),"") -> 34 | N20: =IFERROR(MATCH(N$11,_calc_기준150!$CN$10:$EF$10,0),"") -> 40 | O20: =IFERROR(MATCH(O$11,_calc_기준150!$CN$10:$EF$10,0),"") -> 6 | P20: =IFERROR(MATCH(P$11,_calc_기준150!$CN$10:$EF$10,0),"") -> 7 | Q20: =IFERROR(MATCH(Q$11,_calc_기준150!$CN$10:$EF$10,0),"") -> 33 | R20: =IFERROR(MATCH(R$11,_calc_기준150!$CN$10:$EF$10,0),"") -> 11 | S20: =IFERROR(MATCH(S$11,_calc_기준150!$CN$10:$EF$10,0),"") -> 12 | ... BD20: =IFERROR(MATCH(BD$11,_calc_기준150!$CN$10:$EF$10,0),"") -> 4
A21: =A20-1 -> 1235 | B21: =IFERROR(INDEX(전체당첨내역!$B:$B,MATCH($A21,전체당첨내역!$A:$A,0)),"") -> 6 | C21: =IFERROR(INDEX(전체당첨내역!$C:$C,MATCH($A21,전체당첨내역!$A:$A,0)),"") -> 7 | D21: =IFERROR(INDEX(전체당첨내역!$D:$D,MATCH($A21,전체당첨내역!$A:$A,0)),"") -> 11 | E21: =IFERROR(INDEX(전체당첨내역!$E:$E,MATCH($A21,전체당첨내역!$A:$A,0)),"") -> 15 | F21: =IFERROR(INDEX(전체당첨내역!$F:$F,MATCH($A21,전체당첨내역!$A:$A,0)),"") -> 39 | G21: =IFERROR(INDEX(전체당첨내역!$G:$G,MATCH($A21,전체당첨내역!$A:$A,0)),"") -> 43 | H21: =IFERROR(INDEX(전체당첨내역!$H:$H,MATCH($A21,전체당첨내역!$A:$A,0)),"") -> 20 | I21: =IFERROR((INDEX(_calc_기준150!$CN$11:$EF$11,1,$B21)>0)*(INDEX(_calc_기준150!$CN$11:$EF$11,1,$B21)<=15)+(INDEX(_calc_기준150!$CN$11:$EF$11,1,$C21)>0)*(INDEX(_calc_기준150!$CN$11:$EF$11,1,$C21)<=15)+(INDEX(_calc_기준150!$CN$11:$EF$11,1,$D21)>0)*(INDEX(_calc_기준150!$CN$11:$EF$11,1,$D21)<=15)+(INDEX(_calc_기준150!$CN$11:$EF$11,1,$E21)>0)*(INDEX(_calc_기준150!$CN$11:$EF$11,1,$E21)<=15)+(INDEX(_calc_기준150!$CN$11:$EF$11,1,$F21)>0)*(INDEX(_calc_기준150!$CN$11:$EF$11,1,$F21)<=15)+(INDEX(_calc_기준150!$CN$11:$EF$11,1,$G21)>0)*(INDEX(_calc_기준150!$CN$11:$EF$11,1,$G21)<=15),"") -> 3 | J21: =IFERROR((INDEX(_calc_기준150!$CN$11:$EF$11,1,$B21)>15)*(INDEX(_calc_기준150!$CN$11:$EF$11,1,$B21)<=30)+(INDEX(_calc_기준150!$CN$11:$EF$11,1,$C21)>15)*(INDEX(_calc_기준150!$CN$11:$EF$11,1,$C21)<=30)+(INDEX(_calc_기준150!$CN$11:$EF$11,1,$D21)>15)*(INDEX(_calc_기준150!$CN$11:$EF$11,1,$D21)<=30)+(INDEX(_calc_기준150!$CN$11:$EF$11,1,$E21)>15)*(INDEX(_calc_기준150!$CN$11:$EF$11,1,$E21)<=30)+(INDEX(_calc_기준150!$CN$11:$EF$11,1,$F21)>15)*(INDEX(_calc_기준150!$CN$11:$EF$11,1,$F21)<=30)+(INDEX(_calc_기준150!$CN$11:$EF$11,1,$G21)>15)*(INDEX(_calc_기준150!$CN$11:$EF$11,1,$G21)<=30),"") -> 3 | K21: =IFERROR((INDEX(_calc_기준150!$CN$11:$EF$11,1,$B21)>30)+(INDEX(_calc_기준150!$CN$11:$EF$11,1,$C21)>30)+(INDEX(_calc_기준150!$CN$11:$EF$11,1,$D21)>30)+(INDEX(_calc_기준150!$CN$11:$EF$11,1,$E21)>30)+(INDEX(_calc_기준150!$CN$11:$EF$11,1,$F21)>30)+(INDEX(_calc_기준150!$CN$11:$EF$11,1,$G21)>30),"") -> 0 | L21: =IFERROR(MATCH(L$11,_calc_기준150!$CN$11:$EF$11,0),"") -> 7 | M21: =IFERROR(MATCH(M$11,_calc_기준150!$CN$11:$EF$11,0),"") -> 21 | N21: =IFERROR(MATCH(N$11,_calc_기준150!$CN$11:$EF$11,0),"") -> 40 | O21: =IFERROR(MATCH(O$11,_calc_기준150!$CN$11:$EF$11,0),"") -> 34 | P21: =IFERROR(MATCH(P$11,_calc_기준150!$CN$11:$EF$11,0),"") -> 44 | Q21: =IFERROR(MATCH(Q$11,_calc_기준150!$CN$11:$EF$11,0),"") -> 6 | R21: =IFERROR(MATCH(R$11,_calc_기준150!$CN$11:$EF$11,0),"") -> 33 | S21: =IFERROR(MATCH(S$11,_calc_기준150!$CN$11:$EF$11,0),"") -> 11 | ... BD21: =IFERROR(MATCH(BD$11,_calc_기준150!$CN$11:$EF$11,0),"") -> 22
A22: =A21-1 -> 1234 | B22: =IFERROR(INDEX(전체당첨내역!$B:$B,MATCH($A22,전체당첨내역!$A:$A,0)),"") -> 1 | C22: =IFERROR(INDEX(전체당첨내역!$C:$C,MATCH($A22,전체당첨내역!$A:$A,0)),"") -> 15 | D22: =IFERROR(INDEX(전체당첨내역!$D:$D,MATCH($A22,전체당첨내역!$A:$A,0)),"") -> 19 | E22: =IFERROR(INDEX(전체당첨내역!$E:$E,MATCH($A22,전체당첨내역!$A:$A,0)),"") -> 31 | F22: =IFERROR(INDEX(전체당첨내역!$F:$F,MATCH($A22,전체당첨내역!$A:$A,0)),"") -> 35 | G22: =IFERROR(INDEX(전체당첨내역!$G:$G,MATCH($A22,전체당첨내역!$A:$A,0)),"") -> 43 | H22: =IFERROR(INDEX(전체당첨내역!$H:$H,MATCH($A22,전체당첨내역!$A:$A,0)),"") -> 27 | I22: =IFERROR((INDEX(_calc_기준150!$CN$12:$EF$12,1,$B22)>0)*(INDEX(_calc_기준150!$CN$12:$EF$12,1,$B22)<=15)+(INDEX(_calc_기준150!$CN$12:$EF$12,1,$C22)>0)*(INDEX(_calc_기준150!$CN$12:$EF$12,1,$C22)<=15)+(INDEX(_calc_기준150!$CN$12:$EF$12,1,$D22)>0)*(INDEX(_calc_기준150!$CN$12:$EF$12,1,$D22)<=15)+(INDEX(_calc_기준150!$CN$12:$EF$12,1,$E22)>0)*(INDEX(_calc_기준150!$CN$12:$EF$12,1,$E22)<=15)+(INDEX(_calc_기준150!$CN$12:$EF$12,1,$F22)>0)*(INDEX(_calc_기준150!$CN$12:$EF$12,1,$F22)<=15)+(INDEX(_calc_기준150!$CN$12:$EF$12,1,$G22)>0)*(INDEX(_calc_기준150!$CN$12:$EF$12,1,$G22)<=15),"") -> 1 | J22: =IFERROR((INDEX(_calc_기준150!$CN$12:$EF$12,1,$B22)>15)*(INDEX(_calc_기준150!$CN$12:$EF$12,1,$B22)<=30)+(INDEX(_calc_기준150!$CN$12:$EF$12,1,$C22)>15)*(INDEX(_calc_기준150!$CN$12:$EF$12,1,$C22)<=30)+(INDEX(_calc_기준150!$CN$12:$EF$12,1,$D22)>15)*(INDEX(_calc_기준150!$CN$12:$EF$12,1,$D22)<=30)+(INDEX(_calc_기준150!$CN$12:$EF$12,1,$E22)>15)*(INDEX(_calc_기준150!$CN$12:$EF$12,1,$E22)<=30)+(INDEX(_calc_기준150!$CN$12:$EF$12,1,$F22)>15)*(INDEX(_calc_기준150!$CN$12:$EF$12,1,$F22)<=30)+(INDEX(_calc_기준150!$CN$12:$EF$12,1,$G22)>15)*(INDEX(_calc_기준150!$CN$12:$EF$12,1,$G22)<=30),"") -> 2 | K22: =IFERROR((INDEX(_calc_기준150!$CN$12:$EF$12,1,$B22)>30)+(INDEX(_calc_기준150!$CN$12:$EF$12,1,$C22)>30)+(INDEX(_calc_기준150!$CN$12:$EF$12,1,$D22)>30)+(INDEX(_calc_기준150!$CN$12:$EF$12,1,$E22)>30)+(INDEX(_calc_기준150!$CN$12:$EF$12,1,$F22)>30)+(INDEX(_calc_기준150!$CN$12:$EF$12,1,$G22)>30),"") -> 3 | L22: =IFERROR(MATCH(L$11,_calc_기준150!$CN$12:$EF$12,0),"") -> 7 | M22: =IFERROR(MATCH(M$11,_calc_기준150!$CN$12:$EF$12,0),"") -> 21 | N22: =IFERROR(MATCH(N$11,_calc_기준150!$CN$12:$EF$12,0),"") -> 34 | O22: =IFERROR(MATCH(O$11,_calc_기준150!$CN$12:$EF$12,0),"") -> 40 | P22: =IFERROR(MATCH(P$11,_calc_기준150!$CN$12:$EF$12,0),"") -> 6 | Q22: =IFERROR(MATCH(Q$11,_calc_기준150!$CN$12:$EF$12,0),"") -> 30 | R22: =IFERROR(MATCH(R$11,_calc_기준150!$CN$12:$EF$12,0),"") -> 44 | S22: =IFERROR(MATCH(S$11,_calc_기준150!$CN$12:$EF$12,0),"") -> 33 | ... BD22: =IFERROR(MATCH(BD$11,_calc_기준150!$CN$12:$EF$12,0),"") -> 23
A23: =A22-1 -> 1233 | B23: =IFERROR(INDEX(전체당첨내역!$B:$B,MATCH($A23,전체당첨내역!$A:$A,0)),"") -> 2 | C23: =IFERROR(INDEX(전체당첨내역!$C:$C,MATCH($A23,전체당첨내역!$A:$A,0)),"") -> 7 | D23: =IFERROR(INDEX(전체당첨내역!$D:$D,MATCH($A23,전체당첨내역!$A:$A,0)),"") -> 20 | E23: =IFERROR(INDEX(전체당첨내역!$E:$E,MATCH($A23,전체당첨내역!$A:$A,0)),"") -> 25 | F23: =IFERROR(INDEX(전체당첨내역!$F:$F,MATCH($A23,전체당첨내역!$A:$A,0)),"") -> 37 | G23: =IFERROR(INDEX(전체당첨내역!$G:$G,MATCH($A23,전체당첨내역!$A:$A,0)),"") -> 40 | H23: =IFERROR(INDEX(전체당첨내역!$H:$H,MATCH($A23,전체당첨내역!$A:$A,0)),"") -> 29 | I23: =IFERROR((INDEX(_calc_기준150!$CN$13:$EF$13,1,$B23)>0)*(INDEX(_calc_기준150!$CN$13:$EF$13,1,$B23)<=15)+(INDEX(_calc_기준150!$CN$13:$EF$13,1,$C23)>0)*(INDEX(_calc_기준150!$CN$13:$EF$13,1,$C23)<=15)+(INDEX(_calc_기준150!$CN$13:$EF$13,1,$D23)>0)*(INDEX(_calc_기준150!$CN$13:$EF$13,1,$D23)<=15)+(INDEX(_calc_기준150!$CN$13:$EF$13,1,$E23)>0)*(INDEX(_calc_기준150!$CN$13:$EF$13,1,$E23)<=15)+(INDEX(_calc_기준150!$CN$13:$EF$13,1,$F23)>0)*(INDEX(_calc_기준150!$CN$13:$EF$13,1,$F23)<=15)+(INDEX(_calc_기준150!$CN$13:$EF$13,1,$G23)>0)*(INDEX(_calc_기준150!$CN$13:$EF$13,1,$G23)<=15),"") -> 4 | J23: =IFERROR((INDEX(_calc_기준150!$CN$13:$EF$13,1,$B23)>15)*(INDEX(_calc_기준150!$CN$13:$EF$13,1,$B23)<=30)+(INDEX(_calc_기준150!$CN$13:$EF$13,1,$C23)>15)*(INDEX(_calc_기준150!$CN$13:$EF$13,1,$C23)<=30)+(INDEX(_calc_기준150!$CN$13:$EF$13,1,$D23)>15)*(INDEX(_calc_기준150!$CN$13:$EF$13,1,$D23)<=30)+(INDEX(_calc_기준150!$CN$13:$EF$13,1,$E23)>15)*(INDEX(_calc_기준150!$CN$13:$EF$13,1,$E23)<=30)+(INDEX(_calc_기준150!$CN$13:$EF$13,1,$F23)>15)*(INDEX(_calc_기준150!$CN$13:$EF$13,1,$F23)<=30)+(INDEX(_calc_기준150!$CN$13:$EF$13,1,$G23)>15)*(INDEX(_calc_기준150!$CN$13:$EF$13,1,$G23)<=30),"") -> 0 | K23: =IFERROR((INDEX(_calc_기준150!$CN$13:$EF$13,1,$B23)>30)+(INDEX(_calc_기준150!$CN$13:$EF$13,1,$C23)>30)+(INDEX(_calc_기준150!$CN$13:$EF$13,1,$D23)>30)+(INDEX(_calc_기준150!$CN$13:$EF$13,1,$E23)>30)+(INDEX(_calc_기준150!$CN$13:$EF$13,1,$F23)>30)+(INDEX(_calc_기준150!$CN$13:$EF$13,1,$G23)>30),"") -> 2 | L23: =IFERROR(MATCH(L$11,_calc_기준150!$CN$13:$EF$13,0),"") -> 7 | M23: =IFERROR(MATCH(M$11,_calc_기준150!$CN$13:$EF$13,0),"") -> 21 | N23: =IFERROR(MATCH(N$11,_calc_기준150!$CN$13:$EF$13,0),"") -> 40 | O23: =IFERROR(MATCH(O$11,_calc_기준150!$CN$13:$EF$13,0),"") -> 34 | P23: =IFERROR(MATCH(P$11,_calc_기준150!$CN$13:$EF$13,0),"") -> 6 | Q23: =IFERROR(MATCH(Q$11,_calc_기준150!$CN$13:$EF$13,0),"") -> 11 | R23: =IFERROR(MATCH(R$11,_calc_기준150!$CN$13:$EF$13,0),"") -> 30 | S23: =IFERROR(MATCH(S$11,_calc_기준150!$CN$13:$EF$13,0),"") -> 33 | ... BD23: =IFERROR(MATCH(BD$11,_calc_기준150!$CN$13:$EF$13,0),"") -> 23
A24: =A23-1 -> 1232 | B24: =IFERROR(INDEX(전체당첨내역!$B:$B,MATCH($A24,전체당첨내역!$A:$A,0)),"") -> 12 | C24: =IFERROR(INDEX(전체당첨내역!$C:$C,MATCH($A24,전체당첨내역!$A:$A,0)),"") -> 15 | D24: =IFERROR(INDEX(전체당첨내역!$D:$D,MATCH($A24,전체당첨내역!$A:$A,0)),"") -> 19 | E24: =IFERROR(INDEX(전체당첨내역!$E:$E,MATCH($A24,전체당첨내역!$A:$A,0)),"") -> 22 | F24: =IFERROR(INDEX(전체당첨내역!$F:$F,MATCH($A24,전체당첨내역!$A:$A,0)),"") -> 24 | G24: =IFERROR(INDEX(전체당첨내역!$G:$G,MATCH($A24,전체당첨내역!$A:$A,0)),"") -> 36 | H24: =IFERROR(INDEX(전체당첨내역!$H:$H,MATCH($A24,전체당첨내역!$A:$A,0)),"") -> 3 | I24: =IFERROR((INDEX(_calc_기준150!$CN$14:$EF$14,1,$B24)>0)*(INDEX(_calc_기준150!$CN$14:$EF$14,1,$B24)<=15)+(INDEX(_calc_기준150!$CN$14:$EF$14,1,$C24)>0)*(INDEX(_calc_기준150!$CN$14:$EF$14,1,$C24)<=15)+(INDEX(_calc_기준150!$CN$14:$EF$14,1,$D24)>0)*(INDEX(_calc_기준150!$CN$14:$EF$14,1,$D24)<=15)+(INDEX(_calc_기준150!$CN$14:$EF$14,1,$E24)>0)*(INDEX(_calc_기준150!$CN$14:$EF$14,1,$E24)<=15)+(INDEX(_calc_기준150!$CN$14:$EF$14,1,$F24)>0)*(INDEX(_calc_기준150!$CN$14:$EF$14,1,$F24)<=15)+(INDEX(_calc_기준150!$CN$14:$EF$14,1,$G24)>0)*(INDEX(_calc_기준150!$CN$14:$EF$14,1,$G24)<=15),"") -> 1 | J24: =IFERROR((INDEX(_calc_기준150!$CN$14:$EF$14,1,$B24)>15)*(INDEX(_calc_기준150!$CN$14:$EF$14,1,$B24)<=30)+(INDEX(_calc_기준150!$CN$14:$EF$14,1,$C24)>15)*(INDEX(_calc_기준150!$CN$14:$EF$14,1,$C24)<=30)+(INDEX(_calc_기준150!$CN$14:$EF$14,1,$D24)>15)*(INDEX(_calc_기준150!$CN$14:$EF$14,1,$D24)<=30)+(INDEX(_calc_기준150!$CN$14:$EF$14,1,$E24)>15)*(INDEX(_calc_기준150!$CN$14:$EF$14,1,$E24)<=30)+(INDEX(_calc_기준150!$CN$14:$EF$14,1,$F24)>15)*(INDEX(_calc_기준150!$CN$14:$EF$14,1,$F24)<=30)+(INDEX(_calc_기준150!$CN$14:$EF$14,1,$G24)>15)*(INDEX(_calc_기준150!$CN$14:$EF$14,1,$G24)<=30),"") -> 3 | K24: =IFERROR((INDEX(_calc_기준150!$CN$14:$EF$14,1,$B24)>30)+(INDEX(_calc_기준150!$CN$14:$EF$14,1,$C24)>30)+(INDEX(_calc_기준150!$CN$14:$EF$14,1,$D24)>30)+(INDEX(_calc_기준150!$CN$14:$EF$14,1,$E24)>30)+(INDEX(_calc_기준150!$CN$14:$EF$14,1,$F24)>30)+(INDEX(_calc_기준150!$CN$14:$EF$14,1,$G24)>30),"") -> 2 | L24: =IFERROR(MATCH(L$11,_calc_기준150!$CN$14:$EF$14,0),"") -> 7 | M24: =IFERROR(MATCH(M$11,_calc_기준150!$CN$14:$EF$14,0),"") -> 21 | N24: =IFERROR(MATCH(N$11,_calc_기준150!$CN$14:$EF$14,0),"") -> 34 | O24: =IFERROR(MATCH(O$11,_calc_기준150!$CN$14:$EF$14,0),"") -> 40 | P24: =IFERROR(MATCH(P$11,_calc_기준150!$CN$14:$EF$14,0),"") -> 12 | Q24: =IFERROR(MATCH(Q$11,_calc_기준150!$CN$14:$EF$14,0),"") -> 6 | R24: =IFERROR(MATCH(R$11,_calc_기준150!$CN$14:$EF$14,0),"") -> 11 | S24: =IFERROR(MATCH(S$11,_calc_기준150!$CN$14:$EF$14,0),"") -> 30 | ... BD24: =IFERROR(MATCH(BD$11,_calc_기준150!$CN$14:$EF$14,0),"") -> 23
A25: =A24-1 -> 1231 | B25: =IFERROR(INDEX(전체당첨내역!$B:$B,MATCH($A25,전체당첨내역!$A:$A,0)),"") -> 4 | C25: =IFERROR(INDEX(전체당첨내역!$C:$C,MATCH($A25,전체당첨내역!$A:$A,0)),"") -> 13 | D25: =IFERROR(INDEX(전체당첨내역!$D:$D,MATCH($A25,전체당첨내역!$A:$A,0)),"") -> 14 | E25: =IFERROR(INDEX(전체당첨내역!$E:$E,MATCH($A25,전체당첨내역!$A:$A,0)),"") -> 18 | F25: =IFERROR(INDEX(전체당첨내역!$F:$F,MATCH($A25,전체당첨내역!$A:$A,0)),"") -> 31 | G25: =IFERROR(INDEX(전체당첨내역!$G:$G,MATCH($A25,전체당첨내역!$A:$A,0)),"") -> 38 | H25: =IFERROR(INDEX(전체당첨내역!$H:$H,MATCH($A25,전체당첨내역!$A:$A,0)),"") -> 15 | I25: =IFERROR((INDEX(_calc_기준150!$CN$15:$EF$15,1,$B25)>0)*(INDEX(_calc_기준150!$CN$15:$EF$15,1,$B25)<=15)+(INDEX(_calc_기준150!$CN$15:$EF$15,1,$C25)>0)*(INDEX(_calc_기준150!$CN$15:$EF$15,1,$C25)<=15)+(INDEX(_calc_기준150!$CN$15:$EF$15,1,$D25)>0)*(INDEX(_calc_기준150!$CN$15:$EF$15,1,$D25)<=15)+(INDEX(_calc_기준150!$CN$15:$EF$15,1,$E25)>0)*(INDEX(_calc_기준150!$CN$15:$EF$15,1,$E25)<=15)+(INDEX(_calc_기준150!$CN$15:$EF$15,1,$F25)>0)*(INDEX(_calc_기준150!$CN$15:$EF$15,1,$F25)<=15)+(INDEX(_calc_기준150!$CN$15:$EF$15,1,$G25)>0)*(INDEX(_calc_기준150!$CN$15:$EF$15,1,$G25)<=15),"") -> 3 | J25: =IFERROR((INDEX(_calc_기준150!$CN$15:$EF$15,1,$B25)>15)*(INDEX(_calc_기준150!$CN$15:$EF$15,1,$B25)<=30)+(INDEX(_calc_기준150!$CN$15:$EF$15,1,$C25)>15)*(INDEX(_calc_기준150!$CN$15:$EF$15,1,$C25)<=30)+(INDEX(_calc_기준150!$CN$15:$EF$15,1,$D25)>15)*(INDEX(_calc_기준150!$CN$15:$EF$15,1,$D25)<=30)+(INDEX(_calc_기준150!$CN$15:$EF$15,1,$E25)>15)*(INDEX(_calc_기준150!$CN$15:$EF$15,1,$E25)<=30)+(INDEX(_calc_기준150!$CN$15:$EF$15,1,$F25)>15)*(INDEX(_calc_기준150!$CN$15:$EF$15,1,$F25)<=30)+(INDEX(_calc_기준150!$CN$15:$EF$15,1,$G25)>15)*(INDEX(_calc_기준150!$CN$15:$EF$15,1,$G25)<=30),"") -> 1 | K25: =IFERROR((INDEX(_calc_기준150!$CN$15:$EF$15,1,$B25)>30)+(INDEX(_calc_기준150!$CN$15:$EF$15,1,$C25)>30)+(INDEX(_calc_기준150!$CN$15:$EF$15,1,$D25)>30)+(INDEX(_calc_기준150!$CN$15:$EF$15,1,$E25)>30)+(INDEX(_calc_기준150!$CN$15:$EF$15,1,$F25)>30)+(INDEX(_calc_기준150!$CN$15:$EF$15,1,$G25)>30),"") -> 2 | L25: =IFERROR(MATCH(L$11,_calc_기준150!$CN$15:$EF$15,0),"") -> 7 | M25: =IFERROR(MATCH(M$11,_calc_기준150!$CN$15:$EF$15,0),"") -> 21 | N25: =IFERROR(MATCH(N$11,_calc_기준150!$CN$15:$EF$15,0),"") -> 12 | O25: =IFERROR(MATCH(O$11,_calc_기준150!$CN$15:$EF$15,0),"") -> 34 | P25: =IFERROR(MATCH(P$11,_calc_기준150!$CN$15:$EF$15,0),"") -> 40 | Q25: =IFERROR(MATCH(Q$11,_calc_기준150!$CN$15:$EF$15,0),"") -> 38 | R25: =IFERROR(MATCH(R$11,_calc_기준150!$CN$15:$EF$15,0),"") -> 6 | S25: =IFERROR(MATCH(S$11,_calc_기준150!$CN$15:$EF$15,0),"") -> 11 | ... BD25: =IFERROR(MATCH(BD$11,_calc_기준150!$CN$15:$EF$15,0),"") -> 23
